-- phpMyAdmin SQL Dump
-- version 4.8.3
-- https://www.phpmyadmin.net/
--
-- Host: mysql
-- Generation Time: Oct 17, 2018 at 01:22 PM
-- Server version: 5.7.23
-- PHP Version: 7.2.8

SET SQL_MODE = "NO_AUTO_VALUE_ON_ZERO";
SET AUTOCOMMIT = 0;
START TRANSACTION;
SET time_zone = "+00:00";


/*!40101 SET @OLD_CHARACTER_SET_CLIENT=@@CHARACTER_SET_CLIENT */;
/*!40101 SET @OLD_CHARACTER_SET_RESULTS=@@CHARACTER_SET_RESULTS */;
/*!40101 SET @OLD_COLLATION_CONNECTION=@@COLLATION_CONNECTION */;
/*!40101 SET NAMES utf8mb4 */;

--
-- Database: `supplium_db`
--

-- --------------------------------------------------------

--
-- Table structure for table `activity_log`
--

CREATE TABLE `activity_log` (
  `id` int(10) UNSIGNED NOT NULL,
  `user_id` int(11) DEFAULT NULL,
  `text` varchar(255) COLLATE utf8mb4_unicode_ci NOT NULL,
  `ip_address` varchar(64) COLLATE utf8mb4_unicode_ci NOT NULL,
  `created_at` timestamp NULL DEFAULT NULL,
  `updated_at` timestamp NULL DEFAULT NULL
) ENGINE=InnoDB DEFAULT CHARSET=utf8mb4 COLLATE=utf8mb4_unicode_ci;

--
-- Dumping data for table `activity_log`
--

INSERT INTO `activity_log` (`id`, `user_id`, `text`, `ip_address`, `created_at`, `updated_at`) VALUES
(1, NULL, 'created | id => 1 @ User Model', '127.0.0.1', '2018-10-17 15:18:11', '2018-10-17 15:18:11'),
(2, NULL, 'created | id => 2 @ User Model', '127.0.0.1', '2018-10-17 15:18:11', '2018-10-17 15:18:11'),
(3, NULL, 'created | id => 3 @ User Model', '127.0.0.1', '2018-10-17 15:18:11', '2018-10-17 15:18:11'),
(4, NULL, 'created | id => 4 @ User Model', '127.0.0.1', '2018-10-17 15:18:12', '2018-10-17 15:18:12'),
(5, NULL, 'created | id => 5 @ User Model', '127.0.0.1', '2018-10-17 15:18:12', '2018-10-17 15:18:12'),
(6, NULL, 'created | id => 6 @ User Model', '127.0.0.1', '2018-10-17 15:18:12', '2018-10-17 15:18:12'),
(7, NULL, 'created | id => 7 @ User Model', '127.0.0.1', '2018-10-17 15:18:12', '2018-10-17 15:18:12'),
(8, NULL, 'created | id => 8 @ User Model', '127.0.0.1', '2018-10-17 15:18:12', '2018-10-17 15:18:12'),
(9, NULL, 'created | id => 9 @ User Model', '127.0.0.1', '2018-10-17 15:18:12', '2018-10-17 15:18:12'),
(10, NULL, 'created | id => 10 @ User Model', '127.0.0.1', '2018-10-17 15:18:12', '2018-10-17 15:18:12'),
(11, NULL, 'created | id => 11 @ User Model', '127.0.0.1', '2018-10-17 15:18:12', '2018-10-17 15:18:12'),
(12, NULL, 'created | id => 12 @ User Model', '127.0.0.1', '2018-10-17 15:18:12', '2018-10-17 15:18:12'),
(13, NULL, 'created | id => 13 @ User Model', '127.0.0.1', '2018-10-17 15:18:12', '2018-10-17 15:18:12'),
(14, NULL, 'created | id => 14 @ User Model', '127.0.0.1', '2018-10-17 15:18:12', '2018-10-17 15:18:12'),
(15, NULL, 'created | id => 15 @ User Model', '127.0.0.1', '2018-10-17 15:18:12', '2018-10-17 15:18:12'),
(16, NULL, 'created | id => 16 @ User Model', '127.0.0.1', '2018-10-17 15:18:12', '2018-10-17 15:18:12'),
(17, NULL, 'created | id => 17 @ User Model', '127.0.0.1', '2018-10-17 15:18:13', '2018-10-17 15:18:13'),
(18, NULL, 'created | id => 18 @ User Model', '127.0.0.1', '2018-10-17 15:18:13', '2018-10-17 15:18:13'),
(19, NULL, 'created | id => 19 @ User Model', '127.0.0.1', '2018-10-17 15:18:13', '2018-10-17 15:18:13'),
(20, NULL, 'created | id => 20 @ User Model', '127.0.0.1', '2018-10-17 15:18:13', '2018-10-17 15:18:13'),
(21, NULL, 'created | id => 21 @ User Model', '127.0.0.1', '2018-10-17 15:18:13', '2018-10-17 15:18:13'),
(22, NULL, 'created | id => 22 @ User Model', '127.0.0.1', '2018-10-17 15:18:13', '2018-10-17 15:18:13'),
(23, NULL, 'created | id => 23 @ User Model', '127.0.0.1', '2018-10-17 15:18:13', '2018-10-17 15:18:13'),
(24, NULL, 'created | id => 24 @ User Model', '127.0.0.1', '2018-10-17 15:18:13', '2018-10-17 15:18:13'),
(25, NULL, 'created | id => 25 @ User Model', '127.0.0.1', '2018-10-17 15:18:13', '2018-10-17 15:18:13'),
(26, NULL, 'created | id => 26 @ User Model', '127.0.0.1', '2018-10-17 15:18:13', '2018-10-17 15:18:13'),
(27, NULL, 'created | id => 27 @ User Model', '127.0.0.1', '2018-10-17 15:18:13', '2018-10-17 15:18:13'),
(28, NULL, 'created | id => 28 @ User Model', '127.0.0.1', '2018-10-17 15:18:13', '2018-10-17 15:18:13'),
(29, NULL, 'created | id => 29 @ User Model', '127.0.0.1', '2018-10-17 15:18:14', '2018-10-17 15:18:14'),
(30, NULL, 'created | id => 30 @ User Model', '127.0.0.1', '2018-10-17 15:18:14', '2018-10-17 15:18:14'),
(31, NULL, 'created | id => 31 @ User Model', '127.0.0.1', '2018-10-17 15:18:14', '2018-10-17 15:18:14'),
(32, NULL, 'created | id => 32 @ User Model', '127.0.0.1', '2018-10-17 15:18:14', '2018-10-17 15:18:14'),
(33, NULL, 'created | id => 33 @ User Model', '127.0.0.1', '2018-10-17 15:18:14', '2018-10-17 15:18:14'),
(34, NULL, 'created | id => 34 @ User Model', '127.0.0.1', '2018-10-17 15:18:14', '2018-10-17 15:18:14'),
(35, NULL, 'created | id => 35 @ User Model', '127.0.0.1', '2018-10-17 15:18:14', '2018-10-17 15:18:14'),
(36, NULL, 'created | id => 36 @ User Model', '127.0.0.1', '2018-10-17 15:18:14', '2018-10-17 15:18:14'),
(37, NULL, 'created | id => 37 @ User Model', '127.0.0.1', '2018-10-17 15:18:14', '2018-10-17 15:18:14'),
(38, NULL, 'created | id => 38 @ User Model', '127.0.0.1', '2018-10-17 15:18:14', '2018-10-17 15:18:14'),
(39, NULL, 'created | id => 39 @ User Model', '127.0.0.1', '2018-10-17 15:18:14', '2018-10-17 15:18:14'),
(40, NULL, 'created | id => 40 @ User Model', '127.0.0.1', '2018-10-17 15:18:14', '2018-10-17 15:18:14'),
(41, NULL, 'created | id => 41 @ User Model', '127.0.0.1', '2018-10-17 15:18:15', '2018-10-17 15:18:15'),
(42, NULL, 'created | id => 42 @ User Model', '127.0.0.1', '2018-10-17 15:18:15', '2018-10-17 15:18:15'),
(43, NULL, 'created | id => 43 @ User Model', '127.0.0.1', '2018-10-17 15:18:15', '2018-10-17 15:18:15'),
(44, NULL, 'created | id => 44 @ User Model', '127.0.0.1', '2018-10-17 15:18:15', '2018-10-17 15:18:15'),
(45, NULL, 'created | id => 45 @ User Model', '127.0.0.1', '2018-10-17 15:18:15', '2018-10-17 15:18:15'),
(46, NULL, 'created | id => 46 @ User Model', '127.0.0.1', '2018-10-17 15:18:15', '2018-10-17 15:18:15'),
(47, NULL, 'created | id => 47 @ User Model', '127.0.0.1', '2018-10-17 15:18:15', '2018-10-17 15:18:15'),
(48, NULL, 'created | id => 48 @ User Model', '127.0.0.1', '2018-10-17 15:18:15', '2018-10-17 15:18:15'),
(49, NULL, 'created | id => 49 @ User Model', '127.0.0.1', '2018-10-17 15:18:15', '2018-10-17 15:18:15'),
(50, NULL, 'created | id => 50 @ User Model', '127.0.0.1', '2018-10-17 15:18:15', '2018-10-17 15:18:15'),
(51, NULL, 'created | id => 51 @ User Model', '127.0.0.1', '2018-10-17 15:18:15', '2018-10-17 15:18:15'),
(52, NULL, 'created | id => 1 @ Company Model', '127.0.0.1', '2018-10-17 15:18:15', '2018-10-17 15:18:15'),
(53, NULL, 'created | id => 2 @ Company Model', '127.0.0.1', '2018-10-17 15:18:15', '2018-10-17 15:18:15'),
(54, NULL, 'created | id => 3 @ Company Model', '127.0.0.1', '2018-10-17 15:18:15', '2018-10-17 15:18:15'),
(55, NULL, 'created | id => 4 @ Company Model', '127.0.0.1', '2018-10-17 15:18:15', '2018-10-17 15:18:15'),
(56, NULL, 'created | id => 5 @ Company Model', '127.0.0.1', '2018-10-17 15:18:15', '2018-10-17 15:18:15'),
(57, NULL, 'created | id => 6 @ Company Model', '127.0.0.1', '2018-10-17 15:18:16', '2018-10-17 15:18:16'),
(58, NULL, 'created | id => 7 @ Company Model', '127.0.0.1', '2018-10-17 15:18:16', '2018-10-17 15:18:16'),
(59, NULL, 'created | id => 8 @ Company Model', '127.0.0.1', '2018-10-17 15:18:16', '2018-10-17 15:18:16'),
(60, NULL, 'created | id => 9 @ Company Model', '127.0.0.1', '2018-10-17 15:18:16', '2018-10-17 15:18:16'),
(61, NULL, 'created | id => 10 @ Company Model', '127.0.0.1', '2018-10-17 15:18:16', '2018-10-17 15:18:16'),
(62, NULL, 'created | id => 11 @ Company Model', '127.0.0.1', '2018-10-17 15:18:16', '2018-10-17 15:18:16'),
(63, NULL, 'created | id => 12 @ Company Model', '127.0.0.1', '2018-10-17 15:18:16', '2018-10-17 15:18:16'),
(64, NULL, 'created | id => 13 @ Company Model', '127.0.0.1', '2018-10-17 15:18:16', '2018-10-17 15:18:16'),
(65, NULL, 'created | id => 14 @ Company Model', '127.0.0.1', '2018-10-17 15:18:16', '2018-10-17 15:18:16'),
(66, NULL, 'created | id => 15 @ Company Model', '127.0.0.1', '2018-10-17 15:18:16', '2018-10-17 15:18:16'),
(67, NULL, 'created | id => 16 @ Company Model', '127.0.0.1', '2018-10-17 15:18:16', '2018-10-17 15:18:16'),
(68, NULL, 'created | id => 17 @ Company Model', '127.0.0.1', '2018-10-17 15:18:16', '2018-10-17 15:18:16'),
(69, NULL, 'created | id => 18 @ Company Model', '127.0.0.1', '2018-10-17 15:18:16', '2018-10-17 15:18:16'),
(70, NULL, 'created | id => 19 @ Company Model', '127.0.0.1', '2018-10-17 15:18:16', '2018-10-17 15:18:16'),
(71, NULL, 'created | id => 20 @ Company Model', '127.0.0.1', '2018-10-17 15:18:16', '2018-10-17 15:18:16'),
(72, NULL, 'created | id => 21 @ Company Model', '127.0.0.1', '2018-10-17 15:18:16', '2018-10-17 15:18:16'),
(73, NULL, 'created | id => 22 @ Company Model', '127.0.0.1', '2018-10-17 15:18:16', '2018-10-17 15:18:16'),
(74, NULL, 'created | id => 23 @ Company Model', '127.0.0.1', '2018-10-17 15:18:16', '2018-10-17 15:18:16'),
(75, NULL, 'created | id => 24 @ Company Model', '127.0.0.1', '2018-10-17 15:18:16', '2018-10-17 15:18:16'),
(76, NULL, 'created | id => 25 @ Company Model', '127.0.0.1', '2018-10-17 15:18:16', '2018-10-17 15:18:16'),
(77, NULL, 'created | id => 26 @ Company Model', '127.0.0.1', '2018-10-17 15:18:16', '2018-10-17 15:18:16'),
(78, NULL, 'created | id => 27 @ Company Model', '127.0.0.1', '2018-10-17 15:18:16', '2018-10-17 15:18:16'),
(79, NULL, 'created | id => 28 @ Company Model', '127.0.0.1', '2018-10-17 15:18:16', '2018-10-17 15:18:16'),
(80, NULL, 'created | id => 29 @ Company Model', '127.0.0.1', '2018-10-17 15:18:16', '2018-10-17 15:18:16'),
(81, NULL, 'created | id => 30 @ Company Model', '127.0.0.1', '2018-10-17 15:18:16', '2018-10-17 15:18:16'),
(82, NULL, 'created | id => 31 @ Company Model', '127.0.0.1', '2018-10-17 15:18:16', '2018-10-17 15:18:16'),
(83, NULL, 'created | id => 32 @ Company Model', '127.0.0.1', '2018-10-17 15:18:16', '2018-10-17 15:18:16'),
(84, NULL, 'created | id => 33 @ Company Model', '127.0.0.1', '2018-10-17 15:18:16', '2018-10-17 15:18:16'),
(85, NULL, 'created | id => 34 @ Company Model', '127.0.0.1', '2018-10-17 15:18:16', '2018-10-17 15:18:16'),
(86, NULL, 'created | id => 35 @ Company Model', '127.0.0.1', '2018-10-17 15:18:16', '2018-10-17 15:18:16'),
(87, NULL, 'created | id => 36 @ Company Model', '127.0.0.1', '2018-10-17 15:18:16', '2018-10-17 15:18:16'),
(88, NULL, 'created | id => 37 @ Company Model', '127.0.0.1', '2018-10-17 15:18:16', '2018-10-17 15:18:16'),
(89, NULL, 'created | id => 38 @ Company Model', '127.0.0.1', '2018-10-17 15:18:16', '2018-10-17 15:18:16'),
(90, NULL, 'created | id => 39 @ Company Model', '127.0.0.1', '2018-10-17 15:18:16', '2018-10-17 15:18:16'),
(91, NULL, 'created | id => 40 @ Company Model', '127.0.0.1', '2018-10-17 15:18:16', '2018-10-17 15:18:16'),
(92, NULL, 'created | id => 41 @ Company Model', '127.0.0.1', '2018-10-17 15:18:16', '2018-10-17 15:18:16'),
(93, NULL, 'created | id => 42 @ Company Model', '127.0.0.1', '2018-10-17 15:18:16', '2018-10-17 15:18:16'),
(94, NULL, 'created | id => 43 @ Company Model', '127.0.0.1', '2018-10-17 15:18:16', '2018-10-17 15:18:16'),
(95, NULL, 'created | id => 44 @ Company Model', '127.0.0.1', '2018-10-17 15:18:16', '2018-10-17 15:18:16'),
(96, NULL, 'created | id => 45 @ Company Model', '127.0.0.1', '2018-10-17 15:18:16', '2018-10-17 15:18:16'),
(97, NULL, 'created | id => 46 @ Company Model', '127.0.0.1', '2018-10-17 15:18:16', '2018-10-17 15:18:16'),
(98, NULL, 'created | id => 47 @ Company Model', '127.0.0.1', '2018-10-17 15:18:16', '2018-10-17 15:18:16'),
(99, NULL, 'created | id => 48 @ Company Model', '127.0.0.1', '2018-10-17 15:18:16', '2018-10-17 15:18:16'),
(100, NULL, 'created | id => 49 @ Company Model', '127.0.0.1', '2018-10-17 15:18:16', '2018-10-17 15:18:16'),
(101, NULL, 'created | id => 50 @ Company Model', '127.0.0.1', '2018-10-17 15:18:16', '2018-10-17 15:18:16'),
(102, NULL, 'created | id => 1 @ Brand Model', '127.0.0.1', '2018-10-17 15:18:16', '2018-10-17 15:18:16'),
(103, NULL, 'created | id => 2 @ Brand Model', '127.0.0.1', '2018-10-17 15:18:16', '2018-10-17 15:18:16'),
(104, NULL, 'created | id => 3 @ Brand Model', '127.0.0.1', '2018-10-17 15:18:16', '2018-10-17 15:18:16'),
(105, NULL, 'created | id => 4 @ Brand Model', '127.0.0.1', '2018-10-17 15:18:16', '2018-10-17 15:18:16'),
(106, NULL, 'created | id => 5 @ Brand Model', '127.0.0.1', '2018-10-17 15:18:16', '2018-10-17 15:18:16'),
(107, NULL, 'created | id => 6 @ Brand Model', '127.0.0.1', '2018-10-17 15:18:16', '2018-10-17 15:18:16'),
(108, NULL, 'created | id => 7 @ Brand Model', '127.0.0.1', '2018-10-17 15:18:16', '2018-10-17 15:18:16'),
(109, NULL, 'created | id => 8 @ Brand Model', '127.0.0.1', '2018-10-17 15:18:16', '2018-10-17 15:18:16'),
(110, NULL, 'created | id => 9 @ Brand Model', '127.0.0.1', '2018-10-17 15:18:16', '2018-10-17 15:18:16'),
(111, NULL, 'created | id => 10 @ Brand Model', '127.0.0.1', '2018-10-17 15:18:16', '2018-10-17 15:18:16'),
(112, NULL, 'created | id => 11 @ Brand Model', '127.0.0.1', '2018-10-17 15:18:16', '2018-10-17 15:18:16'),
(113, NULL, 'created | id => 12 @ Brand Model', '127.0.0.1', '2018-10-17 15:18:16', '2018-10-17 15:18:16'),
(114, NULL, 'created | id => 13 @ Brand Model', '127.0.0.1', '2018-10-17 15:18:17', '2018-10-17 15:18:17'),
(115, NULL, 'created | id => 14 @ Brand Model', '127.0.0.1', '2018-10-17 15:18:17', '2018-10-17 15:18:17'),
(116, NULL, 'created | id => 15 @ Brand Model', '127.0.0.1', '2018-10-17 15:18:17', '2018-10-17 15:18:17'),
(117, NULL, 'created | id => 16 @ Brand Model', '127.0.0.1', '2018-10-17 15:18:17', '2018-10-17 15:18:17'),
(118, NULL, 'created | id => 17 @ Brand Model', '127.0.0.1', '2018-10-17 15:18:17', '2018-10-17 15:18:17'),
(119, NULL, 'created | id => 18 @ Brand Model', '127.0.0.1', '2018-10-17 15:18:17', '2018-10-17 15:18:17'),
(120, NULL, 'created | id => 19 @ Brand Model', '127.0.0.1', '2018-10-17 15:18:17', '2018-10-17 15:18:17'),
(121, NULL, 'created | id => 20 @ Brand Model', '127.0.0.1', '2018-10-17 15:18:17', '2018-10-17 15:18:17'),
(122, NULL, 'created | id => 21 @ Brand Model', '127.0.0.1', '2018-10-17 15:18:17', '2018-10-17 15:18:17'),
(123, NULL, 'created | id => 22 @ Brand Model', '127.0.0.1', '2018-10-17 15:18:17', '2018-10-17 15:18:17'),
(124, NULL, 'created | id => 23 @ Brand Model', '127.0.0.1', '2018-10-17 15:18:17', '2018-10-17 15:18:17'),
(125, NULL, 'created | id => 24 @ Brand Model', '127.0.0.1', '2018-10-17 15:18:17', '2018-10-17 15:18:17'),
(126, NULL, 'created | id => 25 @ Brand Model', '127.0.0.1', '2018-10-17 15:18:17', '2018-10-17 15:18:17'),
(127, NULL, 'created | id => 26 @ Brand Model', '127.0.0.1', '2018-10-17 15:18:17', '2018-10-17 15:18:17'),
(128, NULL, 'created | id => 27 @ Brand Model', '127.0.0.1', '2018-10-17 15:18:17', '2018-10-17 15:18:17'),
(129, NULL, 'created | id => 28 @ Brand Model', '127.0.0.1', '2018-10-17 15:18:17', '2018-10-17 15:18:17'),
(130, NULL, 'created | id => 29 @ Brand Model', '127.0.0.1', '2018-10-17 15:18:17', '2018-10-17 15:18:17'),
(131, NULL, 'created | id => 30 @ Brand Model', '127.0.0.1', '2018-10-17 15:18:17', '2018-10-17 15:18:17'),
(132, NULL, 'created | id => 31 @ Brand Model', '127.0.0.1', '2018-10-17 15:18:17', '2018-10-17 15:18:17'),
(133, NULL, 'created | id => 32 @ Brand Model', '127.0.0.1', '2018-10-17 15:18:17', '2018-10-17 15:18:17'),
(134, NULL, 'created | id => 33 @ Brand Model', '127.0.0.1', '2018-10-17 15:18:17', '2018-10-17 15:18:17'),
(135, NULL, 'created | id => 34 @ Brand Model', '127.0.0.1', '2018-10-17 15:18:17', '2018-10-17 15:18:17'),
(136, NULL, 'created | id => 35 @ Brand Model', '127.0.0.1', '2018-10-17 15:18:17', '2018-10-17 15:18:17'),
(137, NULL, 'created | id => 36 @ Brand Model', '127.0.0.1', '2018-10-17 15:18:17', '2018-10-17 15:18:17'),
(138, NULL, 'created | id => 37 @ Brand Model', '127.0.0.1', '2018-10-17 15:18:17', '2018-10-17 15:18:17'),
(139, NULL, 'created | id => 38 @ Brand Model', '127.0.0.1', '2018-10-17 15:18:17', '2018-10-17 15:18:17'),
(140, NULL, 'created | id => 39 @ Brand Model', '127.0.0.1', '2018-10-17 15:18:17', '2018-10-17 15:18:17'),
(141, NULL, 'created | id => 40 @ Brand Model', '127.0.0.1', '2018-10-17 15:18:17', '2018-10-17 15:18:17'),
(142, NULL, 'created | id => 41 @ Brand Model', '127.0.0.1', '2018-10-17 15:18:17', '2018-10-17 15:18:17'),
(143, NULL, 'created | id => 42 @ Brand Model', '127.0.0.1', '2018-10-17 15:18:17', '2018-10-17 15:18:17'),
(144, NULL, 'created | id => 43 @ Brand Model', '127.0.0.1', '2018-10-17 15:18:17', '2018-10-17 15:18:17'),
(145, NULL, 'created | id => 44 @ Brand Model', '127.0.0.1', '2018-10-17 15:18:17', '2018-10-17 15:18:17'),
(146, NULL, 'created | id => 45 @ Brand Model', '127.0.0.1', '2018-10-17 15:18:17', '2018-10-17 15:18:17'),
(147, NULL, 'created | id => 46 @ Brand Model', '127.0.0.1', '2018-10-17 15:18:17', '2018-10-17 15:18:17'),
(148, NULL, 'created | id => 47 @ Brand Model', '127.0.0.1', '2018-10-17 15:18:17', '2018-10-17 15:18:17'),
(149, NULL, 'created | id => 48 @ Brand Model', '127.0.0.1', '2018-10-17 15:18:17', '2018-10-17 15:18:17'),
(150, NULL, 'created | id => 49 @ Brand Model', '127.0.0.1', '2018-10-17 15:18:17', '2018-10-17 15:18:17'),
(151, NULL, 'created | id => 50 @ Brand Model', '127.0.0.1', '2018-10-17 15:18:17', '2018-10-17 15:18:17'),
(152, NULL, 'created | id => 1 @ Outlet Model', '127.0.0.1', '2018-10-17 15:18:17', '2018-10-17 15:18:17'),
(153, NULL, 'created | id => 2 @ Outlet Model', '127.0.0.1', '2018-10-17 15:18:17', '2018-10-17 15:18:17'),
(154, NULL, 'created | id => 3 @ Outlet Model', '127.0.0.1', '2018-10-17 15:18:17', '2018-10-17 15:18:17'),
(155, NULL, 'created | id => 4 @ Outlet Model', '127.0.0.1', '2018-10-17 15:18:17', '2018-10-17 15:18:17'),
(156, NULL, 'created | id => 5 @ Outlet Model', '127.0.0.1', '2018-10-17 15:18:17', '2018-10-17 15:18:17'),
(157, NULL, 'created | id => 6 @ Outlet Model', '127.0.0.1', '2018-10-17 15:18:17', '2018-10-17 15:18:17'),
(158, NULL, 'created | id => 7 @ Outlet Model', '127.0.0.1', '2018-10-17 15:18:17', '2018-10-17 15:18:17'),
(159, NULL, 'created | id => 8 @ Outlet Model', '127.0.0.1', '2018-10-17 15:18:17', '2018-10-17 15:18:17'),
(160, NULL, 'created | id => 9 @ Outlet Model', '127.0.0.1', '2018-10-17 15:18:17', '2018-10-17 15:18:17'),
(161, NULL, 'created | id => 10 @ Outlet Model', '127.0.0.1', '2018-10-17 15:18:17', '2018-10-17 15:18:17'),
(162, NULL, 'created | id => 11 @ Outlet Model', '127.0.0.1', '2018-10-17 15:18:17', '2018-10-17 15:18:17'),
(163, NULL, 'created | id => 12 @ Outlet Model', '127.0.0.1', '2018-10-17 15:18:17', '2018-10-17 15:18:17'),
(164, NULL, 'created | id => 13 @ Outlet Model', '127.0.0.1', '2018-10-17 15:18:17', '2018-10-17 15:18:17'),
(165, NULL, 'created | id => 14 @ Outlet Model', '127.0.0.1', '2018-10-17 15:18:17', '2018-10-17 15:18:17'),
(166, NULL, 'created | id => 15 @ Outlet Model', '127.0.0.1', '2018-10-17 15:18:17', '2018-10-17 15:18:17'),
(167, NULL, 'created | id => 16 @ Outlet Model', '127.0.0.1', '2018-10-17 15:18:17', '2018-10-17 15:18:17'),
(168, NULL, 'created | id => 17 @ Outlet Model', '127.0.0.1', '2018-10-17 15:18:17', '2018-10-17 15:18:17'),
(169, NULL, 'created | id => 18 @ Outlet Model', '127.0.0.1', '2018-10-17 15:18:17', '2018-10-17 15:18:17'),
(170, NULL, 'created | id => 19 @ Outlet Model', '127.0.0.1', '2018-10-17 15:18:17', '2018-10-17 15:18:17'),
(171, NULL, 'created | id => 20 @ Outlet Model', '127.0.0.1', '2018-10-17 15:18:18', '2018-10-17 15:18:18'),
(172, NULL, 'created | id => 21 @ Outlet Model', '127.0.0.1', '2018-10-17 15:18:18', '2018-10-17 15:18:18'),
(173, NULL, 'created | id => 22 @ Outlet Model', '127.0.0.1', '2018-10-17 15:18:18', '2018-10-17 15:18:18'),
(174, NULL, 'created | id => 23 @ Outlet Model', '127.0.0.1', '2018-10-17 15:18:18', '2018-10-17 15:18:18'),
(175, NULL, 'created | id => 24 @ Outlet Model', '127.0.0.1', '2018-10-17 15:18:18', '2018-10-17 15:18:18'),
(176, NULL, 'created | id => 25 @ Outlet Model', '127.0.0.1', '2018-10-17 15:18:18', '2018-10-17 15:18:18'),
(177, NULL, 'created | id => 26 @ Outlet Model', '127.0.0.1', '2018-10-17 15:18:18', '2018-10-17 15:18:18'),
(178, NULL, 'created | id => 27 @ Outlet Model', '127.0.0.1', '2018-10-17 15:18:18', '2018-10-17 15:18:18'),
(179, NULL, 'created | id => 28 @ Outlet Model', '127.0.0.1', '2018-10-17 15:18:18', '2018-10-17 15:18:18'),
(180, NULL, 'created | id => 29 @ Outlet Model', '127.0.0.1', '2018-10-17 15:18:18', '2018-10-17 15:18:18'),
(181, NULL, 'created | id => 30 @ Outlet Model', '127.0.0.1', '2018-10-17 15:18:18', '2018-10-17 15:18:18'),
(182, NULL, 'created | id => 31 @ Outlet Model', '127.0.0.1', '2018-10-17 15:18:18', '2018-10-17 15:18:18'),
(183, NULL, 'created | id => 32 @ Outlet Model', '127.0.0.1', '2018-10-17 15:18:18', '2018-10-17 15:18:18'),
(184, NULL, 'created | id => 33 @ Outlet Model', '127.0.0.1', '2018-10-17 15:18:18', '2018-10-17 15:18:18'),
(185, NULL, 'created | id => 34 @ Outlet Model', '127.0.0.1', '2018-10-17 15:18:18', '2018-10-17 15:18:18'),
(186, NULL, 'created | id => 35 @ Outlet Model', '127.0.0.1', '2018-10-17 15:18:18', '2018-10-17 15:18:18'),
(187, NULL, 'created | id => 36 @ Outlet Model', '127.0.0.1', '2018-10-17 15:18:18', '2018-10-17 15:18:18'),
(188, NULL, 'created | id => 37 @ Outlet Model', '127.0.0.1', '2018-10-17 15:18:18', '2018-10-17 15:18:18'),
(189, NULL, 'created | id => 38 @ Outlet Model', '127.0.0.1', '2018-10-17 15:18:18', '2018-10-17 15:18:18'),
(190, NULL, 'created | id => 39 @ Outlet Model', '127.0.0.1', '2018-10-17 15:18:18', '2018-10-17 15:18:18'),
(191, NULL, 'created | id => 40 @ Outlet Model', '127.0.0.1', '2018-10-17 15:18:18', '2018-10-17 15:18:18'),
(192, NULL, 'created | id => 41 @ Outlet Model', '127.0.0.1', '2018-10-17 15:18:18', '2018-10-17 15:18:18'),
(193, NULL, 'created | id => 42 @ Outlet Model', '127.0.0.1', '2018-10-17 15:18:18', '2018-10-17 15:18:18'),
(194, NULL, 'created | id => 43 @ Outlet Model', '127.0.0.1', '2018-10-17 15:18:18', '2018-10-17 15:18:18'),
(195, NULL, 'created | id => 44 @ Outlet Model', '127.0.0.1', '2018-10-17 15:18:18', '2018-10-17 15:18:18'),
(196, NULL, 'created | id => 45 @ Outlet Model', '127.0.0.1', '2018-10-17 15:18:18', '2018-10-17 15:18:18'),
(197, NULL, 'created | id => 46 @ Outlet Model', '127.0.0.1', '2018-10-17 15:18:18', '2018-10-17 15:18:18'),
(198, NULL, 'created | id => 47 @ Outlet Model', '127.0.0.1', '2018-10-17 15:18:18', '2018-10-17 15:18:18'),
(199, NULL, 'created | id => 48 @ Outlet Model', '127.0.0.1', '2018-10-17 15:18:18', '2018-10-17 15:18:18'),
(200, NULL, 'created | id => 49 @ Outlet Model', '127.0.0.1', '2018-10-17 15:18:18', '2018-10-17 15:18:18'),
(201, NULL, 'created | id => 50 @ Outlet Model', '127.0.0.1', '2018-10-17 15:18:18', '2018-10-17 15:18:18'),
(202, NULL, 'created | id => 1 @ Plan Model', '127.0.0.1', '2018-10-17 15:18:18', '2018-10-17 15:18:18'),
(203, NULL, 'created | id => 2 @ Plan Model', '127.0.0.1', '2018-10-17 15:18:18', '2018-10-17 15:18:18'),
(204, NULL, 'created | id => 3 @ Plan Model', '127.0.0.1', '2018-10-17 15:18:18', '2018-10-17 15:18:18'),
(205, NULL, 'created | id => 1 @ Category Model', '127.0.0.1', '2018-10-17 15:18:18', '2018-10-17 15:18:18'),
(206, NULL, 'created | id => 2 @ Category Model', '127.0.0.1', '2018-10-17 15:18:18', '2018-10-17 15:18:18'),
(207, NULL, 'created | id => 3 @ Category Model', '127.0.0.1', '2018-10-17 15:18:18', '2018-10-17 15:18:18'),
(208, NULL, 'created | id => 4 @ Category Model', '127.0.0.1', '2018-10-17 15:18:18', '2018-10-17 15:18:18'),
(209, NULL, 'created | id => 5 @ Category Model', '127.0.0.1', '2018-10-17 15:18:18', '2018-10-17 15:18:18'),
(210, NULL, 'created | id => 6 @ Category Model', '127.0.0.1', '2018-10-17 15:18:18', '2018-10-17 15:18:18'),
(211, NULL, 'created | id => 7 @ Category Model', '127.0.0.1', '2018-10-17 15:18:18', '2018-10-17 15:18:18'),
(212, NULL, 'created | id => 8 @ Category Model', '127.0.0.1', '2018-10-17 15:18:18', '2018-10-17 15:18:18'),
(213, NULL, 'created | id => 9 @ Category Model', '127.0.0.1', '2018-10-17 15:18:18', '2018-10-17 15:18:18'),
(214, NULL, 'created | id => 10 @ Category Model', '127.0.0.1', '2018-10-17 15:18:18', '2018-10-17 15:18:18'),
(215, NULL, 'created | id => 11 @ Category Model', '127.0.0.1', '2018-10-17 15:18:18', '2018-10-17 15:18:18'),
(216, NULL, 'created | id => 12 @ Category Model', '127.0.0.1', '2018-10-17 15:18:18', '2018-10-17 15:18:18'),
(217, NULL, 'created | id => 13 @ Category Model', '127.0.0.1', '2018-10-17 15:18:18', '2018-10-17 15:18:18'),
(218, NULL, 'created | id => 14 @ Category Model', '127.0.0.1', '2018-10-17 15:18:18', '2018-10-17 15:18:18'),
(219, NULL, 'created | id => 15 @ Category Model', '127.0.0.1', '2018-10-17 15:18:18', '2018-10-17 15:18:18'),
(220, NULL, 'created | id => 16 @ Category Model', '127.0.0.1', '2018-10-17 15:18:18', '2018-10-17 15:18:18'),
(221, NULL, 'created | id => 17 @ Category Model', '127.0.0.1', '2018-10-17 15:18:18', '2018-10-17 15:18:18'),
(222, NULL, 'created | id => 18 @ Category Model', '127.0.0.1', '2018-10-17 15:18:18', '2018-10-17 15:18:18'),
(223, NULL, 'created | id => 19 @ Category Model', '127.0.0.1', '2018-10-17 15:18:18', '2018-10-17 15:18:18'),
(224, NULL, 'created | id => 20 @ Category Model', '127.0.0.1', '2018-10-17 15:18:18', '2018-10-17 15:18:18'),
(225, NULL, 'created | id => 21 @ Category Model', '127.0.0.1', '2018-10-17 15:18:18', '2018-10-17 15:18:18'),
(226, NULL, 'created | id => 22 @ Category Model', '127.0.0.1', '2018-10-17 15:18:18', '2018-10-17 15:18:18'),
(227, NULL, 'created | id => 23 @ Category Model', '127.0.0.1', '2018-10-17 15:18:18', '2018-10-17 15:18:18'),
(228, NULL, 'created | id => 24 @ Category Model', '127.0.0.1', '2018-10-17 15:18:18', '2018-10-17 15:18:18'),
(229, NULL, 'created | id => 25 @ Category Model', '127.0.0.1', '2018-10-17 15:18:19', '2018-10-17 15:18:19'),
(230, NULL, 'created | id => 26 @ Category Model', '127.0.0.1', '2018-10-17 15:18:19', '2018-10-17 15:18:19'),
(231, NULL, 'created | id => 27 @ Category Model', '127.0.0.1', '2018-10-17 15:18:19', '2018-10-17 15:18:19'),
(232, NULL, 'created | id => 28 @ Category Model', '127.0.0.1', '2018-10-17 15:18:19', '2018-10-17 15:18:19'),
(233, NULL, 'created | id => 29 @ Category Model', '127.0.0.1', '2018-10-17 15:18:19', '2018-10-17 15:18:19'),
(234, NULL, 'created | id => 30 @ Category Model', '127.0.0.1', '2018-10-17 15:18:19', '2018-10-17 15:18:19'),
(235, NULL, 'created | id => 31 @ Category Model', '127.0.0.1', '2018-10-17 15:18:19', '2018-10-17 15:18:19'),
(236, NULL, 'created | id => 32 @ Category Model', '127.0.0.1', '2018-10-17 15:18:19', '2018-10-17 15:18:19'),
(237, NULL, 'created | id => 33 @ Category Model', '127.0.0.1', '2018-10-17 15:18:19', '2018-10-17 15:18:19'),
(238, NULL, 'created | id => 34 @ Category Model', '127.0.0.1', '2018-10-17 15:18:19', '2018-10-17 15:18:19'),
(239, NULL, 'created | id => 35 @ Category Model', '127.0.0.1', '2018-10-17 15:18:19', '2018-10-17 15:18:19'),
(240, NULL, 'created | id => 36 @ Category Model', '127.0.0.1', '2018-10-17 15:18:19', '2018-10-17 15:18:19'),
(241, NULL, 'created | id => 37 @ Category Model', '127.0.0.1', '2018-10-17 15:18:19', '2018-10-17 15:18:19'),
(242, NULL, 'created | id => 38 @ Category Model', '127.0.0.1', '2018-10-17 15:18:19', '2018-10-17 15:18:19'),
(243, NULL, 'created | id => 39 @ Category Model', '127.0.0.1', '2018-10-17 15:18:19', '2018-10-17 15:18:19'),
(244, NULL, 'created | id => 40 @ Category Model', '127.0.0.1', '2018-10-17 15:18:19', '2018-10-17 15:18:19'),
(245, NULL, 'created | id => 41 @ Category Model', '127.0.0.1', '2018-10-17 15:18:19', '2018-10-17 15:18:19'),
(246, NULL, 'created | id => 42 @ Category Model', '127.0.0.1', '2018-10-17 15:18:19', '2018-10-17 15:18:19'),
(247, NULL, 'created | id => 43 @ Category Model', '127.0.0.1', '2018-10-17 15:18:19', '2018-10-17 15:18:19'),
(248, NULL, 'created | id => 44 @ Category Model', '127.0.0.1', '2018-10-17 15:18:19', '2018-10-17 15:18:19'),
(249, NULL, 'created | id => 45 @ Category Model', '127.0.0.1', '2018-10-17 15:18:19', '2018-10-17 15:18:19'),
(250, NULL, 'created | id => 46 @ Category Model', '127.0.0.1', '2018-10-17 15:18:19', '2018-10-17 15:18:19'),
(251, NULL, 'created | id => 47 @ Category Model', '127.0.0.1', '2018-10-17 15:18:19', '2018-10-17 15:18:19'),
(252, NULL, 'created | id => 48 @ Category Model', '127.0.0.1', '2018-10-17 15:18:19', '2018-10-17 15:18:19'),
(253, NULL, 'created | id => 49 @ Category Model', '127.0.0.1', '2018-10-17 15:18:19', '2018-10-17 15:18:19'),
(254, NULL, 'created | id => 50 @ Category Model', '127.0.0.1', '2018-10-17 15:18:19', '2018-10-17 15:18:19'),
(255, NULL, 'created | id => 1 @ Supplier Model', '127.0.0.1', '2018-10-17 15:18:19', '2018-10-17 15:18:19'),
(256, NULL, 'created | id => 2 @ Supplier Model', '127.0.0.1', '2018-10-17 15:18:19', '2018-10-17 15:18:19'),
(257, NULL, 'created | id => 3 @ Supplier Model', '127.0.0.1', '2018-10-17 15:18:19', '2018-10-17 15:18:19'),
(258, NULL, 'created | id => 4 @ Supplier Model', '127.0.0.1', '2018-10-17 15:18:19', '2018-10-17 15:18:19'),
(259, NULL, 'created | id => 5 @ Supplier Model', '127.0.0.1', '2018-10-17 15:18:19', '2018-10-17 15:18:19'),
(260, NULL, 'created | id => 6 @ Supplier Model', '127.0.0.1', '2018-10-17 15:18:19', '2018-10-17 15:18:19'),
(261, NULL, 'created | id => 7 @ Supplier Model', '127.0.0.1', '2018-10-17 15:18:19', '2018-10-17 15:18:19'),
(262, NULL, 'created | id => 8 @ Supplier Model', '127.0.0.1', '2018-10-17 15:18:19', '2018-10-17 15:18:19'),
(263, NULL, 'created | id => 9 @ Supplier Model', '127.0.0.1', '2018-10-17 15:18:19', '2018-10-17 15:18:19'),
(264, NULL, 'created | id => 10 @ Supplier Model', '127.0.0.1', '2018-10-17 15:18:19', '2018-10-17 15:18:19'),
(265, NULL, 'created | id => 11 @ Supplier Model', '127.0.0.1', '2018-10-17 15:18:19', '2018-10-17 15:18:19'),
(266, NULL, 'created | id => 12 @ Supplier Model', '127.0.0.1', '2018-10-17 15:18:19', '2018-10-17 15:18:19'),
(267, NULL, 'created | id => 13 @ Supplier Model', '127.0.0.1', '2018-10-17 15:18:19', '2018-10-17 15:18:19'),
(268, NULL, 'created | id => 14 @ Supplier Model', '127.0.0.1', '2018-10-17 15:18:19', '2018-10-17 15:18:19'),
(269, NULL, 'created | id => 15 @ Supplier Model', '127.0.0.1', '2018-10-17 15:18:19', '2018-10-17 15:18:19'),
(270, NULL, 'created | id => 16 @ Supplier Model', '127.0.0.1', '2018-10-17 15:18:19', '2018-10-17 15:18:19'),
(271, NULL, 'created | id => 17 @ Supplier Model', '127.0.0.1', '2018-10-17 15:18:19', '2018-10-17 15:18:19'),
(272, NULL, 'created | id => 18 @ Supplier Model', '127.0.0.1', '2018-10-17 15:18:19', '2018-10-17 15:18:19'),
(273, NULL, 'created | id => 19 @ Supplier Model', '127.0.0.1', '2018-10-17 15:18:19', '2018-10-17 15:18:19'),
(274, NULL, 'created | id => 20 @ Supplier Model', '127.0.0.1', '2018-10-17 15:18:19', '2018-10-17 15:18:19'),
(275, NULL, 'created | id => 21 @ Supplier Model', '127.0.0.1', '2018-10-17 15:18:19', '2018-10-17 15:18:19'),
(276, NULL, 'created | id => 22 @ Supplier Model', '127.0.0.1', '2018-10-17 15:18:19', '2018-10-17 15:18:19'),
(277, NULL, 'created | id => 23 @ Supplier Model', '127.0.0.1', '2018-10-17 15:18:19', '2018-10-17 15:18:19'),
(278, NULL, 'created | id => 24 @ Supplier Model', '127.0.0.1', '2018-10-17 15:18:19', '2018-10-17 15:18:19'),
(279, NULL, 'created | id => 25 @ Supplier Model', '127.0.0.1', '2018-10-17 15:18:19', '2018-10-17 15:18:19'),
(280, NULL, 'created | id => 26 @ Supplier Model', '127.0.0.1', '2018-10-17 15:18:19', '2018-10-17 15:18:19'),
(281, NULL, 'created | id => 27 @ Supplier Model', '127.0.0.1', '2018-10-17 15:18:19', '2018-10-17 15:18:19'),
(282, NULL, 'created | id => 28 @ Supplier Model', '127.0.0.1', '2018-10-17 15:18:19', '2018-10-17 15:18:19'),
(283, NULL, 'created | id => 29 @ Supplier Model', '127.0.0.1', '2018-10-17 15:18:19', '2018-10-17 15:18:19'),
(284, NULL, 'created | id => 30 @ Supplier Model', '127.0.0.1', '2018-10-17 15:18:19', '2018-10-17 15:18:19'),
(285, NULL, 'created | id => 31 @ Supplier Model', '127.0.0.1', '2018-10-17 15:18:19', '2018-10-17 15:18:19'),
(286, NULL, 'created | id => 32 @ Supplier Model', '127.0.0.1', '2018-10-17 15:18:19', '2018-10-17 15:18:19'),
(287, NULL, 'created | id => 33 @ Supplier Model', '127.0.0.1', '2018-10-17 15:18:20', '2018-10-17 15:18:20'),
(288, NULL, 'created | id => 34 @ Supplier Model', '127.0.0.1', '2018-10-17 15:18:20', '2018-10-17 15:18:20'),
(289, NULL, 'created | id => 35 @ Supplier Model', '127.0.0.1', '2018-10-17 15:18:20', '2018-10-17 15:18:20'),
(290, NULL, 'created | id => 36 @ Supplier Model', '127.0.0.1', '2018-10-17 15:18:20', '2018-10-17 15:18:20'),
(291, NULL, 'created | id => 37 @ Supplier Model', '127.0.0.1', '2018-10-17 15:18:20', '2018-10-17 15:18:20'),
(292, NULL, 'created | id => 38 @ Supplier Model', '127.0.0.1', '2018-10-17 15:18:20', '2018-10-17 15:18:20'),
(293, NULL, 'created | id => 39 @ Supplier Model', '127.0.0.1', '2018-10-17 15:18:20', '2018-10-17 15:18:20'),
(294, NULL, 'created | id => 40 @ Supplier Model', '127.0.0.1', '2018-10-17 15:18:20', '2018-10-17 15:18:20'),
(295, NULL, 'created | id => 41 @ Supplier Model', '127.0.0.1', '2018-10-17 15:18:20', '2018-10-17 15:18:20'),
(296, NULL, 'created | id => 42 @ Supplier Model', '127.0.0.1', '2018-10-17 15:18:20', '2018-10-17 15:18:20'),
(297, NULL, 'created | id => 43 @ Supplier Model', '127.0.0.1', '2018-10-17 15:18:20', '2018-10-17 15:18:20'),
(298, NULL, 'created | id => 44 @ Supplier Model', '127.0.0.1', '2018-10-17 15:18:20', '2018-10-17 15:18:20'),
(299, NULL, 'created | id => 45 @ Supplier Model', '127.0.0.1', '2018-10-17 15:18:20', '2018-10-17 15:18:20'),
(300, NULL, 'created | id => 46 @ Supplier Model', '127.0.0.1', '2018-10-17 15:18:20', '2018-10-17 15:18:20'),
(301, NULL, 'created | id => 47 @ Supplier Model', '127.0.0.1', '2018-10-17 15:18:20', '2018-10-17 15:18:20'),
(302, NULL, 'created | id => 48 @ Supplier Model', '127.0.0.1', '2018-10-17 15:18:20', '2018-10-17 15:18:20'),
(303, NULL, 'created | id => 49 @ Supplier Model', '127.0.0.1', '2018-10-17 15:18:20', '2018-10-17 15:18:20'),
(304, NULL, 'created | id => 50 @ Supplier Model', '127.0.0.1', '2018-10-17 15:18:20', '2018-10-17 15:18:20'),
(305, NULL, 'created | id => 1 @ Product Model', '127.0.0.1', '2018-10-17 15:18:20', '2018-10-17 15:18:20'),
(306, NULL, 'created | id => 2 @ Product Model', '127.0.0.1', '2018-10-17 15:18:20', '2018-10-17 15:18:20'),
(307, NULL, 'created | id => 3 @ Product Model', '127.0.0.1', '2018-10-17 15:18:20', '2018-10-17 15:18:20'),
(308, NULL, 'created | id => 4 @ Product Model', '127.0.0.1', '2018-10-17 15:18:20', '2018-10-17 15:18:20'),
(309, NULL, 'created | id => 5 @ Product Model', '127.0.0.1', '2018-10-17 15:18:20', '2018-10-17 15:18:20'),
(310, NULL, 'created | id => 6 @ Product Model', '127.0.0.1', '2018-10-17 15:18:20', '2018-10-17 15:18:20'),
(311, NULL, 'created | id => 7 @ Product Model', '127.0.0.1', '2018-10-17 15:18:20', '2018-10-17 15:18:20'),
(312, NULL, 'created | id => 8 @ Product Model', '127.0.0.1', '2018-10-17 15:18:20', '2018-10-17 15:18:20'),
(313, NULL, 'created | id => 9 @ Product Model', '127.0.0.1', '2018-10-17 15:18:20', '2018-10-17 15:18:20'),
(314, NULL, 'created | id => 10 @ Product Model', '127.0.0.1', '2018-10-17 15:18:20', '2018-10-17 15:18:20'),
(315, NULL, 'created | id => 11 @ Product Model', '127.0.0.1', '2018-10-17 15:18:20', '2018-10-17 15:18:20'),
(316, NULL, 'created | id => 12 @ Product Model', '127.0.0.1', '2018-10-17 15:18:20', '2018-10-17 15:18:20'),
(317, NULL, 'created | id => 13 @ Product Model', '127.0.0.1', '2018-10-17 15:18:20', '2018-10-17 15:18:20'),
(318, NULL, 'created | id => 14 @ Product Model', '127.0.0.1', '2018-10-17 15:18:20', '2018-10-17 15:18:20'),
(319, NULL, 'created | id => 15 @ Product Model', '127.0.0.1', '2018-10-17 15:18:20', '2018-10-17 15:18:20'),
(320, NULL, 'created | id => 16 @ Product Model', '127.0.0.1', '2018-10-17 15:18:20', '2018-10-17 15:18:20'),
(321, NULL, 'created | id => 17 @ Product Model', '127.0.0.1', '2018-10-17 15:18:20', '2018-10-17 15:18:20'),
(322, NULL, 'created | id => 18 @ Product Model', '127.0.0.1', '2018-10-17 15:18:20', '2018-10-17 15:18:20'),
(323, NULL, 'created | id => 19 @ Product Model', '127.0.0.1', '2018-10-17 15:18:20', '2018-10-17 15:18:20'),
(324, NULL, 'created | id => 20 @ Product Model', '127.0.0.1', '2018-10-17 15:18:20', '2018-10-17 15:18:20'),
(325, NULL, 'created | id => 21 @ Product Model', '127.0.0.1', '2018-10-17 15:18:20', '2018-10-17 15:18:20'),
(326, NULL, 'created | id => 22 @ Product Model', '127.0.0.1', '2018-10-17 15:18:20', '2018-10-17 15:18:20'),
(327, NULL, 'created | id => 23 @ Product Model', '127.0.0.1', '2018-10-17 15:18:20', '2018-10-17 15:18:20'),
(328, NULL, 'created | id => 24 @ Product Model', '127.0.0.1', '2018-10-17 15:18:20', '2018-10-17 15:18:20'),
(329, NULL, 'created | id => 25 @ Product Model', '127.0.0.1', '2018-10-17 15:18:20', '2018-10-17 15:18:20'),
(330, NULL, 'created | id => 26 @ Product Model', '127.0.0.1', '2018-10-17 15:18:20', '2018-10-17 15:18:20'),
(331, NULL, 'created | id => 27 @ Product Model', '127.0.0.1', '2018-10-17 15:18:20', '2018-10-17 15:18:20'),
(332, NULL, 'created | id => 28 @ Product Model', '127.0.0.1', '2018-10-17 15:18:20', '2018-10-17 15:18:20'),
(333, NULL, 'created | id => 29 @ Product Model', '127.0.0.1', '2018-10-17 15:18:20', '2018-10-17 15:18:20'),
(334, NULL, 'created | id => 30 @ Product Model', '127.0.0.1', '2018-10-17 15:18:20', '2018-10-17 15:18:20'),
(335, NULL, 'created | id => 31 @ Product Model', '127.0.0.1', '2018-10-17 15:18:20', '2018-10-17 15:18:20'),
(336, NULL, 'created | id => 32 @ Product Model', '127.0.0.1', '2018-10-17 15:18:20', '2018-10-17 15:18:20'),
(337, NULL, 'created | id => 33 @ Product Model', '127.0.0.1', '2018-10-17 15:18:20', '2018-10-17 15:18:20'),
(338, NULL, 'created | id => 34 @ Product Model', '127.0.0.1', '2018-10-17 15:18:20', '2018-10-17 15:18:20'),
(339, NULL, 'created | id => 35 @ Product Model', '127.0.0.1', '2018-10-17 15:18:20', '2018-10-17 15:18:20'),
(340, NULL, 'created | id => 36 @ Product Model', '127.0.0.1', '2018-10-17 15:18:20', '2018-10-17 15:18:20'),
(341, NULL, 'created | id => 37 @ Product Model', '127.0.0.1', '2018-10-17 15:18:20', '2018-10-17 15:18:20'),
(342, NULL, 'created | id => 38 @ Product Model', '127.0.0.1', '2018-10-17 15:18:20', '2018-10-17 15:18:20'),
(343, NULL, 'created | id => 39 @ Product Model', '127.0.0.1', '2018-10-17 15:18:20', '2018-10-17 15:18:20'),
(344, NULL, 'created | id => 40 @ Product Model', '127.0.0.1', '2018-10-17 15:18:20', '2018-10-17 15:18:20'),
(345, NULL, 'created | id => 41 @ Product Model', '127.0.0.1', '2018-10-17 15:18:20', '2018-10-17 15:18:20'),
(346, NULL, 'created | id => 42 @ Product Model', '127.0.0.1', '2018-10-17 15:18:21', '2018-10-17 15:18:21'),
(347, NULL, 'created | id => 43 @ Product Model', '127.0.0.1', '2018-10-17 15:18:21', '2018-10-17 15:18:21'),
(348, NULL, 'created | id => 44 @ Product Model', '127.0.0.1', '2018-10-17 15:18:21', '2018-10-17 15:18:21'),
(349, NULL, 'created | id => 45 @ Product Model', '127.0.0.1', '2018-10-17 15:18:21', '2018-10-17 15:18:21'),
(350, NULL, 'created | id => 46 @ Product Model', '127.0.0.1', '2018-10-17 15:18:21', '2018-10-17 15:18:21'),
(351, NULL, 'created | id => 47 @ Product Model', '127.0.0.1', '2018-10-17 15:18:21', '2018-10-17 15:18:21'),
(352, NULL, 'created | id => 48 @ Product Model', '127.0.0.1', '2018-10-17 15:18:21', '2018-10-17 15:18:21'),
(353, NULL, 'created | id => 49 @ Product Model', '127.0.0.1', '2018-10-17 15:18:21', '2018-10-17 15:18:21'),
(354, NULL, 'created | id => 50 @ Product Model', '127.0.0.1', '2018-10-17 15:18:21', '2018-10-17 15:18:21'),
(355, NULL, 'created | id => 1 @ Ad Model', '127.0.0.1', '2018-10-17 15:18:21', '2018-10-17 15:18:21'),
(356, NULL, 'created | id => 2 @ Ad Model', '127.0.0.1', '2018-10-17 15:18:21', '2018-10-17 15:18:21'),
(357, NULL, 'created | id => 3 @ Ad Model', '127.0.0.1', '2018-10-17 15:18:21', '2018-10-17 15:18:21'),
(358, NULL, 'created | id => 4 @ Ad Model', '127.0.0.1', '2018-10-17 15:18:21', '2018-10-17 15:18:21'),
(359, NULL, 'created | id => 5 @ Ad Model', '127.0.0.1', '2018-10-17 15:18:21', '2018-10-17 15:18:21'),
(360, NULL, 'created | id => 6 @ Ad Model', '127.0.0.1', '2018-10-17 15:18:21', '2018-10-17 15:18:21'),
(361, NULL, 'created | id => 7 @ Ad Model', '127.0.0.1', '2018-10-17 15:18:21', '2018-10-17 15:18:21'),
(362, NULL, 'created | id => 8 @ Ad Model', '127.0.0.1', '2018-10-17 15:18:21', '2018-10-17 15:18:21'),
(363, NULL, 'created | id => 9 @ Ad Model', '127.0.0.1', '2018-10-17 15:18:21', '2018-10-17 15:18:21'),
(364, NULL, 'created | id => 10 @ Ad Model', '127.0.0.1', '2018-10-17 15:18:21', '2018-10-17 15:18:21'),
(365, NULL, 'created | id => 11 @ Ad Model', '127.0.0.1', '2018-10-17 15:18:21', '2018-10-17 15:18:21'),
(366, NULL, 'created | id => 12 @ Ad Model', '127.0.0.1', '2018-10-17 15:18:21', '2018-10-17 15:18:21'),
(367, NULL, 'created | id => 13 @ Ad Model', '127.0.0.1', '2018-10-17 15:18:21', '2018-10-17 15:18:21'),
(368, NULL, 'created | id => 14 @ Ad Model', '127.0.0.1', '2018-10-17 15:18:21', '2018-10-17 15:18:21'),
(369, NULL, 'created | id => 15 @ Ad Model', '127.0.0.1', '2018-10-17 15:18:21', '2018-10-17 15:18:21'),
(370, NULL, 'created | id => 16 @ Ad Model', '127.0.0.1', '2018-10-17 15:18:21', '2018-10-17 15:18:21'),
(371, NULL, 'created | id => 17 @ Ad Model', '127.0.0.1', '2018-10-17 15:18:21', '2018-10-17 15:18:21'),
(372, NULL, 'created | id => 18 @ Ad Model', '127.0.0.1', '2018-10-17 15:18:21', '2018-10-17 15:18:21'),
(373, NULL, 'created | id => 19 @ Ad Model', '127.0.0.1', '2018-10-17 15:18:21', '2018-10-17 15:18:21'),
(374, NULL, 'created | id => 20 @ Ad Model', '127.0.0.1', '2018-10-17 15:18:21', '2018-10-17 15:18:21'),
(375, NULL, 'created | id => 21 @ Ad Model', '127.0.0.1', '2018-10-17 15:18:21', '2018-10-17 15:18:21'),
(376, NULL, 'created | id => 22 @ Ad Model', '127.0.0.1', '2018-10-17 15:18:21', '2018-10-17 15:18:21'),
(377, NULL, 'created | id => 23 @ Ad Model', '127.0.0.1', '2018-10-17 15:18:21', '2018-10-17 15:18:21'),
(378, NULL, 'created | id => 24 @ Ad Model', '127.0.0.1', '2018-10-17 15:18:21', '2018-10-17 15:18:21'),
(379, NULL, 'created | id => 25 @ Ad Model', '127.0.0.1', '2018-10-17 15:18:21', '2018-10-17 15:18:21'),
(380, NULL, 'created | id => 26 @ Ad Model', '127.0.0.1', '2018-10-17 15:18:21', '2018-10-17 15:18:21'),
(381, NULL, 'created | id => 27 @ Ad Model', '127.0.0.1', '2018-10-17 15:18:21', '2018-10-17 15:18:21'),
(382, NULL, 'created | id => 28 @ Ad Model', '127.0.0.1', '2018-10-17 15:18:21', '2018-10-17 15:18:21'),
(383, NULL, 'created | id => 29 @ Ad Model', '127.0.0.1', '2018-10-17 15:18:21', '2018-10-17 15:18:21'),
(384, NULL, 'created | id => 30 @ Ad Model', '127.0.0.1', '2018-10-17 15:18:21', '2018-10-17 15:18:21'),
(385, NULL, 'created | id => 31 @ Ad Model', '127.0.0.1', '2018-10-17 15:18:21', '2018-10-17 15:18:21'),
(386, NULL, 'created | id => 32 @ Ad Model', '127.0.0.1', '2018-10-17 15:18:21', '2018-10-17 15:18:21'),
(387, NULL, 'created | id => 33 @ Ad Model', '127.0.0.1', '2018-10-17 15:18:21', '2018-10-17 15:18:21'),
(388, NULL, 'created | id => 34 @ Ad Model', '127.0.0.1', '2018-10-17 15:18:21', '2018-10-17 15:18:21'),
(389, NULL, 'created | id => 35 @ Ad Model', '127.0.0.1', '2018-10-17 15:18:21', '2018-10-17 15:18:21'),
(390, NULL, 'created | id => 36 @ Ad Model', '127.0.0.1', '2018-10-17 15:18:21', '2018-10-17 15:18:21'),
(391, NULL, 'created | id => 37 @ Ad Model', '127.0.0.1', '2018-10-17 15:18:21', '2018-10-17 15:18:21'),
(392, NULL, 'created | id => 38 @ Ad Model', '127.0.0.1', '2018-10-17 15:18:21', '2018-10-17 15:18:21'),
(393, NULL, 'created | id => 39 @ Ad Model', '127.0.0.1', '2018-10-17 15:18:21', '2018-10-17 15:18:21'),
(394, NULL, 'created | id => 40 @ Ad Model', '127.0.0.1', '2018-10-17 15:18:21', '2018-10-17 15:18:21'),
(395, NULL, 'created | id => 41 @ Ad Model', '127.0.0.1', '2018-10-17 15:18:21', '2018-10-17 15:18:21'),
(396, NULL, 'created | id => 42 @ Ad Model', '127.0.0.1', '2018-10-17 15:18:21', '2018-10-17 15:18:21'),
(397, NULL, 'created | id => 43 @ Ad Model', '127.0.0.1', '2018-10-17 15:18:21', '2018-10-17 15:18:21'),
(398, NULL, 'created | id => 44 @ Ad Model', '127.0.0.1', '2018-10-17 15:18:21', '2018-10-17 15:18:21'),
(399, NULL, 'created | id => 45 @ Ad Model', '127.0.0.1', '2018-10-17 15:18:21', '2018-10-17 15:18:21'),
(400, NULL, 'created | id => 46 @ Ad Model', '127.0.0.1', '2018-10-17 15:18:21', '2018-10-17 15:18:21'),
(401, NULL, 'created | id => 47 @ Ad Model', '127.0.0.1', '2018-10-17 15:18:21', '2018-10-17 15:18:21'),
(402, NULL, 'created | id => 48 @ Ad Model', '127.0.0.1', '2018-10-17 15:18:21', '2018-10-17 15:18:21'),
(403, NULL, 'created | id => 49 @ Ad Model', '127.0.0.1', '2018-10-17 15:18:22', '2018-10-17 15:18:22'),
(404, NULL, 'created | id => 50 @ Ad Model', '127.0.0.1', '2018-10-17 15:18:22', '2018-10-17 15:18:22'),
(405, NULL, 'created | id => 1 @ Setting Model', '127.0.0.1', '2018-10-17 15:18:22', '2018-10-17 15:18:22'),
(406, NULL, 'created | id => 2 @ Setting Model', '127.0.0.1', '2018-10-17 15:18:22', '2018-10-17 15:18:22'),
(407, NULL, 'created | id => 3 @ Setting Model', '127.0.0.1', '2018-10-17 15:18:22', '2018-10-17 15:18:22'),
(408, NULL, 'created | id => 4 @ Setting Model', '127.0.0.1', '2018-10-17 15:18:22', '2018-10-17 15:18:22'),
(409, NULL, 'created | id => 5 @ Setting Model', '127.0.0.1', '2018-10-17 15:18:22', '2018-10-17 15:18:22'),
(410, NULL, 'created | id => 6 @ Setting Model', '127.0.0.1', '2018-10-17 15:18:22', '2018-10-17 15:18:22'),
(411, NULL, 'created | id => 7 @ Setting Model', '127.0.0.1', '2018-10-17 15:18:22', '2018-10-17 15:18:22'),
(412, NULL, 'created | id => 8 @ Setting Model', '127.0.0.1', '2018-10-17 15:18:22', '2018-10-17 15:18:22'),
(413, NULL, 'created | id => 9 @ Setting Model', '127.0.0.1', '2018-10-17 15:18:22', '2018-10-17 15:18:22'),
(414, NULL, 'created | id => 10 @ Setting Model', '127.0.0.1', '2018-10-17 15:18:22', '2018-10-17 15:18:22'),
(415, NULL, 'created | id => 11 @ Setting Model', '127.0.0.1', '2018-10-17 15:18:22', '2018-10-17 15:18:22'),
(416, NULL, 'created | id => 12 @ Setting Model', '127.0.0.1', '2018-10-17 15:18:22', '2018-10-17 15:18:22'),
(417, NULL, 'created | id => 13 @ Setting Model', '127.0.0.1', '2018-10-17 15:18:22', '2018-10-17 15:18:22'),
(418, NULL, 'created | id => 14 @ Setting Model', '127.0.0.1', '2018-10-17 15:18:22', '2018-10-17 15:18:22'),
(419, NULL, 'created | id => 15 @ Setting Model', '127.0.0.1', '2018-10-17 15:18:22', '2018-10-17 15:18:22'),
(420, NULL, 'created | id => 16 @ Setting Model', '127.0.0.1', '2018-10-17 15:18:22', '2018-10-17 15:18:22'),
(421, NULL, 'created | id => 17 @ Setting Model', '127.0.0.1', '2018-10-17 15:18:22', '2018-10-17 15:18:22'),
(422, NULL, 'created | id => 18 @ Setting Model', '127.0.0.1', '2018-10-17 15:18:22', '2018-10-17 15:18:22'),
(423, NULL, 'created | id => 19 @ Setting Model', '127.0.0.1', '2018-10-17 15:18:22', '2018-10-17 15:18:22'),
(424, NULL, 'created | id => 20 @ Setting Model', '127.0.0.1', '2018-10-17 15:18:22', '2018-10-17 15:18:22'),
(425, NULL, 'created | id => 21 @ Setting Model', '127.0.0.1', '2018-10-17 15:18:22', '2018-10-17 15:18:22'),
(426, NULL, 'created | id => 22 @ Setting Model', '127.0.0.1', '2018-10-17 15:18:22', '2018-10-17 15:18:22'),
(427, NULL, 'created | id => 23 @ Setting Model', '127.0.0.1', '2018-10-17 15:18:22', '2018-10-17 15:18:22'),
(428, NULL, 'created | id => 24 @ Setting Model', '127.0.0.1', '2018-10-17 15:18:22', '2018-10-17 15:18:22'),
(429, NULL, 'created | id => 25 @ Setting Model', '127.0.0.1', '2018-10-17 15:18:22', '2018-10-17 15:18:22'),
(430, NULL, 'created | id => 26 @ Setting Model', '127.0.0.1', '2018-10-17 15:18:22', '2018-10-17 15:18:22'),
(431, NULL, 'created | id => 27 @ Setting Model', '127.0.0.1', '2018-10-17 15:18:22', '2018-10-17 15:18:22'),
(432, NULL, 'created | id => 28 @ Setting Model', '127.0.0.1', '2018-10-17 15:18:22', '2018-10-17 15:18:22'),
(433, NULL, 'created | id => 29 @ Setting Model', '127.0.0.1', '2018-10-17 15:18:22', '2018-10-17 15:18:22'),
(434, NULL, 'created | id => 30 @ Setting Model', '127.0.0.1', '2018-10-17 15:18:22', '2018-10-17 15:18:22'),
(435, NULL, 'created | id => 31 @ Setting Model', '127.0.0.1', '2018-10-17 15:18:22', '2018-10-17 15:18:22'),
(436, NULL, 'created | id => 32 @ Setting Model', '127.0.0.1', '2018-10-17 15:18:22', '2018-10-17 15:18:22'),
(437, NULL, 'created | id => 33 @ Setting Model', '127.0.0.1', '2018-10-17 15:18:22', '2018-10-17 15:18:22'),
(438, NULL, 'created | id => 34 @ Setting Model', '127.0.0.1', '2018-10-17 15:18:22', '2018-10-17 15:18:22'),
(439, NULL, 'created | id => 35 @ Setting Model', '127.0.0.1', '2018-10-17 15:18:22', '2018-10-17 15:18:22'),
(440, NULL, 'created | id => 36 @ Setting Model', '127.0.0.1', '2018-10-17 15:18:22', '2018-10-17 15:18:22'),
(441, NULL, 'created | id => 37 @ Setting Model', '127.0.0.1', '2018-10-17 15:18:22', '2018-10-17 15:18:22'),
(442, NULL, 'created | id => 38 @ Setting Model', '127.0.0.1', '2018-10-17 15:18:22', '2018-10-17 15:18:22'),
(443, NULL, 'created | id => 39 @ Setting Model', '127.0.0.1', '2018-10-17 15:18:22', '2018-10-17 15:18:22'),
(444, NULL, 'created | id => 40 @ Setting Model', '127.0.0.1', '2018-10-17 15:18:22', '2018-10-17 15:18:22'),
(445, NULL, 'created | id => 41 @ Setting Model', '127.0.0.1', '2018-10-17 15:18:22', '2018-10-17 15:18:22'),
(446, NULL, 'created | id => 42 @ Setting Model', '127.0.0.1', '2018-10-17 15:18:22', '2018-10-17 15:18:22'),
(447, NULL, 'created | id => 43 @ Setting Model', '127.0.0.1', '2018-10-17 15:18:22', '2018-10-17 15:18:22'),
(448, NULL, 'created | id => 44 @ Setting Model', '127.0.0.1', '2018-10-17 15:18:22', '2018-10-17 15:18:22'),
(449, NULL, 'created | id => 45 @ Setting Model', '127.0.0.1', '2018-10-17 15:18:22', '2018-10-17 15:18:22'),
(450, NULL, 'created | id => 46 @ Setting Model', '127.0.0.1', '2018-10-17 15:18:22', '2018-10-17 15:18:22'),
(451, NULL, 'created | id => 47 @ Setting Model', '127.0.0.1', '2018-10-17 15:18:22', '2018-10-17 15:18:22'),
(452, NULL, 'created | id => 48 @ Setting Model', '127.0.0.1', '2018-10-17 15:18:22', '2018-10-17 15:18:22'),
(453, NULL, 'created | id => 49 @ Setting Model', '127.0.0.1', '2018-10-17 15:18:22', '2018-10-17 15:18:22'),
(454, NULL, 'created | id => 50 @ Setting Model', '127.0.0.1', '2018-10-17 15:18:22', '2018-10-17 15:18:22'),
(455, NULL, 'created | id => 1 @ Cart Model', '127.0.0.1', '2018-10-17 15:18:22', '2018-10-17 15:18:22'),
(456, NULL, 'created | id => 2 @ Cart Model', '127.0.0.1', '2018-10-17 15:18:22', '2018-10-17 15:18:22'),
(457, NULL, 'created | id => 3 @ Cart Model', '127.0.0.1', '2018-10-17 15:18:22', '2018-10-17 15:18:22'),
(458, NULL, 'created | id => 4 @ Cart Model', '127.0.0.1', '2018-10-17 15:18:22', '2018-10-17 15:18:22'),
(459, NULL, 'created | id => 5 @ Cart Model', '127.0.0.1', '2018-10-17 15:18:22', '2018-10-17 15:18:22'),
(460, NULL, 'created | id => 6 @ Cart Model', '127.0.0.1', '2018-10-17 15:18:22', '2018-10-17 15:18:22'),
(461, NULL, 'created | id => 7 @ Cart Model', '127.0.0.1', '2018-10-17 15:18:22', '2018-10-17 15:18:22'),
(462, NULL, 'created | id => 8 @ Cart Model', '127.0.0.1', '2018-10-17 15:18:23', '2018-10-17 15:18:23'),
(463, NULL, 'created | id => 9 @ Cart Model', '127.0.0.1', '2018-10-17 15:18:23', '2018-10-17 15:18:23'),
(464, NULL, 'created | id => 10 @ Cart Model', '127.0.0.1', '2018-10-17 15:18:23', '2018-10-17 15:18:23'),
(465, NULL, 'created | id => 11 @ Cart Model', '127.0.0.1', '2018-10-17 15:18:23', '2018-10-17 15:18:23'),
(466, NULL, 'created | id => 12 @ Cart Model', '127.0.0.1', '2018-10-17 15:18:23', '2018-10-17 15:18:23'),
(467, NULL, 'created | id => 13 @ Cart Model', '127.0.0.1', '2018-10-17 15:18:23', '2018-10-17 15:18:23'),
(468, NULL, 'created | id => 14 @ Cart Model', '127.0.0.1', '2018-10-17 15:18:23', '2018-10-17 15:18:23');
INSERT INTO `activity_log` (`id`, `user_id`, `text`, `ip_address`, `created_at`, `updated_at`) VALUES
(469, NULL, 'created | id => 15 @ Cart Model', '127.0.0.1', '2018-10-17 15:18:23', '2018-10-17 15:18:23'),
(470, NULL, 'created | id => 16 @ Cart Model', '127.0.0.1', '2018-10-17 15:18:23', '2018-10-17 15:18:23'),
(471, NULL, 'created | id => 17 @ Cart Model', '127.0.0.1', '2018-10-17 15:18:23', '2018-10-17 15:18:23'),
(472, NULL, 'created | id => 18 @ Cart Model', '127.0.0.1', '2018-10-17 15:18:23', '2018-10-17 15:18:23'),
(473, NULL, 'created | id => 19 @ Cart Model', '127.0.0.1', '2018-10-17 15:18:23', '2018-10-17 15:18:23'),
(474, NULL, 'created | id => 20 @ Cart Model', '127.0.0.1', '2018-10-17 15:18:23', '2018-10-17 15:18:23'),
(475, NULL, 'created | id => 21 @ Cart Model', '127.0.0.1', '2018-10-17 15:18:23', '2018-10-17 15:18:23'),
(476, NULL, 'created | id => 22 @ Cart Model', '127.0.0.1', '2018-10-17 15:18:23', '2018-10-17 15:18:23'),
(477, NULL, 'created | id => 23 @ Cart Model', '127.0.0.1', '2018-10-17 15:18:23', '2018-10-17 15:18:23'),
(478, NULL, 'created | id => 24 @ Cart Model', '127.0.0.1', '2018-10-17 15:18:23', '2018-10-17 15:18:23'),
(479, NULL, 'created | id => 25 @ Cart Model', '127.0.0.1', '2018-10-17 15:18:23', '2018-10-17 15:18:23'),
(480, NULL, 'created | id => 26 @ Cart Model', '127.0.0.1', '2018-10-17 15:18:23', '2018-10-17 15:18:23'),
(481, NULL, 'created | id => 27 @ Cart Model', '127.0.0.1', '2018-10-17 15:18:23', '2018-10-17 15:18:23'),
(482, NULL, 'created | id => 28 @ Cart Model', '127.0.0.1', '2018-10-17 15:18:23', '2018-10-17 15:18:23'),
(483, NULL, 'created | id => 29 @ Cart Model', '127.0.0.1', '2018-10-17 15:18:23', '2018-10-17 15:18:23'),
(484, NULL, 'created | id => 30 @ Cart Model', '127.0.0.1', '2018-10-17 15:18:23', '2018-10-17 15:18:23'),
(485, NULL, 'created | id => 31 @ Cart Model', '127.0.0.1', '2018-10-17 15:18:23', '2018-10-17 15:18:23'),
(486, NULL, 'created | id => 32 @ Cart Model', '127.0.0.1', '2018-10-17 15:18:23', '2018-10-17 15:18:23'),
(487, NULL, 'created | id => 33 @ Cart Model', '127.0.0.1', '2018-10-17 15:18:23', '2018-10-17 15:18:23'),
(488, NULL, 'created | id => 34 @ Cart Model', '127.0.0.1', '2018-10-17 15:18:23', '2018-10-17 15:18:23'),
(489, NULL, 'created | id => 35 @ Cart Model', '127.0.0.1', '2018-10-17 15:18:23', '2018-10-17 15:18:23'),
(490, NULL, 'created | id => 36 @ Cart Model', '127.0.0.1', '2018-10-17 15:18:23', '2018-10-17 15:18:23'),
(491, NULL, 'created | id => 37 @ Cart Model', '127.0.0.1', '2018-10-17 15:18:23', '2018-10-17 15:18:23'),
(492, NULL, 'created | id => 38 @ Cart Model', '127.0.0.1', '2018-10-17 15:18:23', '2018-10-17 15:18:23'),
(493, NULL, 'created | id => 39 @ Cart Model', '127.0.0.1', '2018-10-17 15:18:23', '2018-10-17 15:18:23'),
(494, NULL, 'created | id => 40 @ Cart Model', '127.0.0.1', '2018-10-17 15:18:23', '2018-10-17 15:18:23'),
(495, NULL, 'created | id => 41 @ Cart Model', '127.0.0.1', '2018-10-17 15:18:23', '2018-10-17 15:18:23'),
(496, NULL, 'created | id => 42 @ Cart Model', '127.0.0.1', '2018-10-17 15:18:23', '2018-10-17 15:18:23'),
(497, NULL, 'created | id => 43 @ Cart Model', '127.0.0.1', '2018-10-17 15:18:23', '2018-10-17 15:18:23'),
(498, NULL, 'created | id => 44 @ Cart Model', '127.0.0.1', '2018-10-17 15:18:23', '2018-10-17 15:18:23'),
(499, NULL, 'created | id => 45 @ Cart Model', '127.0.0.1', '2018-10-17 15:18:23', '2018-10-17 15:18:23'),
(500, NULL, 'created | id => 46 @ Cart Model', '127.0.0.1', '2018-10-17 15:18:23', '2018-10-17 15:18:23'),
(501, NULL, 'created | id => 47 @ Cart Model', '127.0.0.1', '2018-10-17 15:18:23', '2018-10-17 15:18:23'),
(502, NULL, 'created | id => 48 @ Cart Model', '127.0.0.1', '2018-10-17 15:18:23', '2018-10-17 15:18:23'),
(503, NULL, 'created | id => 49 @ Cart Model', '127.0.0.1', '2018-10-17 15:18:23', '2018-10-17 15:18:23'),
(504, NULL, 'created | id => 50 @ Cart Model', '127.0.0.1', '2018-10-17 15:18:23', '2018-10-17 15:18:23'),
(505, NULL, 'created | id => 1 @ StandingOrder Model', '127.0.0.1', '2018-10-17 15:18:23', '2018-10-17 15:18:23'),
(506, NULL, 'created | id => 2 @ StandingOrder Model', '127.0.0.1', '2018-10-17 15:18:23', '2018-10-17 15:18:23'),
(507, NULL, 'created | id => 3 @ StandingOrder Model', '127.0.0.1', '2018-10-17 15:18:23', '2018-10-17 15:18:23'),
(508, NULL, 'created | id => 4 @ StandingOrder Model', '127.0.0.1', '2018-10-17 15:18:23', '2018-10-17 15:18:23'),
(509, NULL, 'created | id => 5 @ StandingOrder Model', '127.0.0.1', '2018-10-17 15:18:23', '2018-10-17 15:18:23'),
(510, NULL, 'created | id => 6 @ StandingOrder Model', '127.0.0.1', '2018-10-17 15:18:23', '2018-10-17 15:18:23'),
(511, NULL, 'created | id => 7 @ StandingOrder Model', '127.0.0.1', '2018-10-17 15:18:23', '2018-10-17 15:18:23'),
(512, NULL, 'created | id => 8 @ StandingOrder Model', '127.0.0.1', '2018-10-17 15:18:23', '2018-10-17 15:18:23'),
(513, NULL, 'created | id => 9 @ StandingOrder Model', '127.0.0.1', '2018-10-17 15:18:23', '2018-10-17 15:18:23'),
(514, NULL, 'created | id => 10 @ StandingOrder Model', '127.0.0.1', '2018-10-17 15:18:23', '2018-10-17 15:18:23'),
(515, NULL, 'created | id => 11 @ StandingOrder Model', '127.0.0.1', '2018-10-17 15:18:23', '2018-10-17 15:18:23'),
(516, NULL, 'created | id => 12 @ StandingOrder Model', '127.0.0.1', '2018-10-17 15:18:23', '2018-10-17 15:18:23'),
(517, NULL, 'created | id => 13 @ StandingOrder Model', '127.0.0.1', '2018-10-17 15:18:23', '2018-10-17 15:18:23'),
(518, NULL, 'created | id => 14 @ StandingOrder Model', '127.0.0.1', '2018-10-17 15:18:23', '2018-10-17 15:18:23'),
(519, NULL, 'created | id => 15 @ StandingOrder Model', '127.0.0.1', '2018-10-17 15:18:23', '2018-10-17 15:18:23'),
(520, NULL, 'created | id => 16 @ StandingOrder Model', '127.0.0.1', '2018-10-17 15:18:23', '2018-10-17 15:18:23'),
(521, NULL, 'created | id => 17 @ StandingOrder Model', '127.0.0.1', '2018-10-17 15:18:24', '2018-10-17 15:18:24'),
(522, NULL, 'created | id => 18 @ StandingOrder Model', '127.0.0.1', '2018-10-17 15:18:24', '2018-10-17 15:18:24'),
(523, NULL, 'created | id => 19 @ StandingOrder Model', '127.0.0.1', '2018-10-17 15:18:24', '2018-10-17 15:18:24'),
(524, NULL, 'created | id => 20 @ StandingOrder Model', '127.0.0.1', '2018-10-17 15:18:24', '2018-10-17 15:18:24'),
(525, NULL, 'created | id => 21 @ StandingOrder Model', '127.0.0.1', '2018-10-17 15:18:24', '2018-10-17 15:18:24'),
(526, NULL, 'created | id => 22 @ StandingOrder Model', '127.0.0.1', '2018-10-17 15:18:24', '2018-10-17 15:18:24'),
(527, NULL, 'created | id => 23 @ StandingOrder Model', '127.0.0.1', '2018-10-17 15:18:24', '2018-10-17 15:18:24'),
(528, NULL, 'created | id => 24 @ StandingOrder Model', '127.0.0.1', '2018-10-17 15:18:24', '2018-10-17 15:18:24'),
(529, NULL, 'created | id => 25 @ StandingOrder Model', '127.0.0.1', '2018-10-17 15:18:24', '2018-10-17 15:18:24'),
(530, NULL, 'created | id => 26 @ StandingOrder Model', '127.0.0.1', '2018-10-17 15:18:24', '2018-10-17 15:18:24'),
(531, NULL, 'created | id => 27 @ StandingOrder Model', '127.0.0.1', '2018-10-17 15:18:24', '2018-10-17 15:18:24'),
(532, NULL, 'created | id => 28 @ StandingOrder Model', '127.0.0.1', '2018-10-17 15:18:24', '2018-10-17 15:18:24'),
(533, NULL, 'created | id => 29 @ StandingOrder Model', '127.0.0.1', '2018-10-17 15:18:24', '2018-10-17 15:18:24'),
(534, NULL, 'created | id => 30 @ StandingOrder Model', '127.0.0.1', '2018-10-17 15:18:24', '2018-10-17 15:18:24'),
(535, NULL, 'created | id => 31 @ StandingOrder Model', '127.0.0.1', '2018-10-17 15:18:24', '2018-10-17 15:18:24'),
(536, NULL, 'created | id => 32 @ StandingOrder Model', '127.0.0.1', '2018-10-17 15:18:24', '2018-10-17 15:18:24'),
(537, NULL, 'created | id => 33 @ StandingOrder Model', '127.0.0.1', '2018-10-17 15:18:24', '2018-10-17 15:18:24'),
(538, NULL, 'created | id => 34 @ StandingOrder Model', '127.0.0.1', '2018-10-17 15:18:24', '2018-10-17 15:18:24'),
(539, NULL, 'created | id => 35 @ StandingOrder Model', '127.0.0.1', '2018-10-17 15:18:24', '2018-10-17 15:18:24'),
(540, NULL, 'created | id => 36 @ StandingOrder Model', '127.0.0.1', '2018-10-17 15:18:24', '2018-10-17 15:18:24'),
(541, NULL, 'created | id => 37 @ StandingOrder Model', '127.0.0.1', '2018-10-17 15:18:24', '2018-10-17 15:18:24'),
(542, NULL, 'created | id => 38 @ StandingOrder Model', '127.0.0.1', '2018-10-17 15:18:24', '2018-10-17 15:18:24'),
(543, NULL, 'created | id => 39 @ StandingOrder Model', '127.0.0.1', '2018-10-17 15:18:24', '2018-10-17 15:18:24'),
(544, NULL, 'created | id => 40 @ StandingOrder Model', '127.0.0.1', '2018-10-17 15:18:24', '2018-10-17 15:18:24'),
(545, NULL, 'created | id => 41 @ StandingOrder Model', '127.0.0.1', '2018-10-17 15:18:24', '2018-10-17 15:18:24'),
(546, NULL, 'created | id => 42 @ StandingOrder Model', '127.0.0.1', '2018-10-17 15:18:24', '2018-10-17 15:18:24'),
(547, NULL, 'created | id => 43 @ StandingOrder Model', '127.0.0.1', '2018-10-17 15:18:24', '2018-10-17 15:18:24'),
(548, NULL, 'created | id => 44 @ StandingOrder Model', '127.0.0.1', '2018-10-17 15:18:24', '2018-10-17 15:18:24'),
(549, NULL, 'created | id => 45 @ StandingOrder Model', '127.0.0.1', '2018-10-17 15:18:24', '2018-10-17 15:18:24'),
(550, NULL, 'created | id => 46 @ StandingOrder Model', '127.0.0.1', '2018-10-17 15:18:24', '2018-10-17 15:18:24'),
(551, NULL, 'created | id => 47 @ StandingOrder Model', '127.0.0.1', '2018-10-17 15:18:24', '2018-10-17 15:18:24'),
(552, NULL, 'created | id => 48 @ StandingOrder Model', '127.0.0.1', '2018-10-17 15:18:24', '2018-10-17 15:18:24'),
(553, NULL, 'created | id => 49 @ StandingOrder Model', '127.0.0.1', '2018-10-17 15:18:24', '2018-10-17 15:18:24'),
(554, NULL, 'created | id => 50 @ StandingOrder Model', '127.0.0.1', '2018-10-17 15:18:24', '2018-10-17 15:18:24'),
(555, NULL, 'created | id => 1 @ Order Model', '127.0.0.1', '2018-10-17 15:18:24', '2018-10-17 15:18:24'),
(556, NULL, 'created | id => 2 @ Order Model', '127.0.0.1', '2018-10-17 15:18:24', '2018-10-17 15:18:24'),
(557, NULL, 'created | id => 3 @ Order Model', '127.0.0.1', '2018-10-17 15:18:24', '2018-10-17 15:18:24'),
(558, NULL, 'created | id => 4 @ Order Model', '127.0.0.1', '2018-10-17 15:18:24', '2018-10-17 15:18:24'),
(559, NULL, 'created | id => 5 @ Order Model', '127.0.0.1', '2018-10-17 15:18:24', '2018-10-17 15:18:24'),
(560, NULL, 'created | id => 6 @ Order Model', '127.0.0.1', '2018-10-17 15:18:24', '2018-10-17 15:18:24'),
(561, NULL, 'created | id => 7 @ Order Model', '127.0.0.1', '2018-10-17 15:18:24', '2018-10-17 15:18:24'),
(562, NULL, 'created | id => 8 @ Order Model', '127.0.0.1', '2018-10-17 15:18:24', '2018-10-17 15:18:24'),
(563, NULL, 'created | id => 9 @ Order Model', '127.0.0.1', '2018-10-17 15:18:24', '2018-10-17 15:18:24'),
(564, NULL, 'created | id => 10 @ Order Model', '127.0.0.1', '2018-10-17 15:18:24', '2018-10-17 15:18:24'),
(565, NULL, 'created | id => 11 @ Order Model', '127.0.0.1', '2018-10-17 15:18:24', '2018-10-17 15:18:24'),
(566, NULL, 'created | id => 12 @ Order Model', '127.0.0.1', '2018-10-17 15:18:24', '2018-10-17 15:18:24'),
(567, NULL, 'created | id => 13 @ Order Model', '127.0.0.1', '2018-10-17 15:18:24', '2018-10-17 15:18:24'),
(568, NULL, 'created | id => 14 @ Order Model', '127.0.0.1', '2018-10-17 15:18:24', '2018-10-17 15:18:24'),
(569, NULL, 'created | id => 15 @ Order Model', '127.0.0.1', '2018-10-17 15:18:24', '2018-10-17 15:18:24'),
(570, NULL, 'created | id => 16 @ Order Model', '127.0.0.1', '2018-10-17 15:18:24', '2018-10-17 15:18:24'),
(571, NULL, 'created | id => 17 @ Order Model', '127.0.0.1', '2018-10-17 15:18:24', '2018-10-17 15:18:24'),
(572, NULL, 'created | id => 18 @ Order Model', '127.0.0.1', '2018-10-17 15:18:24', '2018-10-17 15:18:24'),
(573, NULL, 'created | id => 19 @ Order Model', '127.0.0.1', '2018-10-17 15:18:24', '2018-10-17 15:18:24'),
(574, NULL, 'created | id => 20 @ Order Model', '127.0.0.1', '2018-10-17 15:18:24', '2018-10-17 15:18:24'),
(575, NULL, 'created | id => 21 @ Order Model', '127.0.0.1', '2018-10-17 15:18:24', '2018-10-17 15:18:24'),
(576, NULL, 'created | id => 22 @ Order Model', '127.0.0.1', '2018-10-17 15:18:24', '2018-10-17 15:18:24'),
(577, NULL, 'created | id => 23 @ Order Model', '127.0.0.1', '2018-10-17 15:18:24', '2018-10-17 15:18:24'),
(578, NULL, 'created | id => 24 @ Order Model', '127.0.0.1', '2018-10-17 15:18:24', '2018-10-17 15:18:24'),
(579, NULL, 'created | id => 25 @ Order Model', '127.0.0.1', '2018-10-17 15:18:24', '2018-10-17 15:18:24'),
(580, NULL, 'created | id => 26 @ Order Model', '127.0.0.1', '2018-10-17 15:18:25', '2018-10-17 15:18:25'),
(581, NULL, 'created | id => 27 @ Order Model', '127.0.0.1', '2018-10-17 15:18:25', '2018-10-17 15:18:25'),
(582, NULL, 'created | id => 28 @ Order Model', '127.0.0.1', '2018-10-17 15:18:25', '2018-10-17 15:18:25'),
(583, NULL, 'created | id => 29 @ Order Model', '127.0.0.1', '2018-10-17 15:18:25', '2018-10-17 15:18:25'),
(584, NULL, 'created | id => 30 @ Order Model', '127.0.0.1', '2018-10-17 15:18:25', '2018-10-17 15:18:25'),
(585, NULL, 'created | id => 31 @ Order Model', '127.0.0.1', '2018-10-17 15:18:25', '2018-10-17 15:18:25'),
(586, NULL, 'created | id => 32 @ Order Model', '127.0.0.1', '2018-10-17 15:18:25', '2018-10-17 15:18:25'),
(587, NULL, 'created | id => 33 @ Order Model', '127.0.0.1', '2018-10-17 15:18:25', '2018-10-17 15:18:25'),
(588, NULL, 'created | id => 34 @ Order Model', '127.0.0.1', '2018-10-17 15:18:25', '2018-10-17 15:18:25'),
(589, NULL, 'created | id => 35 @ Order Model', '127.0.0.1', '2018-10-17 15:18:25', '2018-10-17 15:18:25'),
(590, NULL, 'created | id => 36 @ Order Model', '127.0.0.1', '2018-10-17 15:18:25', '2018-10-17 15:18:25'),
(591, NULL, 'created | id => 37 @ Order Model', '127.0.0.1', '2018-10-17 15:18:25', '2018-10-17 15:18:25'),
(592, NULL, 'created | id => 38 @ Order Model', '127.0.0.1', '2018-10-17 15:18:25', '2018-10-17 15:18:25'),
(593, NULL, 'created | id => 39 @ Order Model', '127.0.0.1', '2018-10-17 15:18:25', '2018-10-17 15:18:25'),
(594, NULL, 'created | id => 40 @ Order Model', '127.0.0.1', '2018-10-17 15:18:25', '2018-10-17 15:18:25'),
(595, NULL, 'created | id => 41 @ Order Model', '127.0.0.1', '2018-10-17 15:18:25', '2018-10-17 15:18:25'),
(596, NULL, 'created | id => 42 @ Order Model', '127.0.0.1', '2018-10-17 15:18:25', '2018-10-17 15:18:25'),
(597, NULL, 'created | id => 43 @ Order Model', '127.0.0.1', '2018-10-17 15:18:25', '2018-10-17 15:18:25'),
(598, NULL, 'created | id => 44 @ Order Model', '127.0.0.1', '2018-10-17 15:18:25', '2018-10-17 15:18:25'),
(599, NULL, 'created | id => 45 @ Order Model', '127.0.0.1', '2018-10-17 15:18:25', '2018-10-17 15:18:25'),
(600, NULL, 'created | id => 46 @ Order Model', '127.0.0.1', '2018-10-17 15:18:25', '2018-10-17 15:18:25'),
(601, NULL, 'created | id => 47 @ Order Model', '127.0.0.1', '2018-10-17 15:18:25', '2018-10-17 15:18:25'),
(602, NULL, 'created | id => 48 @ Order Model', '127.0.0.1', '2018-10-17 15:18:25', '2018-10-17 15:18:25'),
(603, NULL, 'created | id => 49 @ Order Model', '127.0.0.1', '2018-10-17 15:18:25', '2018-10-17 15:18:25'),
(604, NULL, 'created | id => 50 @ Order Model', '127.0.0.1', '2018-10-17 15:18:25', '2018-10-17 15:18:25'),
(605, NULL, 'created | id => 1 @ OrderProduct Model', '127.0.0.1', '2018-10-17 15:18:25', '2018-10-17 15:18:25'),
(606, NULL, 'created | id => 2 @ OrderProduct Model', '127.0.0.1', '2018-10-17 15:18:25', '2018-10-17 15:18:25'),
(607, NULL, 'created | id => 3 @ OrderProduct Model', '127.0.0.1', '2018-10-17 15:18:25', '2018-10-17 15:18:25'),
(608, NULL, 'created | id => 4 @ OrderProduct Model', '127.0.0.1', '2018-10-17 15:18:25', '2018-10-17 15:18:25'),
(609, NULL, 'created | id => 5 @ OrderProduct Model', '127.0.0.1', '2018-10-17 15:18:25', '2018-10-17 15:18:25'),
(610, NULL, 'created | id => 6 @ OrderProduct Model', '127.0.0.1', '2018-10-17 15:18:25', '2018-10-17 15:18:25'),
(611, NULL, 'created | id => 7 @ OrderProduct Model', '127.0.0.1', '2018-10-17 15:18:25', '2018-10-17 15:18:25'),
(612, NULL, 'created | id => 8 @ OrderProduct Model', '127.0.0.1', '2018-10-17 15:18:25', '2018-10-17 15:18:25'),
(613, NULL, 'created | id => 9 @ OrderProduct Model', '127.0.0.1', '2018-10-17 15:18:25', '2018-10-17 15:18:25'),
(614, NULL, 'created | id => 10 @ OrderProduct Model', '127.0.0.1', '2018-10-17 15:18:25', '2018-10-17 15:18:25'),
(615, NULL, 'created | id => 11 @ OrderProduct Model', '127.0.0.1', '2018-10-17 15:18:25', '2018-10-17 15:18:25'),
(616, NULL, 'created | id => 12 @ OrderProduct Model', '127.0.0.1', '2018-10-17 15:18:25', '2018-10-17 15:18:25'),
(617, NULL, 'created | id => 13 @ OrderProduct Model', '127.0.0.1', '2018-10-17 15:18:25', '2018-10-17 15:18:25'),
(618, NULL, 'created | id => 14 @ OrderProduct Model', '127.0.0.1', '2018-10-17 15:18:25', '2018-10-17 15:18:25'),
(619, NULL, 'created | id => 15 @ OrderProduct Model', '127.0.0.1', '2018-10-17 15:18:25', '2018-10-17 15:18:25'),
(620, NULL, 'created | id => 16 @ OrderProduct Model', '127.0.0.1', '2018-10-17 15:18:25', '2018-10-17 15:18:25'),
(621, NULL, 'created | id => 17 @ OrderProduct Model', '127.0.0.1', '2018-10-17 15:18:25', '2018-10-17 15:18:25'),
(622, NULL, 'created | id => 18 @ OrderProduct Model', '127.0.0.1', '2018-10-17 15:18:25', '2018-10-17 15:18:25'),
(623, NULL, 'created | id => 19 @ OrderProduct Model', '127.0.0.1', '2018-10-17 15:18:25', '2018-10-17 15:18:25'),
(624, NULL, 'created | id => 20 @ OrderProduct Model', '127.0.0.1', '2018-10-17 15:18:25', '2018-10-17 15:18:25'),
(625, NULL, 'created | id => 21 @ OrderProduct Model', '127.0.0.1', '2018-10-17 15:18:25', '2018-10-17 15:18:25'),
(626, NULL, 'created | id => 22 @ OrderProduct Model', '127.0.0.1', '2018-10-17 15:18:25', '2018-10-17 15:18:25'),
(627, NULL, 'created | id => 23 @ OrderProduct Model', '127.0.0.1', '2018-10-17 15:18:25', '2018-10-17 15:18:25'),
(628, NULL, 'created | id => 24 @ OrderProduct Model', '127.0.0.1', '2018-10-17 15:18:25', '2018-10-17 15:18:25'),
(629, NULL, 'created | id => 25 @ OrderProduct Model', '127.0.0.1', '2018-10-17 15:18:25', '2018-10-17 15:18:25'),
(630, NULL, 'created | id => 26 @ OrderProduct Model', '127.0.0.1', '2018-10-17 15:18:25', '2018-10-17 15:18:25'),
(631, NULL, 'created | id => 27 @ OrderProduct Model', '127.0.0.1', '2018-10-17 15:18:25', '2018-10-17 15:18:25'),
(632, NULL, 'created | id => 28 @ OrderProduct Model', '127.0.0.1', '2018-10-17 15:18:25', '2018-10-17 15:18:25'),
(633, NULL, 'created | id => 29 @ OrderProduct Model', '127.0.0.1', '2018-10-17 15:18:25', '2018-10-17 15:18:25'),
(634, NULL, 'created | id => 30 @ OrderProduct Model', '127.0.0.1', '2018-10-17 15:18:25', '2018-10-17 15:18:25'),
(635, NULL, 'created | id => 31 @ OrderProduct Model', '127.0.0.1', '2018-10-17 15:18:25', '2018-10-17 15:18:25'),
(636, NULL, 'created | id => 32 @ OrderProduct Model', '127.0.0.1', '2018-10-17 15:18:25', '2018-10-17 15:18:25'),
(637, NULL, 'created | id => 33 @ OrderProduct Model', '127.0.0.1', '2018-10-17 15:18:25', '2018-10-17 15:18:25'),
(638, NULL, 'created | id => 34 @ OrderProduct Model', '127.0.0.1', '2018-10-17 15:18:25', '2018-10-17 15:18:25'),
(639, NULL, 'created | id => 35 @ OrderProduct Model', '127.0.0.1', '2018-10-17 15:18:26', '2018-10-17 15:18:26'),
(640, NULL, 'created | id => 36 @ OrderProduct Model', '127.0.0.1', '2018-10-17 15:18:26', '2018-10-17 15:18:26'),
(641, NULL, 'created | id => 37 @ OrderProduct Model', '127.0.0.1', '2018-10-17 15:18:26', '2018-10-17 15:18:26'),
(642, NULL, 'created | id => 38 @ OrderProduct Model', '127.0.0.1', '2018-10-17 15:18:26', '2018-10-17 15:18:26'),
(643, NULL, 'created | id => 39 @ OrderProduct Model', '127.0.0.1', '2018-10-17 15:18:26', '2018-10-17 15:18:26'),
(644, NULL, 'created | id => 40 @ OrderProduct Model', '127.0.0.1', '2018-10-17 15:18:26', '2018-10-17 15:18:26'),
(645, NULL, 'created | id => 41 @ OrderProduct Model', '127.0.0.1', '2018-10-17 15:18:26', '2018-10-17 15:18:26'),
(646, NULL, 'created | id => 42 @ OrderProduct Model', '127.0.0.1', '2018-10-17 15:18:26', '2018-10-17 15:18:26'),
(647, NULL, 'created | id => 43 @ OrderProduct Model', '127.0.0.1', '2018-10-17 15:18:26', '2018-10-17 15:18:26'),
(648, NULL, 'created | id => 44 @ OrderProduct Model', '127.0.0.1', '2018-10-17 15:18:26', '2018-10-17 15:18:26'),
(649, NULL, 'created | id => 45 @ OrderProduct Model', '127.0.0.1', '2018-10-17 15:18:26', '2018-10-17 15:18:26'),
(650, NULL, 'created | id => 46 @ OrderProduct Model', '127.0.0.1', '2018-10-17 15:18:26', '2018-10-17 15:18:26'),
(651, NULL, 'created | id => 47 @ OrderProduct Model', '127.0.0.1', '2018-10-17 15:18:26', '2018-10-17 15:18:26'),
(652, NULL, 'created | id => 48 @ OrderProduct Model', '127.0.0.1', '2018-10-17 15:18:26', '2018-10-17 15:18:26'),
(653, NULL, 'created | id => 49 @ OrderProduct Model', '127.0.0.1', '2018-10-17 15:18:26', '2018-10-17 15:18:26'),
(654, NULL, 'created | id => 50 @ OrderProduct Model', '127.0.0.1', '2018-10-17 15:18:26', '2018-10-17 15:18:26'),
(655, NULL, 'created | id => 1 @ CompanyUser Model', '127.0.0.1', '2018-10-17 15:18:26', '2018-10-17 15:18:26'),
(656, NULL, 'created | id => 2 @ CompanyUser Model', '127.0.0.1', '2018-10-17 15:18:26', '2018-10-17 15:18:26'),
(657, NULL, 'created | id => 3 @ CompanyUser Model', '127.0.0.1', '2018-10-17 15:18:26', '2018-10-17 15:18:26'),
(658, NULL, 'created | id => 4 @ CompanyUser Model', '127.0.0.1', '2018-10-17 15:18:26', '2018-10-17 15:18:26'),
(659, NULL, 'created | id => 5 @ CompanyUser Model', '127.0.0.1', '2018-10-17 15:18:26', '2018-10-17 15:18:26'),
(660, NULL, 'created | id => 6 @ CompanyUser Model', '127.0.0.1', '2018-10-17 15:18:26', '2018-10-17 15:18:26'),
(661, NULL, 'created | id => 7 @ CompanyUser Model', '127.0.0.1', '2018-10-17 15:18:26', '2018-10-17 15:18:26'),
(662, NULL, 'created | id => 8 @ CompanyUser Model', '127.0.0.1', '2018-10-17 15:18:26', '2018-10-17 15:18:26'),
(663, NULL, 'created | id => 9 @ CompanyUser Model', '127.0.0.1', '2018-10-17 15:18:26', '2018-10-17 15:18:26'),
(664, NULL, 'created | id => 10 @ CompanyUser Model', '127.0.0.1', '2018-10-17 15:18:26', '2018-10-17 15:18:26'),
(665, NULL, 'created | id => 11 @ CompanyUser Model', '127.0.0.1', '2018-10-17 15:18:26', '2018-10-17 15:18:26'),
(666, NULL, 'created | id => 12 @ CompanyUser Model', '127.0.0.1', '2018-10-17 15:18:26', '2018-10-17 15:18:26'),
(667, NULL, 'created | id => 13 @ CompanyUser Model', '127.0.0.1', '2018-10-17 15:18:26', '2018-10-17 15:18:26'),
(668, NULL, 'created | id => 14 @ CompanyUser Model', '127.0.0.1', '2018-10-17 15:18:26', '2018-10-17 15:18:26'),
(669, NULL, 'created | id => 15 @ CompanyUser Model', '127.0.0.1', '2018-10-17 15:18:26', '2018-10-17 15:18:26'),
(670, NULL, 'created | id => 16 @ CompanyUser Model', '127.0.0.1', '2018-10-17 15:18:26', '2018-10-17 15:18:26'),
(671, NULL, 'created | id => 17 @ CompanyUser Model', '127.0.0.1', '2018-10-17 15:18:26', '2018-10-17 15:18:26'),
(672, NULL, 'created | id => 18 @ CompanyUser Model', '127.0.0.1', '2018-10-17 15:18:26', '2018-10-17 15:18:26'),
(673, NULL, 'created | id => 19 @ CompanyUser Model', '127.0.0.1', '2018-10-17 15:18:26', '2018-10-17 15:18:26'),
(674, NULL, 'created | id => 20 @ CompanyUser Model', '127.0.0.1', '2018-10-17 15:18:26', '2018-10-17 15:18:26'),
(675, NULL, 'created | id => 21 @ CompanyUser Model', '127.0.0.1', '2018-10-17 15:18:26', '2018-10-17 15:18:26'),
(676, NULL, 'created | id => 22 @ CompanyUser Model', '127.0.0.1', '2018-10-17 15:18:26', '2018-10-17 15:18:26'),
(677, NULL, 'created | id => 23 @ CompanyUser Model', '127.0.0.1', '2018-10-17 15:18:26', '2018-10-17 15:18:26'),
(678, NULL, 'created | id => 24 @ CompanyUser Model', '127.0.0.1', '2018-10-17 15:18:26', '2018-10-17 15:18:26'),
(679, NULL, 'created | id => 25 @ CompanyUser Model', '127.0.0.1', '2018-10-17 15:18:26', '2018-10-17 15:18:26'),
(680, NULL, 'created | id => 26 @ CompanyUser Model', '127.0.0.1', '2018-10-17 15:18:26', '2018-10-17 15:18:26'),
(681, NULL, 'created | id => 27 @ CompanyUser Model', '127.0.0.1', '2018-10-17 15:18:26', '2018-10-17 15:18:26'),
(682, NULL, 'created | id => 28 @ CompanyUser Model', '127.0.0.1', '2018-10-17 15:18:26', '2018-10-17 15:18:26'),
(683, NULL, 'created | id => 29 @ CompanyUser Model', '127.0.0.1', '2018-10-17 15:18:26', '2018-10-17 15:18:26'),
(684, NULL, 'created | id => 30 @ CompanyUser Model', '127.0.0.1', '2018-10-17 15:18:26', '2018-10-17 15:18:26'),
(685, NULL, 'created | id => 31 @ CompanyUser Model', '127.0.0.1', '2018-10-17 15:18:26', '2018-10-17 15:18:26'),
(686, NULL, 'created | id => 32 @ CompanyUser Model', '127.0.0.1', '2018-10-17 15:18:26', '2018-10-17 15:18:26'),
(687, NULL, 'created | id => 33 @ CompanyUser Model', '127.0.0.1', '2018-10-17 15:18:26', '2018-10-17 15:18:26'),
(688, NULL, 'created | id => 34 @ CompanyUser Model', '127.0.0.1', '2018-10-17 15:18:26', '2018-10-17 15:18:26'),
(689, NULL, 'created | id => 35 @ CompanyUser Model', '127.0.0.1', '2018-10-17 15:18:26', '2018-10-17 15:18:26'),
(690, NULL, 'created | id => 36 @ CompanyUser Model', '127.0.0.1', '2018-10-17 15:18:26', '2018-10-17 15:18:26'),
(691, NULL, 'created | id => 37 @ CompanyUser Model', '127.0.0.1', '2018-10-17 15:18:26', '2018-10-17 15:18:26'),
(692, NULL, 'created | id => 38 @ CompanyUser Model', '127.0.0.1', '2018-10-17 15:18:26', '2018-10-17 15:18:26'),
(693, NULL, 'created | id => 39 @ CompanyUser Model', '127.0.0.1', '2018-10-17 15:18:26', '2018-10-17 15:18:26'),
(694, NULL, 'created | id => 40 @ CompanyUser Model', '127.0.0.1', '2018-10-17 15:18:26', '2018-10-17 15:18:26'),
(695, NULL, 'created | id => 41 @ CompanyUser Model', '127.0.0.1', '2018-10-17 15:18:26', '2018-10-17 15:18:26'),
(696, NULL, 'created | id => 42 @ CompanyUser Model', '127.0.0.1', '2018-10-17 15:18:26', '2018-10-17 15:18:26'),
(697, NULL, 'created | id => 43 @ CompanyUser Model', '127.0.0.1', '2018-10-17 15:18:26', '2018-10-17 15:18:26'),
(698, NULL, 'created | id => 44 @ CompanyUser Model', '127.0.0.1', '2018-10-17 15:18:27', '2018-10-17 15:18:27'),
(699, NULL, 'created | id => 45 @ CompanyUser Model', '127.0.0.1', '2018-10-17 15:18:27', '2018-10-17 15:18:27'),
(700, NULL, 'created | id => 46 @ CompanyUser Model', '127.0.0.1', '2018-10-17 15:18:27', '2018-10-17 15:18:27'),
(701, NULL, 'created | id => 47 @ CompanyUser Model', '127.0.0.1', '2018-10-17 15:18:27', '2018-10-17 15:18:27'),
(702, NULL, 'created | id => 48 @ CompanyUser Model', '127.0.0.1', '2018-10-17 15:18:27', '2018-10-17 15:18:27'),
(703, NULL, 'created | id => 49 @ CompanyUser Model', '127.0.0.1', '2018-10-17 15:18:27', '2018-10-17 15:18:27'),
(704, NULL, 'created | id => 50 @ CompanyUser Model', '127.0.0.1', '2018-10-17 15:18:27', '2018-10-17 15:18:27'),
(705, NULL, 'created | id => 1 @ CartProduct Model', '127.0.0.1', '2018-10-17 15:18:27', '2018-10-17 15:18:27'),
(706, NULL, 'created | id => 2 @ CartProduct Model', '127.0.0.1', '2018-10-17 15:18:27', '2018-10-17 15:18:27'),
(707, NULL, 'created | id => 3 @ CartProduct Model', '127.0.0.1', '2018-10-17 15:18:27', '2018-10-17 15:18:27'),
(708, NULL, 'created | id => 4 @ CartProduct Model', '127.0.0.1', '2018-10-17 15:18:27', '2018-10-17 15:18:27'),
(709, NULL, 'created | id => 5 @ CartProduct Model', '127.0.0.1', '2018-10-17 15:18:27', '2018-10-17 15:18:27'),
(710, NULL, 'created | id => 6 @ CartProduct Model', '127.0.0.1', '2018-10-17 15:18:27', '2018-10-17 15:18:27'),
(711, NULL, 'created | id => 7 @ CartProduct Model', '127.0.0.1', '2018-10-17 15:18:27', '2018-10-17 15:18:27'),
(712, NULL, 'created | id => 8 @ CartProduct Model', '127.0.0.1', '2018-10-17 15:18:27', '2018-10-17 15:18:27'),
(713, NULL, 'created | id => 9 @ CartProduct Model', '127.0.0.1', '2018-10-17 15:18:27', '2018-10-17 15:18:27'),
(714, NULL, 'created | id => 10 @ CartProduct Model', '127.0.0.1', '2018-10-17 15:18:27', '2018-10-17 15:18:27'),
(715, NULL, 'created | id => 11 @ CartProduct Model', '127.0.0.1', '2018-10-17 15:18:27', '2018-10-17 15:18:27'),
(716, NULL, 'created | id => 12 @ CartProduct Model', '127.0.0.1', '2018-10-17 15:18:27', '2018-10-17 15:18:27'),
(717, NULL, 'created | id => 13 @ CartProduct Model', '127.0.0.1', '2018-10-17 15:18:27', '2018-10-17 15:18:27'),
(718, NULL, 'created | id => 14 @ CartProduct Model', '127.0.0.1', '2018-10-17 15:18:27', '2018-10-17 15:18:27'),
(719, NULL, 'created | id => 15 @ CartProduct Model', '127.0.0.1', '2018-10-17 15:18:27', '2018-10-17 15:18:27'),
(720, NULL, 'created | id => 16 @ CartProduct Model', '127.0.0.1', '2018-10-17 15:18:27', '2018-10-17 15:18:27'),
(721, NULL, 'created | id => 17 @ CartProduct Model', '127.0.0.1', '2018-10-17 15:18:27', '2018-10-17 15:18:27'),
(722, NULL, 'created | id => 18 @ CartProduct Model', '127.0.0.1', '2018-10-17 15:18:27', '2018-10-17 15:18:27'),
(723, NULL, 'created | id => 19 @ CartProduct Model', '127.0.0.1', '2018-10-17 15:18:27', '2018-10-17 15:18:27'),
(724, NULL, 'created | id => 20 @ CartProduct Model', '127.0.0.1', '2018-10-17 15:18:27', '2018-10-17 15:18:27'),
(725, NULL, 'created | id => 21 @ CartProduct Model', '127.0.0.1', '2018-10-17 15:18:27', '2018-10-17 15:18:27'),
(726, NULL, 'created | id => 22 @ CartProduct Model', '127.0.0.1', '2018-10-17 15:18:27', '2018-10-17 15:18:27'),
(727, NULL, 'created | id => 23 @ CartProduct Model', '127.0.0.1', '2018-10-17 15:18:27', '2018-10-17 15:18:27'),
(728, NULL, 'created | id => 24 @ CartProduct Model', '127.0.0.1', '2018-10-17 15:18:27', '2018-10-17 15:18:27'),
(729, NULL, 'created | id => 25 @ CartProduct Model', '127.0.0.1', '2018-10-17 15:18:27', '2018-10-17 15:18:27'),
(730, NULL, 'created | id => 26 @ CartProduct Model', '127.0.0.1', '2018-10-17 15:18:27', '2018-10-17 15:18:27'),
(731, NULL, 'created | id => 27 @ CartProduct Model', '127.0.0.1', '2018-10-17 15:18:27', '2018-10-17 15:18:27'),
(732, NULL, 'created | id => 28 @ CartProduct Model', '127.0.0.1', '2018-10-17 15:18:27', '2018-10-17 15:18:27'),
(733, NULL, 'created | id => 29 @ CartProduct Model', '127.0.0.1', '2018-10-17 15:18:27', '2018-10-17 15:18:27'),
(734, NULL, 'created | id => 30 @ CartProduct Model', '127.0.0.1', '2018-10-17 15:18:27', '2018-10-17 15:18:27'),
(735, NULL, 'created | id => 31 @ CartProduct Model', '127.0.0.1', '2018-10-17 15:18:27', '2018-10-17 15:18:27'),
(736, NULL, 'created | id => 32 @ CartProduct Model', '127.0.0.1', '2018-10-17 15:18:27', '2018-10-17 15:18:27'),
(737, NULL, 'created | id => 33 @ CartProduct Model', '127.0.0.1', '2018-10-17 15:18:27', '2018-10-17 15:18:27'),
(738, NULL, 'created | id => 34 @ CartProduct Model', '127.0.0.1', '2018-10-17 15:18:27', '2018-10-17 15:18:27'),
(739, NULL, 'created | id => 35 @ CartProduct Model', '127.0.0.1', '2018-10-17 15:18:27', '2018-10-17 15:18:27'),
(740, NULL, 'created | id => 36 @ CartProduct Model', '127.0.0.1', '2018-10-17 15:18:27', '2018-10-17 15:18:27'),
(741, NULL, 'created | id => 37 @ CartProduct Model', '127.0.0.1', '2018-10-17 15:18:27', '2018-10-17 15:18:27'),
(742, NULL, 'created | id => 38 @ CartProduct Model', '127.0.0.1', '2018-10-17 15:18:27', '2018-10-17 15:18:27'),
(743, NULL, 'created | id => 39 @ CartProduct Model', '127.0.0.1', '2018-10-17 15:18:27', '2018-10-17 15:18:27'),
(744, NULL, 'created | id => 40 @ CartProduct Model', '127.0.0.1', '2018-10-17 15:18:27', '2018-10-17 15:18:27'),
(745, NULL, 'created | id => 41 @ CartProduct Model', '127.0.0.1', '2018-10-17 15:18:28', '2018-10-17 15:18:28'),
(746, NULL, 'created | id => 42 @ CartProduct Model', '127.0.0.1', '2018-10-17 15:18:28', '2018-10-17 15:18:28'),
(747, NULL, 'created | id => 43 @ CartProduct Model', '127.0.0.1', '2018-10-17 15:18:28', '2018-10-17 15:18:28'),
(748, NULL, 'created | id => 44 @ CartProduct Model', '127.0.0.1', '2018-10-17 15:18:28', '2018-10-17 15:18:28'),
(749, NULL, 'created | id => 45 @ CartProduct Model', '127.0.0.1', '2018-10-17 15:18:28', '2018-10-17 15:18:28'),
(750, NULL, 'created | id => 46 @ CartProduct Model', '127.0.0.1', '2018-10-17 15:18:28', '2018-10-17 15:18:28'),
(751, NULL, 'created | id => 47 @ CartProduct Model', '127.0.0.1', '2018-10-17 15:18:28', '2018-10-17 15:18:28'),
(752, NULL, 'created | id => 48 @ CartProduct Model', '127.0.0.1', '2018-10-17 15:18:28', '2018-10-17 15:18:28'),
(753, NULL, 'created | id => 49 @ CartProduct Model', '127.0.0.1', '2018-10-17 15:18:28', '2018-10-17 15:18:28'),
(754, NULL, 'created | id => 50 @ CartProduct Model', '127.0.0.1', '2018-10-17 15:18:28', '2018-10-17 15:18:28'),
(755, NULL, 'created | id => 1 @ BrandSupplier Model', '127.0.0.1', '2018-10-17 15:18:28', '2018-10-17 15:18:28'),
(756, NULL, 'created | id => 2 @ BrandSupplier Model', '127.0.0.1', '2018-10-17 15:18:28', '2018-10-17 15:18:28'),
(757, NULL, 'created | id => 3 @ BrandSupplier Model', '127.0.0.1', '2018-10-17 15:18:28', '2018-10-17 15:18:28'),
(758, NULL, 'created | id => 4 @ BrandSupplier Model', '127.0.0.1', '2018-10-17 15:18:28', '2018-10-17 15:18:28'),
(759, NULL, 'created | id => 5 @ BrandSupplier Model', '127.0.0.1', '2018-10-17 15:18:28', '2018-10-17 15:18:28'),
(760, NULL, 'created | id => 6 @ BrandSupplier Model', '127.0.0.1', '2018-10-17 15:18:28', '2018-10-17 15:18:28'),
(761, NULL, 'created | id => 7 @ BrandSupplier Model', '127.0.0.1', '2018-10-17 15:18:28', '2018-10-17 15:18:28'),
(762, NULL, 'created | id => 8 @ BrandSupplier Model', '127.0.0.1', '2018-10-17 15:18:28', '2018-10-17 15:18:28'),
(763, NULL, 'created | id => 9 @ BrandSupplier Model', '127.0.0.1', '2018-10-17 15:18:28', '2018-10-17 15:18:28'),
(764, NULL, 'created | id => 10 @ BrandSupplier Model', '127.0.0.1', '2018-10-17 15:18:28', '2018-10-17 15:18:28'),
(765, NULL, 'created | id => 11 @ BrandSupplier Model', '127.0.0.1', '2018-10-17 15:18:28', '2018-10-17 15:18:28'),
(766, NULL, 'created | id => 12 @ BrandSupplier Model', '127.0.0.1', '2018-10-17 15:18:28', '2018-10-17 15:18:28'),
(767, NULL, 'created | id => 13 @ BrandSupplier Model', '127.0.0.1', '2018-10-17 15:18:28', '2018-10-17 15:18:28'),
(768, NULL, 'created | id => 14 @ BrandSupplier Model', '127.0.0.1', '2018-10-17 15:18:28', '2018-10-17 15:18:28'),
(769, NULL, 'created | id => 15 @ BrandSupplier Model', '127.0.0.1', '2018-10-17 15:18:28', '2018-10-17 15:18:28'),
(770, NULL, 'created | id => 16 @ BrandSupplier Model', '127.0.0.1', '2018-10-17 15:18:28', '2018-10-17 15:18:28'),
(771, NULL, 'created | id => 17 @ BrandSupplier Model', '127.0.0.1', '2018-10-17 15:18:28', '2018-10-17 15:18:28'),
(772, NULL, 'created | id => 18 @ BrandSupplier Model', '127.0.0.1', '2018-10-17 15:18:28', '2018-10-17 15:18:28'),
(773, NULL, 'created | id => 19 @ BrandSupplier Model', '127.0.0.1', '2018-10-17 15:18:28', '2018-10-17 15:18:28'),
(774, NULL, 'created | id => 20 @ BrandSupplier Model', '127.0.0.1', '2018-10-17 15:18:28', '2018-10-17 15:18:28'),
(775, NULL, 'created | id => 21 @ BrandSupplier Model', '127.0.0.1', '2018-10-17 15:18:28', '2018-10-17 15:18:28'),
(776, NULL, 'created | id => 22 @ BrandSupplier Model', '127.0.0.1', '2018-10-17 15:18:28', '2018-10-17 15:18:28'),
(777, NULL, 'created | id => 23 @ BrandSupplier Model', '127.0.0.1', '2018-10-17 15:18:28', '2018-10-17 15:18:28'),
(778, NULL, 'created | id => 24 @ BrandSupplier Model', '127.0.0.1', '2018-10-17 15:18:28', '2018-10-17 15:18:28'),
(779, NULL, 'created | id => 25 @ BrandSupplier Model', '127.0.0.1', '2018-10-17 15:18:28', '2018-10-17 15:18:28'),
(780, NULL, 'created | id => 26 @ BrandSupplier Model', '127.0.0.1', '2018-10-17 15:18:28', '2018-10-17 15:18:28'),
(781, NULL, 'created | id => 27 @ BrandSupplier Model', '127.0.0.1', '2018-10-17 15:18:29', '2018-10-17 15:18:29'),
(782, NULL, 'created | id => 28 @ BrandSupplier Model', '127.0.0.1', '2018-10-17 15:18:29', '2018-10-17 15:18:29'),
(783, NULL, 'created | id => 29 @ BrandSupplier Model', '127.0.0.1', '2018-10-17 15:18:29', '2018-10-17 15:18:29'),
(784, NULL, 'created | id => 30 @ BrandSupplier Model', '127.0.0.1', '2018-10-17 15:18:29', '2018-10-17 15:18:29'),
(785, NULL, 'created | id => 31 @ BrandSupplier Model', '127.0.0.1', '2018-10-17 15:18:29', '2018-10-17 15:18:29'),
(786, NULL, 'created | id => 32 @ BrandSupplier Model', '127.0.0.1', '2018-10-17 15:18:29', '2018-10-17 15:18:29'),
(787, NULL, 'created | id => 33 @ BrandSupplier Model', '127.0.0.1', '2018-10-17 15:18:29', '2018-10-17 15:18:29'),
(788, NULL, 'created | id => 34 @ BrandSupplier Model', '127.0.0.1', '2018-10-17 15:18:29', '2018-10-17 15:18:29'),
(789, NULL, 'created | id => 35 @ BrandSupplier Model', '127.0.0.1', '2018-10-17 15:18:29', '2018-10-17 15:18:29'),
(790, NULL, 'created | id => 36 @ BrandSupplier Model', '127.0.0.1', '2018-10-17 15:18:29', '2018-10-17 15:18:29'),
(791, NULL, 'created | id => 37 @ BrandSupplier Model', '127.0.0.1', '2018-10-17 15:18:29', '2018-10-17 15:18:29'),
(792, NULL, 'created | id => 38 @ BrandSupplier Model', '127.0.0.1', '2018-10-17 15:18:29', '2018-10-17 15:18:29'),
(793, NULL, 'created | id => 39 @ BrandSupplier Model', '127.0.0.1', '2018-10-17 15:18:29', '2018-10-17 15:18:29'),
(794, NULL, 'created | id => 40 @ BrandSupplier Model', '127.0.0.1', '2018-10-17 15:18:29', '2018-10-17 15:18:29'),
(795, NULL, 'created | id => 41 @ BrandSupplier Model', '127.0.0.1', '2018-10-17 15:18:29', '2018-10-17 15:18:29'),
(796, NULL, 'created | id => 42 @ BrandSupplier Model', '127.0.0.1', '2018-10-17 15:18:29', '2018-10-17 15:18:29'),
(797, NULL, 'created | id => 43 @ BrandSupplier Model', '127.0.0.1', '2018-10-17 15:18:29', '2018-10-17 15:18:29'),
(798, NULL, 'created | id => 44 @ BrandSupplier Model', '127.0.0.1', '2018-10-17 15:18:29', '2018-10-17 15:18:29'),
(799, NULL, 'created | id => 45 @ BrandSupplier Model', '127.0.0.1', '2018-10-17 15:18:29', '2018-10-17 15:18:29'),
(800, NULL, 'created | id => 46 @ BrandSupplier Model', '127.0.0.1', '2018-10-17 15:18:29', '2018-10-17 15:18:29'),
(801, NULL, 'created | id => 47 @ BrandSupplier Model', '127.0.0.1', '2018-10-17 15:18:29', '2018-10-17 15:18:29'),
(802, NULL, 'created | id => 48 @ BrandSupplier Model', '127.0.0.1', '2018-10-17 15:18:29', '2018-10-17 15:18:29'),
(803, NULL, 'created | id => 49 @ BrandSupplier Model', '127.0.0.1', '2018-10-17 15:18:29', '2018-10-17 15:18:29'),
(804, NULL, 'created | id => 50 @ BrandSupplier Model', '127.0.0.1', '2018-10-17 15:18:29', '2018-10-17 15:18:29'),
(805, NULL, 'created | id => 1 @ SupplierPayment Model', '127.0.0.1', '2018-10-17 15:18:29', '2018-10-17 15:18:29'),
(806, NULL, 'created | id => 2 @ SupplierPayment Model', '127.0.0.1', '2018-10-17 15:18:29', '2018-10-17 15:18:29'),
(807, NULL, 'created | id => 3 @ SupplierPayment Model', '127.0.0.1', '2018-10-17 15:18:29', '2018-10-17 15:18:29'),
(808, NULL, 'created | id => 4 @ SupplierPayment Model', '127.0.0.1', '2018-10-17 15:18:29', '2018-10-17 15:18:29'),
(809, NULL, 'created | id => 5 @ SupplierPayment Model', '127.0.0.1', '2018-10-17 15:18:29', '2018-10-17 15:18:29'),
(810, NULL, 'created | id => 6 @ SupplierPayment Model', '127.0.0.1', '2018-10-17 15:18:29', '2018-10-17 15:18:29'),
(811, NULL, 'created | id => 7 @ SupplierPayment Model', '127.0.0.1', '2018-10-17 15:18:29', '2018-10-17 15:18:29'),
(812, NULL, 'created | id => 8 @ SupplierPayment Model', '127.0.0.1', '2018-10-17 15:18:29', '2018-10-17 15:18:29'),
(813, NULL, 'created | id => 9 @ SupplierPayment Model', '127.0.0.1', '2018-10-17 15:18:29', '2018-10-17 15:18:29'),
(814, NULL, 'created | id => 10 @ SupplierPayment Model', '127.0.0.1', '2018-10-17 15:18:29', '2018-10-17 15:18:29'),
(815, NULL, 'created | id => 11 @ SupplierPayment Model', '127.0.0.1', '2018-10-17 15:18:29', '2018-10-17 15:18:29'),
(816, NULL, 'created | id => 12 @ SupplierPayment Model', '127.0.0.1', '2018-10-17 15:18:29', '2018-10-17 15:18:29'),
(817, NULL, 'created | id => 13 @ SupplierPayment Model', '127.0.0.1', '2018-10-17 15:18:29', '2018-10-17 15:18:29'),
(818, NULL, 'created | id => 14 @ SupplierPayment Model', '127.0.0.1', '2018-10-17 15:18:29', '2018-10-17 15:18:29'),
(819, NULL, 'created | id => 15 @ SupplierPayment Model', '127.0.0.1', '2018-10-17 15:18:29', '2018-10-17 15:18:29'),
(820, NULL, 'created | id => 16 @ SupplierPayment Model', '127.0.0.1', '2018-10-17 15:18:29', '2018-10-17 15:18:29'),
(821, NULL, 'created | id => 17 @ SupplierPayment Model', '127.0.0.1', '2018-10-17 15:18:29', '2018-10-17 15:18:29'),
(822, NULL, 'created | id => 18 @ SupplierPayment Model', '127.0.0.1', '2018-10-17 15:18:29', '2018-10-17 15:18:29'),
(823, NULL, 'created | id => 19 @ SupplierPayment Model', '127.0.0.1', '2018-10-17 15:18:29', '2018-10-17 15:18:29'),
(824, NULL, 'created | id => 20 @ SupplierPayment Model', '127.0.0.1', '2018-10-17 15:18:29', '2018-10-17 15:18:29'),
(825, NULL, 'created | id => 21 @ SupplierPayment Model', '127.0.0.1', '2018-10-17 15:18:29', '2018-10-17 15:18:29'),
(826, NULL, 'created | id => 22 @ SupplierPayment Model', '127.0.0.1', '2018-10-17 15:18:29', '2018-10-17 15:18:29'),
(827, NULL, 'created | id => 23 @ SupplierPayment Model', '127.0.0.1', '2018-10-17 15:18:29', '2018-10-17 15:18:29'),
(828, NULL, 'created | id => 24 @ SupplierPayment Model', '127.0.0.1', '2018-10-17 15:18:29', '2018-10-17 15:18:29'),
(829, NULL, 'created | id => 25 @ SupplierPayment Model', '127.0.0.1', '2018-10-17 15:18:29', '2018-10-17 15:18:29'),
(830, NULL, 'created | id => 26 @ SupplierPayment Model', '127.0.0.1', '2018-10-17 15:18:29', '2018-10-17 15:18:29'),
(831, NULL, 'created | id => 27 @ SupplierPayment Model', '127.0.0.1', '2018-10-17 15:18:29', '2018-10-17 15:18:29'),
(832, NULL, 'created | id => 28 @ SupplierPayment Model', '127.0.0.1', '2018-10-17 15:18:29', '2018-10-17 15:18:29'),
(833, NULL, 'created | id => 29 @ SupplierPayment Model', '127.0.0.1', '2018-10-17 15:18:29', '2018-10-17 15:18:29'),
(834, NULL, 'created | id => 30 @ SupplierPayment Model', '127.0.0.1', '2018-10-17 15:18:29', '2018-10-17 15:18:29'),
(835, NULL, 'created | id => 31 @ SupplierPayment Model', '127.0.0.1', '2018-10-17 15:18:29', '2018-10-17 15:18:29'),
(836, NULL, 'created | id => 32 @ SupplierPayment Model', '127.0.0.1', '2018-10-17 15:18:29', '2018-10-17 15:18:29'),
(837, NULL, 'created | id => 33 @ SupplierPayment Model', '127.0.0.1', '2018-10-17 15:18:29', '2018-10-17 15:18:29'),
(838, NULL, 'created | id => 34 @ SupplierPayment Model', '127.0.0.1', '2018-10-17 15:18:29', '2018-10-17 15:18:29'),
(839, NULL, 'created | id => 35 @ SupplierPayment Model', '127.0.0.1', '2018-10-17 15:18:30', '2018-10-17 15:18:30'),
(840, NULL, 'created | id => 36 @ SupplierPayment Model', '127.0.0.1', '2018-10-17 15:18:30', '2018-10-17 15:18:30'),
(841, NULL, 'created | id => 37 @ SupplierPayment Model', '127.0.0.1', '2018-10-17 15:18:30', '2018-10-17 15:18:30'),
(842, NULL, 'created | id => 38 @ SupplierPayment Model', '127.0.0.1', '2018-10-17 15:18:30', '2018-10-17 15:18:30'),
(843, NULL, 'created | id => 39 @ SupplierPayment Model', '127.0.0.1', '2018-10-17 15:18:30', '2018-10-17 15:18:30'),
(844, NULL, 'created | id => 40 @ SupplierPayment Model', '127.0.0.1', '2018-10-17 15:18:30', '2018-10-17 15:18:30'),
(845, NULL, 'created | id => 41 @ SupplierPayment Model', '127.0.0.1', '2018-10-17 15:18:30', '2018-10-17 15:18:30'),
(846, NULL, 'created | id => 42 @ SupplierPayment Model', '127.0.0.1', '2018-10-17 15:18:30', '2018-10-17 15:18:30'),
(847, NULL, 'created | id => 43 @ SupplierPayment Model', '127.0.0.1', '2018-10-17 15:18:30', '2018-10-17 15:18:30'),
(848, NULL, 'created | id => 44 @ SupplierPayment Model', '127.0.0.1', '2018-10-17 15:18:30', '2018-10-17 15:18:30'),
(849, NULL, 'created | id => 45 @ SupplierPayment Model', '127.0.0.1', '2018-10-17 15:18:30', '2018-10-17 15:18:30'),
(850, NULL, 'created | id => 46 @ SupplierPayment Model', '127.0.0.1', '2018-10-17 15:18:30', '2018-10-17 15:18:30'),
(851, NULL, 'created | id => 47 @ SupplierPayment Model', '127.0.0.1', '2018-10-17 15:18:30', '2018-10-17 15:18:30'),
(852, NULL, 'created | id => 48 @ SupplierPayment Model', '127.0.0.1', '2018-10-17 15:18:30', '2018-10-17 15:18:30'),
(853, NULL, 'created | id => 49 @ SupplierPayment Model', '127.0.0.1', '2018-10-17 15:18:30', '2018-10-17 15:18:30'),
(854, NULL, 'created | id => 50 @ SupplierPayment Model', '127.0.0.1', '2018-10-17 15:18:30', '2018-10-17 15:18:30'),
(855, NULL, 'created | id => 1 @ Invoice Model', '127.0.0.1', '2018-10-17 15:18:30', '2018-10-17 15:18:30'),
(856, NULL, 'created | id => 2 @ Invoice Model', '127.0.0.1', '2018-10-17 15:18:30', '2018-10-17 15:18:30'),
(857, NULL, 'created | id => 3 @ Invoice Model', '127.0.0.1', '2018-10-17 15:18:30', '2018-10-17 15:18:30'),
(858, NULL, 'created | id => 4 @ Invoice Model', '127.0.0.1', '2018-10-17 15:18:30', '2018-10-17 15:18:30'),
(859, NULL, 'created | id => 5 @ Invoice Model', '127.0.0.1', '2018-10-17 15:18:30', '2018-10-17 15:18:30'),
(860, NULL, 'created | id => 6 @ Invoice Model', '127.0.0.1', '2018-10-17 15:18:30', '2018-10-17 15:18:30'),
(861, NULL, 'created | id => 7 @ Invoice Model', '127.0.0.1', '2018-10-17 15:18:30', '2018-10-17 15:18:30'),
(862, NULL, 'created | id => 8 @ Invoice Model', '127.0.0.1', '2018-10-17 15:18:30', '2018-10-17 15:18:30'),
(863, NULL, 'created | id => 9 @ Invoice Model', '127.0.0.1', '2018-10-17 15:18:30', '2018-10-17 15:18:30'),
(864, NULL, 'created | id => 10 @ Invoice Model', '127.0.0.1', '2018-10-17 15:18:30', '2018-10-17 15:18:30'),
(865, NULL, 'created | id => 11 @ Invoice Model', '127.0.0.1', '2018-10-17 15:18:30', '2018-10-17 15:18:30'),
(866, NULL, 'created | id => 12 @ Invoice Model', '127.0.0.1', '2018-10-17 15:18:30', '2018-10-17 15:18:30'),
(867, NULL, 'created | id => 13 @ Invoice Model', '127.0.0.1', '2018-10-17 15:18:30', '2018-10-17 15:18:30'),
(868, NULL, 'created | id => 14 @ Invoice Model', '127.0.0.1', '2018-10-17 15:18:30', '2018-10-17 15:18:30'),
(869, NULL, 'created | id => 15 @ Invoice Model', '127.0.0.1', '2018-10-17 15:18:30', '2018-10-17 15:18:30'),
(870, NULL, 'created | id => 16 @ Invoice Model', '127.0.0.1', '2018-10-17 15:18:30', '2018-10-17 15:18:30'),
(871, NULL, 'created | id => 17 @ Invoice Model', '127.0.0.1', '2018-10-17 15:18:30', '2018-10-17 15:18:30'),
(872, NULL, 'created | id => 18 @ Invoice Model', '127.0.0.1', '2018-10-17 15:18:30', '2018-10-17 15:18:30'),
(873, NULL, 'created | id => 19 @ Invoice Model', '127.0.0.1', '2018-10-17 15:18:30', '2018-10-17 15:18:30'),
(874, NULL, 'created | id => 20 @ Invoice Model', '127.0.0.1', '2018-10-17 15:18:30', '2018-10-17 15:18:30'),
(875, NULL, 'created | id => 21 @ Invoice Model', '127.0.0.1', '2018-10-17 15:18:30', '2018-10-17 15:18:30'),
(876, NULL, 'created | id => 22 @ Invoice Model', '127.0.0.1', '2018-10-17 15:18:30', '2018-10-17 15:18:30'),
(877, NULL, 'created | id => 23 @ Invoice Model', '127.0.0.1', '2018-10-17 15:18:30', '2018-10-17 15:18:30'),
(878, NULL, 'created | id => 24 @ Invoice Model', '127.0.0.1', '2018-10-17 15:18:30', '2018-10-17 15:18:30'),
(879, NULL, 'created | id => 25 @ Invoice Model', '127.0.0.1', '2018-10-17 15:18:30', '2018-10-17 15:18:30'),
(880, NULL, 'created | id => 26 @ Invoice Model', '127.0.0.1', '2018-10-17 15:18:30', '2018-10-17 15:18:30'),
(881, NULL, 'created | id => 27 @ Invoice Model', '127.0.0.1', '2018-10-17 15:18:30', '2018-10-17 15:18:30'),
(882, NULL, 'created | id => 28 @ Invoice Model', '127.0.0.1', '2018-10-17 15:18:30', '2018-10-17 15:18:30'),
(883, NULL, 'created | id => 29 @ Invoice Model', '127.0.0.1', '2018-10-17 15:18:30', '2018-10-17 15:18:30'),
(884, NULL, 'created | id => 30 @ Invoice Model', '127.0.0.1', '2018-10-17 15:18:30', '2018-10-17 15:18:30'),
(885, NULL, 'created | id => 31 @ Invoice Model', '127.0.0.1', '2018-10-17 15:18:30', '2018-10-17 15:18:30'),
(886, NULL, 'created | id => 32 @ Invoice Model', '127.0.0.1', '2018-10-17 15:18:30', '2018-10-17 15:18:30'),
(887, NULL, 'created | id => 33 @ Invoice Model', '127.0.0.1', '2018-10-17 15:18:30', '2018-10-17 15:18:30'),
(888, NULL, 'created | id => 34 @ Invoice Model', '127.0.0.1', '2018-10-17 15:18:30', '2018-10-17 15:18:30'),
(889, NULL, 'created | id => 35 @ Invoice Model', '127.0.0.1', '2018-10-17 15:18:30', '2018-10-17 15:18:30'),
(890, NULL, 'created | id => 36 @ Invoice Model', '127.0.0.1', '2018-10-17 15:18:30', '2018-10-17 15:18:30'),
(891, NULL, 'created | id => 37 @ Invoice Model', '127.0.0.1', '2018-10-17 15:18:30', '2018-10-17 15:18:30'),
(892, NULL, 'created | id => 38 @ Invoice Model', '127.0.0.1', '2018-10-17 15:18:30', '2018-10-17 15:18:30'),
(893, NULL, 'created | id => 39 @ Invoice Model', '127.0.0.1', '2018-10-17 15:18:30', '2018-10-17 15:18:30'),
(894, NULL, 'created | id => 40 @ Invoice Model', '127.0.0.1', '2018-10-17 15:18:30', '2018-10-17 15:18:30'),
(895, NULL, 'created | id => 41 @ Invoice Model', '127.0.0.1', '2018-10-17 15:18:30', '2018-10-17 15:18:30'),
(896, NULL, 'created | id => 42 @ Invoice Model', '127.0.0.1', '2018-10-17 15:18:31', '2018-10-17 15:18:31'),
(897, NULL, 'created | id => 43 @ Invoice Model', '127.0.0.1', '2018-10-17 15:18:31', '2018-10-17 15:18:31'),
(898, NULL, 'created | id => 44 @ Invoice Model', '127.0.0.1', '2018-10-17 15:18:31', '2018-10-17 15:18:31'),
(899, NULL, 'created | id => 45 @ Invoice Model', '127.0.0.1', '2018-10-17 15:18:31', '2018-10-17 15:18:31'),
(900, NULL, 'created | id => 46 @ Invoice Model', '127.0.0.1', '2018-10-17 15:18:31', '2018-10-17 15:18:31'),
(901, NULL, 'created | id => 47 @ Invoice Model', '127.0.0.1', '2018-10-17 15:18:31', '2018-10-17 15:18:31'),
(902, NULL, 'created | id => 48 @ Invoice Model', '127.0.0.1', '2018-10-17 15:18:31', '2018-10-17 15:18:31'),
(903, NULL, 'created | id => 49 @ Invoice Model', '127.0.0.1', '2018-10-17 15:18:31', '2018-10-17 15:18:31'),
(904, NULL, 'created | id => 50 @ Invoice Model', '127.0.0.1', '2018-10-17 15:18:31', '2018-10-17 15:18:31');

-- --------------------------------------------------------

--
-- Table structure for table `ads`
--

CREATE TABLE `ads` (
  `id` int(10) UNSIGNED NOT NULL,
  `name` varchar(255) COLLATE utf8mb4_unicode_ci NOT NULL,
  `description` text COLLATE utf8mb4_unicode_ci NOT NULL,
  `url` varchar(255) COLLATE utf8mb4_unicode_ci NOT NULL,
  `created_by_user_id` bigint(20) UNSIGNED DEFAULT NULL,
  `updated_by_user_id` bigint(20) UNSIGNED DEFAULT NULL,
  `created_at` timestamp NULL DEFAULT NULL,
  `updated_at` timestamp NULL DEFAULT NULL
) ENGINE=InnoDB DEFAULT CHARSET=utf8mb4 COLLATE=utf8mb4_unicode_ci;

--
-- Dumping data for table `ads`
--

INSERT INTO `ads` (`id`, `name`, `description`, `url`, `created_by_user_id`, `updated_by_user_id`, `created_at`, `updated_at`) VALUES
(1, 'Julie King', 'Ut nam quae aut eum.', 'http://supplium.test/images/placeholder.png', NULL, NULL, '2018-10-17 15:18:21', '2018-10-17 15:18:21'),
(2, 'Lola Vandervort', 'Quasi totam praesentium et.', 'http://supplium.test/images/placeholder.png', NULL, NULL, '2018-10-17 15:18:21', '2018-10-17 15:18:21'),
(3, 'Ms. Elmira Kub IV', 'Tenetur facere quis excepturi magnam.', 'http://supplium.test/images/placeholder.png', NULL, NULL, '2018-10-17 15:18:21', '2018-10-17 15:18:21'),
(4, 'Dr. Avis Kilback', 'Id reprehenderit nisi aut deserunt.', 'http://supplium.test/images/placeholder.png', NULL, NULL, '2018-10-17 15:18:21', '2018-10-17 15:18:21'),
(5, 'Rachel Bartoletti', 'Animi quo dolor rerum perferendis corrupti sit.', 'http://supplium.test/images/placeholder.png', NULL, NULL, '2018-10-17 15:18:21', '2018-10-17 15:18:21'),
(6, 'Alysa Farrell', 'Iusto sed sed id.', 'http://supplium.test/images/placeholder.png', NULL, NULL, '2018-10-17 15:18:21', '2018-10-17 15:18:21'),
(7, 'Lew VonRueden', 'Nisi rerum temporibus et unde non accusantium.', 'http://supplium.test/images/placeholder.png', NULL, NULL, '2018-10-17 15:18:21', '2018-10-17 15:18:21'),
(8, 'Dr. Osbaldo Bins IV', 'Sunt quaerat officia quam recusandae possimus est.', 'http://supplium.test/images/placeholder.png', NULL, NULL, '2018-10-17 15:18:21', '2018-10-17 15:18:21'),
(9, 'Ms. Chloe Schroeder I', 'Occaecati ut consequatur eum delectus tempore quae repellendus.', 'http://supplium.test/images/placeholder.png', NULL, NULL, '2018-10-17 15:18:21', '2018-10-17 15:18:21'),
(10, 'Dulce Jaskolski', 'Non quas omnis quisquam eos culpa.', 'http://supplium.test/images/placeholder.png', NULL, NULL, '2018-10-17 15:18:21', '2018-10-17 15:18:21'),
(11, 'Dorothea Bradtke', 'Incidunt ut ad distinctio provident et omnis.', 'http://supplium.test/images/placeholder.png', NULL, NULL, '2018-10-17 15:18:21', '2018-10-17 15:18:21'),
(12, 'Cortney Wyman', 'Ipsam ullam voluptatibus praesentium cupiditate.', 'http://supplium.test/images/placeholder.png', NULL, NULL, '2018-10-17 15:18:21', '2018-10-17 15:18:21'),
(13, 'Bell Sipes', 'Quaerat excepturi quis possimus quia minima id.', 'http://supplium.test/images/placeholder.png', NULL, NULL, '2018-10-17 15:18:21', '2018-10-17 15:18:21'),
(14, 'Prof. Einar Rosenbaum PhD', 'Explicabo distinctio aut eaque laudantium omnis pariatur.', 'http://supplium.test/images/placeholder.png', NULL, NULL, '2018-10-17 15:18:21', '2018-10-17 15:18:21'),
(15, 'Dr. Wilhelmine Herzog', 'Nemo iste facilis omnis ea nulla.', 'http://supplium.test/images/placeholder.png', NULL, NULL, '2018-10-17 15:18:21', '2018-10-17 15:18:21'),
(16, 'Myra Schmitt', 'Nihil a magni voluptate.', 'http://supplium.test/images/placeholder.png', NULL, NULL, '2018-10-17 15:18:21', '2018-10-17 15:18:21'),
(17, 'Mr. Ryley Williamson DVM', 'Ipsam asperiores illo alias ut omnis harum.', 'http://supplium.test/images/placeholder.png', NULL, NULL, '2018-10-17 15:18:21', '2018-10-17 15:18:21'),
(18, 'Julius Gleason', 'Ipsam qui in dolor ut tempore modi.', 'http://supplium.test/images/placeholder.png', NULL, NULL, '2018-10-17 15:18:21', '2018-10-17 15:18:21'),
(19, 'Hank Schowalter MD', 'Quaerat sint aliquid corrupti repudiandae.', 'http://supplium.test/images/placeholder.png', NULL, NULL, '2018-10-17 15:18:21', '2018-10-17 15:18:21'),
(20, 'Raphaelle Heidenreich Sr.', 'Facilis a sint accusantium quis.', 'http://supplium.test/images/placeholder.png', NULL, NULL, '2018-10-17 15:18:21', '2018-10-17 15:18:21'),
(21, 'Alexandro Corkery', 'Repudiandae et vero ipsum.', 'http://supplium.test/images/placeholder.png', NULL, NULL, '2018-10-17 15:18:21', '2018-10-17 15:18:21'),
(22, 'Nola Green', 'Aliquid natus repudiandae dolorem qui aut perferendis.', 'http://supplium.test/images/placeholder.png', NULL, NULL, '2018-10-17 15:18:21', '2018-10-17 15:18:21'),
(23, 'Chandler Hane', 'Neque qui non voluptatem est quo.', 'http://supplium.test/images/placeholder.png', NULL, NULL, '2018-10-17 15:18:21', '2018-10-17 15:18:21'),
(24, 'Birdie Russel', 'Ducimus voluptatem libero consequuntur possimus doloremque mollitia.', 'http://supplium.test/images/placeholder.png', NULL, NULL, '2018-10-17 15:18:21', '2018-10-17 15:18:21'),
(25, 'Mr. Ron Lubowitz', 'Quia animi nobis pariatur nihil.', 'http://supplium.test/images/placeholder.png', NULL, NULL, '2018-10-17 15:18:21', '2018-10-17 15:18:21'),
(26, 'Sid Tremblay', 'Ut quas illum reprehenderit praesentium.', 'http://supplium.test/images/placeholder.png', NULL, NULL, '2018-10-17 15:18:21', '2018-10-17 15:18:21'),
(27, 'Johnson McClure', 'Vitae ad est totam quod aut.', 'http://supplium.test/images/placeholder.png', NULL, NULL, '2018-10-17 15:18:21', '2018-10-17 15:18:21'),
(28, 'Mr. Hardy Kub', 'Veniam et ut incidunt.', 'http://supplium.test/images/placeholder.png', NULL, NULL, '2018-10-17 15:18:21', '2018-10-17 15:18:21'),
(29, 'Ivah O\'Keefe', 'Quis voluptates sit consequatur consequatur.', 'http://supplium.test/images/placeholder.png', NULL, NULL, '2018-10-17 15:18:21', '2018-10-17 15:18:21'),
(30, 'Myra Ritchie', 'Molestiae molestiae velit quia.', 'http://supplium.test/images/placeholder.png', NULL, NULL, '2018-10-17 15:18:21', '2018-10-17 15:18:21'),
(31, 'Audie Doyle', 'Beatae culpa aut et inventore illum atque.', 'http://supplium.test/images/placeholder.png', NULL, NULL, '2018-10-17 15:18:21', '2018-10-17 15:18:21'),
(32, 'Bernardo McKenzie II', 'Quibusdam est adipisci qui.', 'http://supplium.test/images/placeholder.png', NULL, NULL, '2018-10-17 15:18:21', '2018-10-17 15:18:21'),
(33, 'Golda Orn', 'Veniam aut voluptates nobis.', 'http://supplium.test/images/placeholder.png', NULL, NULL, '2018-10-17 15:18:21', '2018-10-17 15:18:21'),
(34, 'Savanah O\'Connell Jr.', 'Et qui voluptatem ipsa.', 'http://supplium.test/images/placeholder.png', NULL, NULL, '2018-10-17 15:18:21', '2018-10-17 15:18:21'),
(35, 'Manuel Schaden', 'Doloremque cupiditate laboriosam tenetur et ratione non.', 'http://supplium.test/images/placeholder.png', NULL, NULL, '2018-10-17 15:18:21', '2018-10-17 15:18:21'),
(36, 'Chanelle Parker', 'Commodi aut quibusdam architecto.', 'http://supplium.test/images/placeholder.png', NULL, NULL, '2018-10-17 15:18:21', '2018-10-17 15:18:21'),
(37, 'Mrs. Grace Volkman', 'Enim sit ipsum voluptatibus sint.', 'http://supplium.test/images/placeholder.png', NULL, NULL, '2018-10-17 15:18:21', '2018-10-17 15:18:21'),
(38, 'Hector Kozey', 'Praesentium fugiat accusamus porro quaerat minus omnis.', 'http://supplium.test/images/placeholder.png', NULL, NULL, '2018-10-17 15:18:21', '2018-10-17 15:18:21'),
(39, 'Abraham Koelpin', 'Et eos perspiciatis voluptas qui.', 'http://supplium.test/images/placeholder.png', NULL, NULL, '2018-10-17 15:18:21', '2018-10-17 15:18:21'),
(40, 'Prof. Lorena Lubowitz I', 'Eos quis qui ea soluta vel laborum.', 'http://supplium.test/images/placeholder.png', NULL, NULL, '2018-10-17 15:18:21', '2018-10-17 15:18:21'),
(41, 'Bridgette Durgan', 'Qui beatae temporibus est itaque.', 'http://supplium.test/images/placeholder.png', NULL, NULL, '2018-10-17 15:18:21', '2018-10-17 15:18:21'),
(42, 'Mrs. Lisette Glover', 'Beatae quis vitae aut veritatis aspernatur soluta.', 'http://supplium.test/images/placeholder.png', NULL, NULL, '2018-10-17 15:18:21', '2018-10-17 15:18:21'),
(43, 'Donnie West', 'Eum vel consequuntur tempore ipsa repudiandae aliquid.', 'http://supplium.test/images/placeholder.png', NULL, NULL, '2018-10-17 15:18:21', '2018-10-17 15:18:21'),
(44, 'Chaya Farrell', 'Rerum cum est sequi non.', 'http://supplium.test/images/placeholder.png', NULL, NULL, '2018-10-17 15:18:21', '2018-10-17 15:18:21'),
(45, 'Genesis Terry', 'Debitis iure itaque repellat sit quia.', 'http://supplium.test/images/placeholder.png', NULL, NULL, '2018-10-17 15:18:21', '2018-10-17 15:18:21'),
(46, 'Sarai Volkman', 'Eaque qui eius quibusdam quia aut asperiores.', 'http://supplium.test/images/placeholder.png', NULL, NULL, '2018-10-17 15:18:21', '2018-10-17 15:18:21'),
(47, 'Cedrick Moore', 'Corrupti vel repellat molestiae necessitatibus dolores.', 'http://supplium.test/images/placeholder.png', NULL, NULL, '2018-10-17 15:18:21', '2018-10-17 15:18:21'),
(48, 'Providenci Lakin', 'Praesentium facilis et repellat vel modi.', 'http://supplium.test/images/placeholder.png', NULL, NULL, '2018-10-17 15:18:21', '2018-10-17 15:18:21'),
(49, 'Harry Orn PhD', 'Sint enim nesciunt eligendi et qui qui.', 'http://supplium.test/images/placeholder.png', NULL, NULL, '2018-10-17 15:18:22', '2018-10-17 15:18:22'),
(50, 'Mr. Gianni Leffler', 'Adipisci aut ut sint.', 'http://supplium.test/images/placeholder.png', NULL, NULL, '2018-10-17 15:18:22', '2018-10-17 15:18:22');

-- --------------------------------------------------------

--
-- Table structure for table `brands`
--

CREATE TABLE `brands` (
  `id` int(10) UNSIGNED NOT NULL,
  `name` varchar(255) COLLATE utf8mb4_unicode_ci NOT NULL,
  `description` text COLLATE utf8mb4_unicode_ci NOT NULL,
  `company_id` bigint(20) UNSIGNED NOT NULL,
  `created_by_user_id` bigint(20) UNSIGNED DEFAULT NULL,
  `updated_by_user_id` bigint(20) UNSIGNED DEFAULT NULL,
  `created_at` timestamp NULL DEFAULT NULL,
  `updated_at` timestamp NULL DEFAULT NULL
) ENGINE=InnoDB DEFAULT CHARSET=utf8mb4 COLLATE=utf8mb4_unicode_ci;

--
-- Dumping data for table `brands`
--

INSERT INTO `brands` (`id`, `name`, `description`, `company_id`, `created_by_user_id`, `updated_by_user_id`, `created_at`, `updated_at`) VALUES
(1, 'Orin Jacobs', 'Nemo et et modi velit enim ducimus adipisci.', 1, NULL, NULL, '2018-10-17 15:18:16', '2018-10-17 15:18:16'),
(2, 'Trycia Gottlieb', 'Debitis rerum magnam non aut voluptas magni qui.', 1, NULL, NULL, '2018-10-17 15:18:16', '2018-10-17 15:18:16'),
(3, 'Elouise Jones', 'Ex consequatur odit nisi.', 1, NULL, NULL, '2018-10-17 15:18:16', '2018-10-17 15:18:16'),
(4, 'Maxine Sipes', 'Explicabo blanditiis maiores esse nulla.', 1, NULL, NULL, '2018-10-17 15:18:16', '2018-10-17 15:18:16'),
(5, 'Crawford McClure Sr.', 'Ex doloribus repellendus non suscipit.', 1, NULL, NULL, '2018-10-17 15:18:16', '2018-10-17 15:18:16'),
(6, 'Tristian Dickens', 'Voluptates hic facere adipisci quasi.', 1, NULL, NULL, '2018-10-17 15:18:16', '2018-10-17 15:18:16'),
(7, 'Mr. Wilfred Cummings DDS', 'Repellat ad cumque vitae et.', 1, NULL, NULL, '2018-10-17 15:18:16', '2018-10-17 15:18:16'),
(8, 'Joaquin Bashirian', 'Ut itaque recusandae atque facere et nesciunt quis.', 1, NULL, NULL, '2018-10-17 15:18:16', '2018-10-17 15:18:16'),
(9, 'Emily Purdy III', 'Ea perferendis architecto ex dignissimos incidunt.', 1, NULL, NULL, '2018-10-17 15:18:16', '2018-10-17 15:18:16'),
(10, 'Alfonso Turcotte Sr.', 'Eos quaerat ipsa occaecati qui.', 1, NULL, NULL, '2018-10-17 15:18:16', '2018-10-17 15:18:16'),
(11, 'Dr. Amani Tillman DDS', 'Distinctio suscipit quaerat facilis consequatur magni provident.', 1, NULL, NULL, '2018-10-17 15:18:16', '2018-10-17 15:18:16'),
(12, 'Lauretta Herman', 'Repudiandae voluptatum voluptatibus magni earum corporis blanditiis rerum.', 1, NULL, NULL, '2018-10-17 15:18:16', '2018-10-17 15:18:16'),
(13, 'Ms. Kaya Waters', 'Error minima debitis velit.', 1, NULL, NULL, '2018-10-17 15:18:16', '2018-10-17 15:18:16'),
(14, 'Rogelio Crooks', 'Velit alias adipisci illum optio doloribus.', 1, NULL, NULL, '2018-10-17 15:18:17', '2018-10-17 15:18:17'),
(15, 'Pasquale Beier Sr.', 'Animi quod et dolorem exercitationem commodi.', 1, NULL, NULL, '2018-10-17 15:18:17', '2018-10-17 15:18:17'),
(16, 'Sincere Connelly', 'Aliquid dolores est est voluptatibus fugiat aut.', 1, NULL, NULL, '2018-10-17 15:18:17', '2018-10-17 15:18:17'),
(17, 'Terence Kovacek Jr.', 'Alias tenetur sapiente quis illo cum recusandae ipsam.', 1, NULL, NULL, '2018-10-17 15:18:17', '2018-10-17 15:18:17'),
(18, 'Prof. Hiram Lowe', 'Architecto pariatur voluptatem tenetur sunt asperiores voluptatum.', 1, NULL, NULL, '2018-10-17 15:18:17', '2018-10-17 15:18:17'),
(19, 'Dena Quitzon', 'Iure sint voluptas est iusto saepe similique suscipit dicta.', 1, NULL, NULL, '2018-10-17 15:18:17', '2018-10-17 15:18:17'),
(20, 'Mr. Tyshawn O\'Hara', 'Quisquam ut sint dolor suscipit veniam dolorem dolores fugit.', 1, NULL, NULL, '2018-10-17 15:18:17', '2018-10-17 15:18:17'),
(21, 'Daren Rempel', 'Voluptatibus aut quam cupiditate officia nesciunt.', 1, NULL, NULL, '2018-10-17 15:18:17', '2018-10-17 15:18:17'),
(22, 'Sharon Gleason', 'Veniam quis architecto et quia aperiam et nihil.', 1, NULL, NULL, '2018-10-17 15:18:17', '2018-10-17 15:18:17'),
(23, 'Nola Kohler II', 'Quia deserunt nostrum aut.', 1, NULL, NULL, '2018-10-17 15:18:17', '2018-10-17 15:18:17'),
(24, 'Marisa Hettinger', 'Quasi eum sed officia enim.', 1, NULL, NULL, '2018-10-17 15:18:17', '2018-10-17 15:18:17'),
(25, 'Zoe Schoen', 'Non laudantium aliquid quia facere impedit totam.', 1, NULL, NULL, '2018-10-17 15:18:17', '2018-10-17 15:18:17'),
(26, 'Sid Champlin PhD', 'Qui earum modi repellat in.', 1, NULL, NULL, '2018-10-17 15:18:17', '2018-10-17 15:18:17'),
(27, 'Alfonzo Collins', 'Tempore neque excepturi soluta nobis possimus.', 1, NULL, NULL, '2018-10-17 15:18:17', '2018-10-17 15:18:17'),
(28, 'Mabelle Glover IV', 'Dolores sit saepe praesentium neque aperiam in.', 19, NULL, NULL, '2018-10-17 15:18:17', '2018-10-17 15:18:17'),
(29, 'Miss Jade Daugherty Jr.', 'Quisquam et quae praesentium a totam autem.', 44, NULL, NULL, '2018-10-17 15:18:17', '2018-10-17 15:18:17'),
(30, 'Alexa Schneider', 'Laboriosam sit illum dolor sit rerum omnis.', 26, NULL, NULL, '2018-10-17 15:18:17', '2018-10-17 15:18:17'),
(31, 'Prof. Lonny Ankunding Jr.', 'Quae ea velit aut tenetur maxime et et et.', 19, NULL, NULL, '2018-10-17 15:18:17', '2018-10-17 15:18:17'),
(32, 'Prof. Simeon Ankunding', 'In nesciunt dolore sequi pariatur.', 19, NULL, NULL, '2018-10-17 15:18:17', '2018-10-17 15:18:17'),
(33, 'Eduardo Hettinger', 'Suscipit autem et dolor excepturi sunt doloremque dolores.', 9, NULL, NULL, '2018-10-17 15:18:17', '2018-10-17 15:18:17'),
(34, 'Angelo Bayer', 'Totam laborum numquam unde mollitia voluptas maxime.', 22, NULL, NULL, '2018-10-17 15:18:17', '2018-10-17 15:18:17'),
(35, 'Dr. Laury Dickens MD', 'Sunt illum officia vel accusantium nostrum.', 39, NULL, NULL, '2018-10-17 15:18:17', '2018-10-17 15:18:17'),
(36, 'Arvilla Treutel', 'Nulla ipsam eum autem inventore.', 29, NULL, NULL, '2018-10-17 15:18:17', '2018-10-17 15:18:17'),
(37, 'Emerson Wunsch', 'Esse dolorem consectetur porro quos id quo quos.', 12, NULL, NULL, '2018-10-17 15:18:17', '2018-10-17 15:18:17'),
(38, 'Verla Kihn V', 'Iure molestias nam vitae aspernatur ipsam.', 49, NULL, NULL, '2018-10-17 15:18:17', '2018-10-17 15:18:17'),
(39, 'Joana Franecki DVM', 'Quas in eos maxime aut quis sed aut repellat.', 48, NULL, NULL, '2018-10-17 15:18:17', '2018-10-17 15:18:17'),
(40, 'Cory Zemlak', 'Aut ab unde fugit quis.', 14, NULL, NULL, '2018-10-17 15:18:17', '2018-10-17 15:18:17'),
(41, 'Lon Green', 'Amet qui dolor occaecati ad fugiat sit.', 6, NULL, NULL, '2018-10-17 15:18:17', '2018-10-17 15:18:17'),
(42, 'Ariel Little', 'Dolorem repudiandae unde consequatur velit cumque doloremque soluta.', 30, NULL, NULL, '2018-10-17 15:18:17', '2018-10-17 15:18:17'),
(43, 'Conrad Erdman', 'Similique aut architecto iste assumenda.', 10, NULL, NULL, '2018-10-17 15:18:17', '2018-10-17 15:18:17'),
(44, 'Mr. Willard Raynor', 'Est ad sint et mollitia non.', 48, NULL, NULL, '2018-10-17 15:18:17', '2018-10-17 15:18:17'),
(45, 'Alford Roob', 'Ut nihil rem voluptatem aspernatur possimus minima alias.', 26, NULL, NULL, '2018-10-17 15:18:17', '2018-10-17 15:18:17'),
(46, 'Brooke Considine', 'Hic aut ea et dicta reiciendis ea.', 18, NULL, NULL, '2018-10-17 15:18:17', '2018-10-17 15:18:17'),
(47, 'Alvah Smith', 'Maiores eligendi aut magni ut.', 32, NULL, NULL, '2018-10-17 15:18:17', '2018-10-17 15:18:17'),
(48, 'Mrs. Pascale Sporer DDS', 'Consequatur saepe consequatur delectus quas est non ab.', 50, NULL, NULL, '2018-10-17 15:18:17', '2018-10-17 15:18:17'),
(49, 'Prof. Frederic Kuhic Sr.', 'Qui enim natus quasi.', 39, NULL, NULL, '2018-10-17 15:18:17', '2018-10-17 15:18:17'),
(50, 'Leatha Lowe I', 'Autem quae quod sunt.', 21, NULL, NULL, '2018-10-17 15:18:17', '2018-10-17 15:18:17');

-- --------------------------------------------------------

--
-- Table structure for table `brand_supplier`
--

CREATE TABLE `brand_supplier` (
  `id` int(10) UNSIGNED NOT NULL,
  `brand_id` bigint(20) UNSIGNED NOT NULL,
  `supplier_id` bigint(20) UNSIGNED NOT NULL,
  `created_at` timestamp NULL DEFAULT NULL,
  `updated_at` timestamp NULL DEFAULT NULL
) ENGINE=InnoDB DEFAULT CHARSET=utf8mb4 COLLATE=utf8mb4_unicode_ci;

--
-- Dumping data for table `brand_supplier`
--

INSERT INTO `brand_supplier` (`id`, `brand_id`, `supplier_id`, `created_at`, `updated_at`) VALUES
(1, 41, 4, '2018-10-17 15:18:28', '2018-10-17 15:18:28'),
(2, 37, 20, '2018-10-17 15:18:28', '2018-10-17 15:18:28'),
(3, 49, 37, '2018-10-17 15:18:28', '2018-10-17 15:18:28'),
(4, 49, 27, '2018-10-17 15:18:28', '2018-10-17 15:18:28'),
(5, 50, 31, '2018-10-17 15:18:28', '2018-10-17 15:18:28'),
(6, 28, 49, '2018-10-17 15:18:28', '2018-10-17 15:18:28'),
(7, 48, 45, '2018-10-17 15:18:28', '2018-10-17 15:18:28'),
(8, 41, 37, '2018-10-17 15:18:28', '2018-10-17 15:18:28'),
(9, 15, 11, '2018-10-17 15:18:28', '2018-10-17 15:18:28'),
(10, 38, 14, '2018-10-17 15:18:28', '2018-10-17 15:18:28'),
(11, 7, 31, '2018-10-17 15:18:28', '2018-10-17 15:18:28'),
(12, 33, 1, '2018-10-17 15:18:28', '2018-10-17 15:18:28'),
(13, 15, 27, '2018-10-17 15:18:28', '2018-10-17 15:18:28'),
(14, 27, 36, '2018-10-17 15:18:28', '2018-10-17 15:18:28'),
(15, 7, 39, '2018-10-17 15:18:28', '2018-10-17 15:18:28'),
(16, 30, 31, '2018-10-17 15:18:28', '2018-10-17 15:18:28'),
(17, 17, 28, '2018-10-17 15:18:28', '2018-10-17 15:18:28'),
(18, 19, 32, '2018-10-17 15:18:28', '2018-10-17 15:18:28'),
(19, 20, 38, '2018-10-17 15:18:28', '2018-10-17 15:18:28'),
(20, 35, 46, '2018-10-17 15:18:28', '2018-10-17 15:18:28'),
(21, 7, 30, '2018-10-17 15:18:28', '2018-10-17 15:18:28'),
(22, 30, 26, '2018-10-17 15:18:28', '2018-10-17 15:18:28'),
(23, 18, 24, '2018-10-17 15:18:28', '2018-10-17 15:18:28'),
(24, 19, 15, '2018-10-17 15:18:28', '2018-10-17 15:18:28'),
(25, 16, 16, '2018-10-17 15:18:28', '2018-10-17 15:18:28'),
(26, 34, 30, '2018-10-17 15:18:28', '2018-10-17 15:18:28'),
(27, 35, 18, '2018-10-17 15:18:29', '2018-10-17 15:18:29'),
(28, 8, 32, '2018-10-17 15:18:29', '2018-10-17 15:18:29'),
(29, 22, 11, '2018-10-17 15:18:29', '2018-10-17 15:18:29'),
(30, 11, 33, '2018-10-17 15:18:29', '2018-10-17 15:18:29'),
(31, 28, 50, '2018-10-17 15:18:29', '2018-10-17 15:18:29'),
(32, 47, 1, '2018-10-17 15:18:29', '2018-10-17 15:18:29'),
(33, 21, 50, '2018-10-17 15:18:29', '2018-10-17 15:18:29'),
(34, 8, 49, '2018-10-17 15:18:29', '2018-10-17 15:18:29'),
(35, 44, 47, '2018-10-17 15:18:29', '2018-10-17 15:18:29'),
(36, 43, 37, '2018-10-17 15:18:29', '2018-10-17 15:18:29'),
(37, 18, 35, '2018-10-17 15:18:29', '2018-10-17 15:18:29'),
(38, 8, 43, '2018-10-17 15:18:29', '2018-10-17 15:18:29'),
(39, 12, 40, '2018-10-17 15:18:29', '2018-10-17 15:18:29'),
(40, 6, 31, '2018-10-17 15:18:29', '2018-10-17 15:18:29'),
(41, 29, 22, '2018-10-17 15:18:29', '2018-10-17 15:18:29'),
(42, 20, 29, '2018-10-17 15:18:29', '2018-10-17 15:18:29'),
(43, 17, 46, '2018-10-17 15:18:29', '2018-10-17 15:18:29'),
(44, 1, 30, '2018-10-17 15:18:29', '2018-10-17 15:18:29'),
(45, 32, 50, '2018-10-17 15:18:29', '2018-10-17 15:18:29'),
(46, 22, 28, '2018-10-17 15:18:29', '2018-10-17 15:18:29'),
(47, 25, 15, '2018-10-17 15:18:29', '2018-10-17 15:18:29'),
(48, 43, 10, '2018-10-17 15:18:29', '2018-10-17 15:18:29'),
(49, 50, 42, '2018-10-17 15:18:29', '2018-10-17 15:18:29'),
(50, 15, 1, '2018-10-17 15:18:29', '2018-10-17 15:18:29');

-- --------------------------------------------------------

--
-- Table structure for table `carts`
--

CREATE TABLE `carts` (
  `id` int(10) UNSIGNED NOT NULL,
  `status` enum('empty','not_empty') COLLATE utf8mb4_unicode_ci NOT NULL,
  `notes` text COLLATE utf8mb4_unicode_ci,
  `products` text COLLATE utf8mb4_unicode_ci NOT NULL,
  `outlet_id` bigint(20) UNSIGNED NOT NULL,
  `created_by_user_id` bigint(20) UNSIGNED DEFAULT NULL,
  `updated_by_user_id` bigint(20) UNSIGNED DEFAULT NULL,
  `created_at` timestamp NULL DEFAULT NULL,
  `updated_at` timestamp NULL DEFAULT NULL
) ENGINE=InnoDB DEFAULT CHARSET=utf8mb4 COLLATE=utf8mb4_unicode_ci;

--
-- Dumping data for table `carts`
--

INSERT INTO `carts` (`id`, `status`, `notes`, `products`, `outlet_id`, `created_by_user_id`, `updated_by_user_id`, `created_at`, `updated_at`) VALUES
(1, 'not_empty', 'Possimus magni placeat tempore eos qui.', '[21,2,32]', 15, NULL, NULL, '2018-10-17 15:18:22', '2018-10-17 15:18:22'),
(2, 'not_empty', 'Nihil non maiores vitae deleniti.', '[41,43,16]', 30, NULL, NULL, '2018-10-17 15:18:22', '2018-10-17 15:18:22'),
(3, 'not_empty', 'Voluptatem aut vitae fuga.', '[12,40,29]', 33, NULL, NULL, '2018-10-17 15:18:22', '2018-10-17 15:18:22'),
(4, 'empty', 'Et occaecati dicta omnis numquam quibusdam.', '[41,13,19]', 8, NULL, NULL, '2018-10-17 15:18:22', '2018-10-17 15:18:22'),
(5, 'empty', 'Autem explicabo voluptate qui.', '[5,19,16]', 27, NULL, NULL, '2018-10-17 15:18:22', '2018-10-17 15:18:22'),
(6, 'empty', 'Eum ex et exercitationem nulla.', '[14,31,9]', 26, NULL, NULL, '2018-10-17 15:18:22', '2018-10-17 15:18:22'),
(7, 'not_empty', 'Deleniti est qui id nulla provident soluta.', '[9,43,26]', 39, NULL, NULL, '2018-10-17 15:18:22', '2018-10-17 15:18:22'),
(8, 'not_empty', 'Odio totam et omnis qui et nam.', '[10,7,14]', 36, NULL, NULL, '2018-10-17 15:18:23', '2018-10-17 15:18:23'),
(9, 'empty', 'Quia necessitatibus perspiciatis rerum.', '[38,12,21]', 17, NULL, NULL, '2018-10-17 15:18:23', '2018-10-17 15:18:23'),
(10, 'not_empty', 'Enim quas expedita delectus modi.', '[19,47,3]', 29, NULL, NULL, '2018-10-17 15:18:23', '2018-10-17 15:18:23'),
(11, 'not_empty', 'Molestias est aut quia ad quas.', '[35,5,25]', 10, NULL, NULL, '2018-10-17 15:18:23', '2018-10-17 15:18:23'),
(12, 'not_empty', 'Quibusdam dignissimos et molestias.', '[5,34,34]', 41, NULL, NULL, '2018-10-17 15:18:23', '2018-10-17 15:18:23'),
(13, 'not_empty', 'Quidem quia debitis nulla vel nulla.', '[1,45,33]', 48, NULL, NULL, '2018-10-17 15:18:23', '2018-10-17 15:18:23'),
(14, 'empty', 'Ullam voluptatem et voluptas est.', '[41,45,35]', 3, NULL, NULL, '2018-10-17 15:18:23', '2018-10-17 15:18:23'),
(15, 'not_empty', 'Aut quam excepturi rerum fugiat minima ut.', '[33,35,26]', 44, NULL, NULL, '2018-10-17 15:18:23', '2018-10-17 15:18:23'),
(16, 'empty', 'Dolore voluptas at sit dolores ipsa.', '[17,45,44]', 42, NULL, NULL, '2018-10-17 15:18:23', '2018-10-17 15:18:23'),
(17, 'not_empty', 'Sint nesciunt error quia.', '[18,10,21]', 21, NULL, NULL, '2018-10-17 15:18:23', '2018-10-17 15:18:23'),
(18, 'not_empty', 'Rerum fugit ut repellat.', '[32,42,21]', 43, NULL, NULL, '2018-10-17 15:18:23', '2018-10-17 15:18:23'),
(19, 'empty', 'Non ipsum blanditiis quibusdam.', '[43,43,37]', 38, NULL, NULL, '2018-10-17 15:18:23', '2018-10-17 15:18:23'),
(20, 'not_empty', 'Molestiae dolorem dolor quis autem neque.', '[6,16,38]', 35, NULL, NULL, '2018-10-17 15:18:23', '2018-10-17 15:18:23'),
(21, 'not_empty', 'Temporibus pariatur cum quae praesentium.', '[46,17,16]', 3, NULL, NULL, '2018-10-17 15:18:23', '2018-10-17 15:18:23'),
(22, 'empty', 'Facere molestiae ut fuga nisi et perferendis.', '[44,17,19]', 7, NULL, NULL, '2018-10-17 15:18:23', '2018-10-17 15:18:23'),
(23, 'empty', 'Vel cumque ratione eligendi.', '[41,6,37]', 39, NULL, NULL, '2018-10-17 15:18:23', '2018-10-17 15:18:23'),
(24, 'empty', 'Voluptas inventore omnis quia voluptates et accusamus.', '[41,14,2]', 40, NULL, NULL, '2018-10-17 15:18:23', '2018-10-17 15:18:23'),
(25, 'not_empty', 'Et fugit explicabo illum totam quam et.', '[25,2,8]', 13, NULL, NULL, '2018-10-17 15:18:23', '2018-10-17 15:18:23'),
(26, 'empty', 'Dolores sint suscipit unde suscipit necessitatibus.', '[33,17,47]', 35, NULL, NULL, '2018-10-17 15:18:23', '2018-10-17 15:18:23'),
(27, 'not_empty', 'Tempora aut eaque velit unde sed.', '[4,50,4]', 2, NULL, NULL, '2018-10-17 15:18:23', '2018-10-17 15:18:23'),
(28, 'not_empty', 'Voluptas eum provident qui fugiat dolore.', '[24,22,40]', 49, NULL, NULL, '2018-10-17 15:18:23', '2018-10-17 15:18:23'),
(29, 'empty', 'Dolorum asperiores enim ullam consequatur.', '[38,43,3]', 10, NULL, NULL, '2018-10-17 15:18:23', '2018-10-17 15:18:23'),
(30, 'not_empty', 'Magnam soluta quaerat magnam ratione hic neque.', '[13,39,40]', 42, NULL, NULL, '2018-10-17 15:18:23', '2018-10-17 15:18:23'),
(31, 'empty', 'Porro molestiae et officia alias provident enim.', '[38,35,44]', 11, NULL, NULL, '2018-10-17 15:18:23', '2018-10-17 15:18:23'),
(32, 'empty', 'Laborum blanditiis rem labore veniam.', '[3,22,17]', 49, NULL, NULL, '2018-10-17 15:18:23', '2018-10-17 15:18:23'),
(33, 'empty', 'Mollitia eum delectus quia ab.', '[21,28,24]', 35, NULL, NULL, '2018-10-17 15:18:23', '2018-10-17 15:18:23'),
(34, 'not_empty', 'Et et facilis totam architecto et.', '[45,8,26]', 38, NULL, NULL, '2018-10-17 15:18:23', '2018-10-17 15:18:23'),
(35, 'not_empty', 'Accusamus minima tempora impedit voluptas.', '[42,33,26]', 35, NULL, NULL, '2018-10-17 15:18:23', '2018-10-17 15:18:23'),
(36, 'empty', 'Atque ratione at accusantium velit est ut iste.', '[46,3,46]', 5, NULL, NULL, '2018-10-17 15:18:23', '2018-10-17 15:18:23'),
(37, 'not_empty', 'Veniam consequatur ut aliquid.', '[19,41,12]', 42, NULL, NULL, '2018-10-17 15:18:23', '2018-10-17 15:18:23'),
(38, 'not_empty', 'Impedit qui nesciunt ut quo tempora.', '[23,8,29]', 48, NULL, NULL, '2018-10-17 15:18:23', '2018-10-17 15:18:23'),
(39, 'empty', 'Minima temporibus reiciendis est.', '[13,26,28]', 18, NULL, NULL, '2018-10-17 15:18:23', '2018-10-17 15:18:23'),
(40, 'not_empty', 'Non ut corporis exercitationem nisi atque dolores.', '[36,18,43]', 14, NULL, NULL, '2018-10-17 15:18:23', '2018-10-17 15:18:23'),
(41, 'empty', 'Qui necessitatibus aut et maiores.', '[32,39,39]', 13, NULL, NULL, '2018-10-17 15:18:23', '2018-10-17 15:18:23'),
(42, 'empty', 'Non deserunt suscipit quo aliquid iure ab explicabo.', '[20,17,29]', 13, NULL, NULL, '2018-10-17 15:18:23', '2018-10-17 15:18:23'),
(43, 'not_empty', 'Molestias tempora exercitationem dolorem corporis enim quia.', '[13,38,41]', 10, NULL, NULL, '2018-10-17 15:18:23', '2018-10-17 15:18:23'),
(44, 'empty', 'In est dolores atque quis accusamus.', '[42,7,18]', 44, NULL, NULL, '2018-10-17 15:18:23', '2018-10-17 15:18:23'),
(45, 'empty', 'Asperiores aperiam et ducimus ut aut.', '[41,26,17]', 11, NULL, NULL, '2018-10-17 15:18:23', '2018-10-17 15:18:23'),
(46, 'empty', 'Sint nihil asperiores amet omnis explicabo consequatur.', '[40,26,29]', 16, NULL, NULL, '2018-10-17 15:18:23', '2018-10-17 15:18:23'),
(47, 'empty', 'Rem dolor recusandae eum voluptatem.', '[5,8,25]', 34, NULL, NULL, '2018-10-17 15:18:23', '2018-10-17 15:18:23'),
(48, 'not_empty', 'At dignissimos quibusdam repellendus.', '[29,26,11]', 20, NULL, NULL, '2018-10-17 15:18:23', '2018-10-17 15:18:23'),
(49, 'not_empty', 'Quo vero ea commodi.', '[39,44,49]', 19, NULL, NULL, '2018-10-17 15:18:23', '2018-10-17 15:18:23'),
(50, 'empty', 'Dicta a eum quasi at.', '[39,48,33]', 35, NULL, NULL, '2018-10-17 15:18:23', '2018-10-17 15:18:23');

-- --------------------------------------------------------

--
-- Table structure for table `cart_product`
--

CREATE TABLE `cart_product` (
  `id` int(10) UNSIGNED NOT NULL,
  `cart_id` bigint(20) UNSIGNED NOT NULL,
  `product_id` bigint(20) UNSIGNED NOT NULL,
  `created_at` timestamp NULL DEFAULT NULL,
  `updated_at` timestamp NULL DEFAULT NULL
) ENGINE=InnoDB DEFAULT CHARSET=utf8mb4 COLLATE=utf8mb4_unicode_ci;

--
-- Dumping data for table `cart_product`
--

INSERT INTO `cart_product` (`id`, `cart_id`, `product_id`, `created_at`, `updated_at`) VALUES
(1, 29, 11, '2018-10-17 15:18:27', '2018-10-17 15:18:27'),
(2, 38, 3, '2018-10-17 15:18:27', '2018-10-17 15:18:27'),
(3, 21, 49, '2018-10-17 15:18:27', '2018-10-17 15:18:27'),
(4, 47, 28, '2018-10-17 15:18:27', '2018-10-17 15:18:27'),
(5, 41, 26, '2018-10-17 15:18:27', '2018-10-17 15:18:27'),
(6, 48, 50, '2018-10-17 15:18:27', '2018-10-17 15:18:27'),
(7, 50, 44, '2018-10-17 15:18:27', '2018-10-17 15:18:27'),
(8, 33, 44, '2018-10-17 15:18:27', '2018-10-17 15:18:27'),
(9, 17, 22, '2018-10-17 15:18:27', '2018-10-17 15:18:27'),
(10, 41, 29, '2018-10-17 15:18:27', '2018-10-17 15:18:27'),
(11, 31, 45, '2018-10-17 15:18:27', '2018-10-17 15:18:27'),
(12, 26, 12, '2018-10-17 15:18:27', '2018-10-17 15:18:27'),
(13, 30, 30, '2018-10-17 15:18:27', '2018-10-17 15:18:27'),
(14, 43, 17, '2018-10-17 15:18:27', '2018-10-17 15:18:27'),
(15, 48, 35, '2018-10-17 15:18:27', '2018-10-17 15:18:27'),
(16, 10, 12, '2018-10-17 15:18:27', '2018-10-17 15:18:27'),
(17, 21, 33, '2018-10-17 15:18:27', '2018-10-17 15:18:27'),
(18, 31, 5, '2018-10-17 15:18:27', '2018-10-17 15:18:27'),
(19, 29, 41, '2018-10-17 15:18:27', '2018-10-17 15:18:27'),
(20, 6, 39, '2018-10-17 15:18:27', '2018-10-17 15:18:27'),
(21, 32, 13, '2018-10-17 15:18:27', '2018-10-17 15:18:27'),
(22, 5, 39, '2018-10-17 15:18:27', '2018-10-17 15:18:27'),
(23, 8, 15, '2018-10-17 15:18:27', '2018-10-17 15:18:27'),
(24, 15, 22, '2018-10-17 15:18:27', '2018-10-17 15:18:27'),
(25, 15, 39, '2018-10-17 15:18:27', '2018-10-17 15:18:27'),
(26, 41, 41, '2018-10-17 15:18:27', '2018-10-17 15:18:27'),
(27, 14, 13, '2018-10-17 15:18:27', '2018-10-17 15:18:27'),
(28, 9, 44, '2018-10-17 15:18:27', '2018-10-17 15:18:27'),
(29, 10, 5, '2018-10-17 15:18:27', '2018-10-17 15:18:27'),
(30, 21, 6, '2018-10-17 15:18:27', '2018-10-17 15:18:27'),
(31, 17, 35, '2018-10-17 15:18:27', '2018-10-17 15:18:27'),
(32, 13, 23, '2018-10-17 15:18:27', '2018-10-17 15:18:27'),
(33, 3, 28, '2018-10-17 15:18:27', '2018-10-17 15:18:27'),
(34, 13, 38, '2018-10-17 15:18:27', '2018-10-17 15:18:27'),
(35, 25, 18, '2018-10-17 15:18:27', '2018-10-17 15:18:27'),
(36, 4, 4, '2018-10-17 15:18:27', '2018-10-17 15:18:27'),
(37, 18, 33, '2018-10-17 15:18:27', '2018-10-17 15:18:27'),
(38, 25, 2, '2018-10-17 15:18:27', '2018-10-17 15:18:27'),
(39, 3, 48, '2018-10-17 15:18:27', '2018-10-17 15:18:27'),
(40, 41, 8, '2018-10-17 15:18:27', '2018-10-17 15:18:27'),
(41, 50, 24, '2018-10-17 15:18:27', '2018-10-17 15:18:27'),
(42, 7, 29, '2018-10-17 15:18:28', '2018-10-17 15:18:28'),
(43, 18, 15, '2018-10-17 15:18:28', '2018-10-17 15:18:28'),
(44, 18, 20, '2018-10-17 15:18:28', '2018-10-17 15:18:28'),
(45, 23, 17, '2018-10-17 15:18:28', '2018-10-17 15:18:28'),
(46, 37, 13, '2018-10-17 15:18:28', '2018-10-17 15:18:28'),
(47, 10, 10, '2018-10-17 15:18:28', '2018-10-17 15:18:28'),
(48, 31, 2, '2018-10-17 15:18:28', '2018-10-17 15:18:28'),
(49, 11, 5, '2018-10-17 15:18:28', '2018-10-17 15:18:28'),
(50, 50, 14, '2018-10-17 15:18:28', '2018-10-17 15:18:28');

-- --------------------------------------------------------

--
-- Table structure for table `categories`
--

CREATE TABLE `categories` (
  `id` int(10) UNSIGNED NOT NULL,
  `name` varchar(255) COLLATE utf8mb4_unicode_ci NOT NULL,
  `image_url` varchar(255) COLLATE utf8mb4_unicode_ci NOT NULL,
  `created_by_user_id` bigint(20) UNSIGNED DEFAULT NULL,
  `updated_by_user_id` bigint(20) UNSIGNED DEFAULT NULL,
  `created_at` timestamp NULL DEFAULT NULL,
  `updated_at` timestamp NULL DEFAULT NULL
) ENGINE=InnoDB DEFAULT CHARSET=utf8mb4 COLLATE=utf8mb4_unicode_ci;

--
-- Dumping data for table `categories`
--

INSERT INTO `categories` (`id`, `name`, `image_url`, `created_by_user_id`, `updated_by_user_id`, `created_at`, `updated_at`) VALUES
(1, 'Dr. Nicholas Bernier', 'storage/images/ads/2018-10-07-07-35-46_6aef23e637348db1003df5011a9075bafbafe7eb.jpg', NULL, NULL, '2018-10-17 15:18:18', '2018-10-17 15:18:18'),
(2, 'Zena Daniel', 'storage/images/ads/2018-10-07-07-35-46_6aef23e637348db1003df5011a9075bafbafe7eb.jpg', NULL, NULL, '2018-10-17 15:18:18', '2018-10-17 15:18:18'),
(3, 'Prof. Idell Hyatt', 'storage/images/ads/2018-10-07-07-35-46_6aef23e637348db1003df5011a9075bafbafe7eb.jpg', NULL, NULL, '2018-10-17 15:18:18', '2018-10-17 15:18:18'),
(4, 'Prof. Ryleigh Sanford I', 'storage/images/ads/2018-10-07-07-35-46_6aef23e637348db1003df5011a9075bafbafe7eb.jpg', NULL, NULL, '2018-10-17 15:18:18', '2018-10-17 15:18:18'),
(5, 'Cortez Nikolaus', 'storage/images/ads/2018-10-07-07-35-46_6aef23e637348db1003df5011a9075bafbafe7eb.jpg', NULL, NULL, '2018-10-17 15:18:18', '2018-10-17 15:18:18'),
(6, 'Annette Rolfson', 'storage/images/ads/2018-10-07-07-35-46_6aef23e637348db1003df5011a9075bafbafe7eb.jpg', NULL, NULL, '2018-10-17 15:18:18', '2018-10-17 15:18:18'),
(7, 'Dr. Irving Funk MD', 'storage/images/ads/2018-10-07-07-35-46_6aef23e637348db1003df5011a9075bafbafe7eb.jpg', NULL, NULL, '2018-10-17 15:18:18', '2018-10-17 15:18:18'),
(8, 'Jalon Rosenbaum', 'storage/images/ads/2018-10-07-07-35-46_6aef23e637348db1003df5011a9075bafbafe7eb.jpg', NULL, NULL, '2018-10-17 15:18:18', '2018-10-17 15:18:18'),
(9, 'Dagmar Wisoky', 'storage/images/ads/2018-10-07-07-35-46_6aef23e637348db1003df5011a9075bafbafe7eb.jpg', NULL, NULL, '2018-10-17 15:18:18', '2018-10-17 15:18:18'),
(10, 'Paolo West', 'storage/images/ads/2018-10-07-07-35-46_6aef23e637348db1003df5011a9075bafbafe7eb.jpg', NULL, NULL, '2018-10-17 15:18:18', '2018-10-17 15:18:18'),
(11, 'Miss Berniece Rowe PhD', 'storage/images/ads/2018-10-07-07-35-46_6aef23e637348db1003df5011a9075bafbafe7eb.jpg', NULL, NULL, '2018-10-17 15:18:18', '2018-10-17 15:18:18'),
(12, 'Ian Kautzer', 'storage/images/ads/2018-10-07-07-35-46_6aef23e637348db1003df5011a9075bafbafe7eb.jpg', NULL, NULL, '2018-10-17 15:18:18', '2018-10-17 15:18:18'),
(13, 'Magdalen Hirthe PhD', 'storage/images/ads/2018-10-07-07-35-46_6aef23e637348db1003df5011a9075bafbafe7eb.jpg', NULL, NULL, '2018-10-17 15:18:18', '2018-10-17 15:18:18'),
(14, 'Ora Predovic', 'storage/images/ads/2018-10-07-07-35-46_6aef23e637348db1003df5011a9075bafbafe7eb.jpg', NULL, NULL, '2018-10-17 15:18:18', '2018-10-17 15:18:18'),
(15, 'Rosa Mosciski', 'storage/images/ads/2018-10-07-07-35-46_6aef23e637348db1003df5011a9075bafbafe7eb.jpg', NULL, NULL, '2018-10-17 15:18:18', '2018-10-17 15:18:18'),
(16, 'Jamar Boehm', 'storage/images/ads/2018-10-07-07-35-46_6aef23e637348db1003df5011a9075bafbafe7eb.jpg', NULL, NULL, '2018-10-17 15:18:18', '2018-10-17 15:18:18'),
(17, 'Josh Schulist Sr.', 'storage/images/ads/2018-10-07-07-35-46_6aef23e637348db1003df5011a9075bafbafe7eb.jpg', NULL, NULL, '2018-10-17 15:18:18', '2018-10-17 15:18:18'),
(18, 'Ollie Carroll MD', 'storage/images/ads/2018-10-07-07-35-46_6aef23e637348db1003df5011a9075bafbafe7eb.jpg', NULL, NULL, '2018-10-17 15:18:18', '2018-10-17 15:18:18'),
(19, 'Dr. Alene Mertz DVM', 'storage/images/ads/2018-10-07-07-35-46_6aef23e637348db1003df5011a9075bafbafe7eb.jpg', NULL, NULL, '2018-10-17 15:18:18', '2018-10-17 15:18:18'),
(20, 'Misael Boyle', 'storage/images/ads/2018-10-07-07-35-46_6aef23e637348db1003df5011a9075bafbafe7eb.jpg', NULL, NULL, '2018-10-17 15:18:18', '2018-10-17 15:18:18'),
(21, 'Monte Carroll Sr.', 'storage/images/ads/2018-10-07-07-35-46_6aef23e637348db1003df5011a9075bafbafe7eb.jpg', NULL, NULL, '2018-10-17 15:18:18', '2018-10-17 15:18:18'),
(22, 'Luigi Grady III', 'storage/images/ads/2018-10-07-07-35-46_6aef23e637348db1003df5011a9075bafbafe7eb.jpg', NULL, NULL, '2018-10-17 15:18:18', '2018-10-17 15:18:18'),
(23, 'Dr. Santino Ruecker IV', 'storage/images/ads/2018-10-07-07-35-46_6aef23e637348db1003df5011a9075bafbafe7eb.jpg', NULL, NULL, '2018-10-17 15:18:18', '2018-10-17 15:18:18'),
(24, 'Lavern Keebler', 'storage/images/ads/2018-10-07-07-35-46_6aef23e637348db1003df5011a9075bafbafe7eb.jpg', NULL, NULL, '2018-10-17 15:18:18', '2018-10-17 15:18:18'),
(25, 'Danyka Bahringer', 'storage/images/ads/2018-10-07-07-35-46_6aef23e637348db1003df5011a9075bafbafe7eb.jpg', NULL, NULL, '2018-10-17 15:18:18', '2018-10-17 15:18:18'),
(26, 'Ms. Janie Kassulke', 'storage/images/ads/2018-10-07-07-35-46_6aef23e637348db1003df5011a9075bafbafe7eb.jpg', NULL, NULL, '2018-10-17 15:18:19', '2018-10-17 15:18:19'),
(27, 'Jon Harvey', 'storage/images/ads/2018-10-07-07-35-46_6aef23e637348db1003df5011a9075bafbafe7eb.jpg', NULL, NULL, '2018-10-17 15:18:19', '2018-10-17 15:18:19'),
(28, 'Maxwell Abshire', 'storage/images/ads/2018-10-07-07-35-46_6aef23e637348db1003df5011a9075bafbafe7eb.jpg', NULL, NULL, '2018-10-17 15:18:19', '2018-10-17 15:18:19'),
(29, 'Dr. Hershel Lueilwitz', 'storage/images/ads/2018-10-07-07-35-46_6aef23e637348db1003df5011a9075bafbafe7eb.jpg', NULL, NULL, '2018-10-17 15:18:19', '2018-10-17 15:18:19'),
(30, 'Elyse Powlowski', 'storage/images/ads/2018-10-07-07-35-46_6aef23e637348db1003df5011a9075bafbafe7eb.jpg', NULL, NULL, '2018-10-17 15:18:19', '2018-10-17 15:18:19'),
(31, 'Prof. Keeley O\'Kon V', 'storage/images/ads/2018-10-07-07-35-46_6aef23e637348db1003df5011a9075bafbafe7eb.jpg', NULL, NULL, '2018-10-17 15:18:19', '2018-10-17 15:18:19'),
(32, 'Ms. Zelma Rempel', 'storage/images/ads/2018-10-07-07-35-46_6aef23e637348db1003df5011a9075bafbafe7eb.jpg', NULL, NULL, '2018-10-17 15:18:19', '2018-10-17 15:18:19'),
(33, 'Samir Reichel', 'storage/images/ads/2018-10-07-07-35-46_6aef23e637348db1003df5011a9075bafbafe7eb.jpg', NULL, NULL, '2018-10-17 15:18:19', '2018-10-17 15:18:19'),
(34, 'Montana Treutel', 'storage/images/ads/2018-10-07-07-35-46_6aef23e637348db1003df5011a9075bafbafe7eb.jpg', NULL, NULL, '2018-10-17 15:18:19', '2018-10-17 15:18:19'),
(35, 'Cecil Littel', 'storage/images/ads/2018-10-07-07-35-46_6aef23e637348db1003df5011a9075bafbafe7eb.jpg', NULL, NULL, '2018-10-17 15:18:19', '2018-10-17 15:18:19'),
(36, 'Ed Rogahn', 'storage/images/ads/2018-10-07-07-35-46_6aef23e637348db1003df5011a9075bafbafe7eb.jpg', NULL, NULL, '2018-10-17 15:18:19', '2018-10-17 15:18:19'),
(37, 'Doug Kreiger', 'storage/images/ads/2018-10-07-07-35-46_6aef23e637348db1003df5011a9075bafbafe7eb.jpg', NULL, NULL, '2018-10-17 15:18:19', '2018-10-17 15:18:19'),
(38, 'Jayde Erdman', 'storage/images/ads/2018-10-07-07-35-46_6aef23e637348db1003df5011a9075bafbafe7eb.jpg', NULL, NULL, '2018-10-17 15:18:19', '2018-10-17 15:18:19'),
(39, 'Dr. Bailey Hilpert', 'storage/images/ads/2018-10-07-07-35-46_6aef23e637348db1003df5011a9075bafbafe7eb.jpg', NULL, NULL, '2018-10-17 15:18:19', '2018-10-17 15:18:19'),
(40, 'Dr. Jordan Schumm I', 'storage/images/ads/2018-10-07-07-35-46_6aef23e637348db1003df5011a9075bafbafe7eb.jpg', NULL, NULL, '2018-10-17 15:18:19', '2018-10-17 15:18:19'),
(41, 'Ms. Lulu Toy Jr.', 'storage/images/ads/2018-10-07-07-35-46_6aef23e637348db1003df5011a9075bafbafe7eb.jpg', NULL, NULL, '2018-10-17 15:18:19', '2018-10-17 15:18:19'),
(42, 'Donna Jenkins III', 'storage/images/ads/2018-10-07-07-35-46_6aef23e637348db1003df5011a9075bafbafe7eb.jpg', NULL, NULL, '2018-10-17 15:18:19', '2018-10-17 15:18:19'),
(43, 'Mckenzie Considine', 'storage/images/ads/2018-10-07-07-35-46_6aef23e637348db1003df5011a9075bafbafe7eb.jpg', NULL, NULL, '2018-10-17 15:18:19', '2018-10-17 15:18:19'),
(44, 'Ulices Hermann', 'storage/images/ads/2018-10-07-07-35-46_6aef23e637348db1003df5011a9075bafbafe7eb.jpg', NULL, NULL, '2018-10-17 15:18:19', '2018-10-17 15:18:19'),
(45, 'Ms. Rosalind Swift', 'storage/images/ads/2018-10-07-07-35-46_6aef23e637348db1003df5011a9075bafbafe7eb.jpg', NULL, NULL, '2018-10-17 15:18:19', '2018-10-17 15:18:19'),
(46, 'Benedict Friesen', 'storage/images/ads/2018-10-07-07-35-46_6aef23e637348db1003df5011a9075bafbafe7eb.jpg', NULL, NULL, '2018-10-17 15:18:19', '2018-10-17 15:18:19'),
(47, 'Maude Hintz III', 'storage/images/ads/2018-10-07-07-35-46_6aef23e637348db1003df5011a9075bafbafe7eb.jpg', NULL, NULL, '2018-10-17 15:18:19', '2018-10-17 15:18:19'),
(48, 'Delfina Gibson', 'storage/images/ads/2018-10-07-07-35-46_6aef23e637348db1003df5011a9075bafbafe7eb.jpg', NULL, NULL, '2018-10-17 15:18:19', '2018-10-17 15:18:19'),
(49, 'Mrs. Maurine Zemlak PhD', 'storage/images/ads/2018-10-07-07-35-46_6aef23e637348db1003df5011a9075bafbafe7eb.jpg', NULL, NULL, '2018-10-17 15:18:19', '2018-10-17 15:18:19'),
(50, 'Myrtie Kemmer', 'storage/images/ads/2018-10-07-07-35-46_6aef23e637348db1003df5011a9075bafbafe7eb.jpg', NULL, NULL, '2018-10-17 15:18:19', '2018-10-17 15:18:19');

-- --------------------------------------------------------

--
-- Table structure for table `companies`
--

CREATE TABLE `companies` (
  `id` int(10) UNSIGNED NOT NULL,
  `name` varchar(255) COLLATE utf8mb4_unicode_ci NOT NULL,
  `business_type` varchar(255) COLLATE utf8mb4_unicode_ci NOT NULL,
  `phone` varchar(255) COLLATE utf8mb4_unicode_ci NOT NULL,
  `address_1` varchar(255) COLLATE utf8mb4_unicode_ci NOT NULL,
  `address_2` varchar(255) COLLATE utf8mb4_unicode_ci DEFAULT NULL,
  `website` varchar(255) COLLATE utf8mb4_unicode_ci DEFAULT NULL,
  `country` varchar(255) COLLATE utf8mb4_unicode_ci NOT NULL,
  `city` varchar(255) COLLATE utf8mb4_unicode_ci NOT NULL,
  `state` varchar(255) COLLATE utf8mb4_unicode_ci DEFAULT NULL,
  `zip` varchar(255) COLLATE utf8mb4_unicode_ci DEFAULT NULL,
  `extra_information` text COLLATE utf8mb4_unicode_ci,
  `plan_id` bigint(20) UNSIGNED NOT NULL,
  `created_by_user_id` bigint(20) UNSIGNED DEFAULT NULL,
  `updated_by_user_id` bigint(20) UNSIGNED DEFAULT NULL,
  `created_at` timestamp NULL DEFAULT NULL,
  `updated_at` timestamp NULL DEFAULT NULL
) ENGINE=InnoDB DEFAULT CHARSET=utf8mb4 COLLATE=utf8mb4_unicode_ci;

--
-- Dumping data for table `companies`
--

INSERT INTO `companies` (`id`, `name`, `business_type`, `phone`, `address_1`, `address_2`, `website`, `country`, `city`, `state`, `zip`, `extra_information`, `plan_id`, `created_by_user_id`, `updated_by_user_id`, `created_at`, `updated_at`) VALUES
(1, 'Kshlerin, Weimann and Kovacek', 'dolorem', '(493) 445-5628 x574', '101 Colton Lakes\nGerhardfurt, HI 85687', '82662 Janet Rest\nPort Sidneychester, WV 25780-9872', 'pariatur.test', 'Peru', 'Lake Haydenfurt', NULL, '48373-5820', 'Sunt aut et velit dolore et.', 3, NULL, NULL, '2018-10-17 15:18:15', '2018-10-17 15:18:15'),
(2, 'Runolfsdottir Inc', 'eveniet', '891.417.3716', '653 Devante Grove Apt. 007\nSabrynahaven, KS 80724-1054', '5232 Skiles Club Apt. 770\nPort Melvinafurt, AR 31920', 'autem.test', 'Thailand', 'East Mozelleton', NULL, '01711', 'Placeat blanditiis quia delectus repudiandae fugiat illum.', 1, NULL, NULL, '2018-10-17 15:18:15', '2018-10-17 15:18:15'),
(3, 'Labadie-Marquardt', 'sed', '1-821-454-7530 x7419', '620 Kozey Mountains Suite 559\nCroninfort, MI 50488', '39046 Kautzer Ways\nAgustinton, MN 24257', 'incidunt.test', 'Ireland', 'Rosenbaumfurt', NULL, '14296-2788', 'Impedit id assumenda animi.', 2, NULL, NULL, '2018-10-17 15:18:15', '2018-10-17 15:18:15'),
(4, 'Runolfsdottir Inc', 'qui', '212.974.0322 x254', '9499 Keeling Skyway Suite 325\nHarrisburgh, OH 53490-2974', '735 Nicklaus Ville Suite 376\nRosamouth, WI 70491-3505', 'illo.test', 'Suriname', 'Margaretechester', NULL, '47505-9721', 'Et sed consequuntur culpa.', 3, NULL, NULL, '2018-10-17 15:18:15', '2018-10-17 15:18:15'),
(5, 'Beer Ltd', 'ut', '612.332.3068 x5282', '211 Farrell Expressway\nNew Cassandre, HI 49719', '58773 Lind Divide\nSouth Alize, NY 01389', 'rerum.test', 'Macao', 'West Alysafurt', NULL, '38661-1474', 'Hic impedit consectetur non.', 1, NULL, NULL, '2018-10-17 15:18:15', '2018-10-17 15:18:15'),
(6, 'Brekke LLC', 'ipsum', '1-659-405-9609 x12435', '315 Cassandra Keys Suite 528\nHarberchester, MN 81697', '707 Kihn Vista\nLake Sandra, NC 84414-1030', 'modi.test', 'Falkland Islands (Malvinas)', 'East Richard', NULL, '07544', 'Dolorem quisquam qui exercitationem ipsa tenetur.', 1, NULL, NULL, '2018-10-17 15:18:15', '2018-10-17 15:18:15'),
(7, 'King Group', 'incidunt', '289.689.6976', '201 Connie Mountains\nSengerhaven, CO 88934-1845', '605 Runte Meadows\nNorth Karleyberg, NJ 01656', 'nostrum.test', 'Australia', 'Adellchester', NULL, '26864', 'Modi laudantium occaecati et.', 1, NULL, NULL, '2018-10-17 15:18:16', '2018-10-17 15:18:16'),
(8, 'Buckridge-Rempel', 'libero', '590-901-6324', '352 Palma Lodge Apt. 515\nNikolausside, TX 63756-3192', '7171 Braun Drives Suite 609\nCordiemouth, WA 38940', 'repellat.test', 'Zambia', 'Kassulkebury', NULL, '24792-0771', 'Deserunt est nostrum laboriosam quasi.', 1, NULL, NULL, '2018-10-17 15:18:16', '2018-10-17 15:18:16'),
(9, 'Kulas-Armstrong', 'omnis', '1-501-657-1602 x630', '38651 Claudie Garden Apt. 839\nSouth Patriciaton, DC 87344-3912', '567 Howell Ridges Suite 851\nLake Anabelle, OR 86484', 'maiores.test', 'Guam', 'Sterlingfort', NULL, '35872', 'Quaerat distinctio perspiciatis et nisi aut vero.', 3, NULL, NULL, '2018-10-17 15:18:16', '2018-10-17 15:18:16'),
(10, 'Dickens, Jerde and Herzog', 'natus', '458.576.5132 x395', '32047 Ernestina Flats\nKatrinaton, VA 53020', '70677 Gibson Alley\nGrahamchester, OH 90255-1090', 'voluptatem.test', 'Cocos (Keeling) Islands', 'East Bradfordfort', NULL, '99974-7802', 'Et et esse qui numquam.', 2, NULL, NULL, '2018-10-17 15:18:16', '2018-10-17 15:18:16'),
(11, 'Kirlin, Beatty and Doyle', 'illum', '635-521-2840', '78445 Marquardt Pines Apt. 959\nYundtside, AZ 60402-6008', '637 Denesik Circle Suite 032\nCourtneyport, MA 79324-7553', 'ea.test', 'New Caledonia', 'Kundemouth', NULL, '89125-8580', 'Ipsum quam dolores voluptates maiores aut quo.', 3, NULL, NULL, '2018-10-17 15:18:16', '2018-10-17 15:18:16'),
(12, 'Walter LLC', 'voluptatem', '925-735-0653 x65995', '54903 Maggio Loaf Apt. 530\nGeorgianafort, CA 75969-5971', '17846 Langworth Ports\nEast Yadira, RI 27301', 'velit.test', 'Greece', 'Braxtonland', NULL, '03840', 'Molestiae iure deserunt quia in.', 2, NULL, NULL, '2018-10-17 15:18:16', '2018-10-17 15:18:16'),
(13, 'Konopelski and Sons', 'quod', '(993) 274-5961 x980', '99090 Beatrice Fork\nJessikaville, UT 78500-5122', '707 Schuster Mountains Apt. 597\nNew Wanda, AK 47064-7969', 'possimus.test', 'Sudan', 'New Dustinville', NULL, '28989-9440', 'Iure aut at iusto.', 3, NULL, NULL, '2018-10-17 15:18:16', '2018-10-17 15:18:16'),
(14, 'Grant Ltd', 'earum', '848.793.2560 x3754', '7179 Kuhlman Heights Suite 991\nDillanfurt, GA 96099-9694', '812 Emmanuelle Gardens\nTaureantown, UT 42655', 'dolor.test', 'Albania', 'Abagailberg', NULL, '39367-2907', 'Voluptatem culpa in voluptas et et non.', 2, NULL, NULL, '2018-10-17 15:18:16', '2018-10-17 15:18:16'),
(15, 'Jerde-Harber', 'velit', '557-584-6964 x5406', '352 Sauer Islands\nPort Tod, HI 79907', '9734 Anderson Skyway\nBinsview, WI 75231', 'facere.test', 'Reunion', 'Parkerhaven', NULL, '76726-0889', 'Voluptatibus repellendus atque quos officiis sit rerum.', 1, NULL, NULL, '2018-10-17 15:18:16', '2018-10-17 15:18:16'),
(16, 'Hermann-Mertz', 'facilis', '986.377.9360', '714 Henri Union\nBerniertown, HI 41532', '220 Rowe Islands Apt. 720\nNew Haliemouth, TX 95506-8150', 'aut.test', 'Norway', 'North Keonside', NULL, '10408', 'Et tenetur iusto illo aut dicta sed.', 1, NULL, NULL, '2018-10-17 15:18:16', '2018-10-17 15:18:16'),
(17, 'Cartwright and Sons', 'officia', '565.798.8364 x69738', '93489 Fausto Courts Apt. 902\nWest Nyah, AZ 08384-5764', '8510 Bailey Rapid Apt. 125\nTrompport, CA 14900-6278', 'voluptatibus.test', 'Belgium', 'Rempelton', NULL, '37476-5119', 'Excepturi quae ex illum.', 1, NULL, NULL, '2018-10-17 15:18:16', '2018-10-17 15:18:16'),
(18, 'Bergstrom, Anderson and Dare', 'autem', '+1-232-671-7203', '211 Nola Greens Apt. 691\nVonmouth, AL 50465-2246', '4048 Jody Mills Apt. 374\nPort Dashawn, IL 88454', 'sed.test', 'Timor-Leste', 'West Maudview', NULL, '29242-2985', 'Alias ducimus delectus dignissimos architecto.', 1, NULL, NULL, '2018-10-17 15:18:16', '2018-10-17 15:18:16'),
(19, 'Morar LLC', 'tenetur', '310-260-7121 x965', '42631 Orion Junction Apt. 568\nNorth Wilhelm, WA 26101', '91478 Grant Club\nMitchellton, NM 08967-8407', 'iste.test', 'Vanuatu', 'West Xanderland', NULL, '22483-7852', 'Rerum est unde debitis expedita.', 2, NULL, NULL, '2018-10-17 15:18:16', '2018-10-17 15:18:16'),
(20, 'O\'Hara, Bailey and Breitenberg', 'minus', '623.641.8547 x968', '308 Schinner Passage\nSouth Enricostad, NH 53890-2431', '47580 Evalyn Ridges\nPort Alisa, ID 07403', 'nisi.test', 'Uzbekistan', 'New Dolores', NULL, '29075-2866', 'Deleniti iure quibusdam enim possimus.', 1, NULL, NULL, '2018-10-17 15:18:16', '2018-10-17 15:18:16'),
(21, 'Smitham-Kris', 'ut', '408.378.6483 x9827', '282 Bashirian Knolls Suite 744\nHeaneyhaven, WY 35043-6883', '3807 Rozella Rapids Apt. 084\nCarterstad, MD 47802', 'quae.test', 'Hungary', 'West Toney', NULL, '55630', 'Laudantium et temporibus in.', 1, NULL, NULL, '2018-10-17 15:18:16', '2018-10-17 15:18:16'),
(22, 'Moore, Harber and Bode', 'quia', '1-856-407-2330', '85764 Towne Key\nFelipachester, MO 70940', '706 Casandra Mills Apt. 429\nNorth Donnieland, NV 28800-3821', 'dolorum.test', 'Papua New Guinea', 'Cedrickshire', NULL, '17753', 'Blanditiis eos voluptatibus ut modi quod quis.', 1, NULL, NULL, '2018-10-17 15:18:16', '2018-10-17 15:18:16'),
(23, 'Koss LLC', 'ipsam', '409.612.6760', '88228 Gutmann Ferry\nEmmanuelstad, CA 85244-3869', '285 Bartholome Mews Apt. 776\nLake Casimir, GA 39034-2323', 'earum.test', 'Jamaica', 'South Lacy', NULL, '32290-4005', 'Veritatis et autem voluptatum.', 1, NULL, NULL, '2018-10-17 15:18:16', '2018-10-17 15:18:16'),
(24, 'Bergstrom, Lakin and Schaefer', 'voluptatum', '(432) 793-8182', '133 Kailee Ramp Suite 186\nEast Lloyd, TN 14224-1347', '2131 Constance Mews\nNorth Taliastad, ME 41049', 'totam.test', 'Mali', 'South Antonette', NULL, '07648', 'Non architecto dolores magni labore.', 3, NULL, NULL, '2018-10-17 15:18:16', '2018-10-17 15:18:16'),
(25, 'Toy, Kohler and Moen', 'culpa', '1-540-641-7957 x1900', '7952 Kenya Crest Suite 753\nNorth Wilburn, CT 51201-3571', '8401 Predovic Cliffs\nOlsonstad, UT 98062', 'porro.test', 'Iceland', 'Oletashire', NULL, '90830', 'Dolores repellat beatae quas ex.', 1, NULL, NULL, '2018-10-17 15:18:16', '2018-10-17 15:18:16'),
(26, 'Heathcote-Dooley', 'iure', '1-348-967-6439', '2867 Corwin Valley Suite 979\nHeathcoteburgh, KY 51163', '990 Bartell Spurs\nIrvingberg, ME 27296-9959', 'quia.test', 'Equatorial Guinea', 'North Keely', NULL, '15465-6024', 'Consequatur dolorum eligendi illo non quae.', 1, NULL, NULL, '2018-10-17 15:18:16', '2018-10-17 15:18:16'),
(27, 'Willms Ltd', 'ipsa', '(282) 990-4078', '5562 Estella Junctions\nSouth Kyleigh, IL 22295', '966 Alta View\nPort Gunner, RI 53043', 'vero.test', 'Colombia', 'Andersonstad', NULL, '24869-6516', 'Architecto qui molestiae excepturi et incidunt provident.', 2, NULL, NULL, '2018-10-17 15:18:16', '2018-10-17 15:18:16'),
(28, 'Marquardt Ltd', 'maxime', '437.388.3242', '7636 Paucek Drive Apt. 074\nWolffchester, CT 43673-8263', '7363 Bogan Inlet\nNew Laura, NE 69815', 'saepe.test', 'Moldova', 'Walterburgh', NULL, '91513', 'Et eveniet sequi consequatur.', 3, NULL, NULL, '2018-10-17 15:18:16', '2018-10-17 15:18:16'),
(29, 'Becker and Sons', 'repudiandae', '582.644.7274 x7773', '65500 Krajcik Walk\nAkeemland, KY 95518-1007', '178 Khalil Valley Suite 400\nPort Wanda, NY 85883-1429', 'autem.test', 'Barbados', 'Anneville', NULL, '64495', 'Ut corporis nulla ut.', 1, NULL, NULL, '2018-10-17 15:18:16', '2018-10-17 15:18:16'),
(30, 'Kunde, Kertzmann and Runolfsdottir', 'ipsam', '932.634.6940 x6752', '4178 Ondricka Crossing Suite 819\nSouth Santiagoborough, ND 30080', '101 Will Crescent\nNew Janis, LA 30593-4354', 'cum.test', 'Ecuador', 'Ashtontown', NULL, '14244-0464', 'Natus quia aut veniam quisquam.', 2, NULL, NULL, '2018-10-17 15:18:16', '2018-10-17 15:18:16'),
(31, 'Friesen, Batz and Collins', 'distinctio', '+14277239003', '117 Alivia Freeway Apt. 684\nSouth Karson, NV 10111', '9385 Tromp Unions\nPort Amiraland, DC 91414-0804', 'accusamus.test', 'Panama', 'New Rosachester', NULL, '61552-7251', 'Culpa sapiente odit dolorem exercitationem.', 3, NULL, NULL, '2018-10-17 15:18:16', '2018-10-17 15:18:16'),
(32, 'Abernathy LLC', 'officiis', '(749) 748-9660 x374', '408 Isaias Stream\nMartyport, NV 91376', '4780 Caleigh Corner Suite 753\nWolfberg, DC 07873-7862', 'quos.test', 'Liechtenstein', 'Lutherchester', NULL, '92918-5364', 'Quo aspernatur qui illo aut modi.', 1, NULL, NULL, '2018-10-17 15:18:16', '2018-10-17 15:18:16'),
(33, 'Friesen, Littel and Roob', 'sed', '(468) 241-2699', '1685 Cruickshank Skyway Suite 140\nEmmanuellechester, SC 82937', '644 Dana Keys Apt. 523\nNew Gayle, ID 78991-4473', 'quia.test', 'Niue', 'East Irwinmouth', NULL, '17671', 'Vitae inventore eum ut quia ex.', 2, NULL, NULL, '2018-10-17 15:18:16', '2018-10-17 15:18:16'),
(34, 'Gleason, Herman and Mayert', 'natus', '229-301-9189', '6662 Brooks Crossroad\nWizaville, MI 48784-0404', '4268 Rowe Ranch\nNorth Francisland, AR 02214', 'ipsa.test', 'India', 'Beermouth', NULL, '21967', 'Omnis sit ex et.', 3, NULL, NULL, '2018-10-17 15:18:16', '2018-10-17 15:18:16'),
(35, 'Bailey Group', 'eos', '1-420-520-9165 x2711', '934 Dorothea Shore\nLake Johnathonview, RI 99032-9528', '1915 Christiana Hill Suite 372\nEast Brennashire, HI 56826', 'accusamus.test', 'Turkey', 'Edisonstad', NULL, '53602', 'Pariatur dicta reprehenderit ex temporibus et excepturi.', 1, NULL, NULL, '2018-10-17 15:18:16', '2018-10-17 15:18:16'),
(36, 'Sipes Ltd', 'natus', '(482) 366-9643 x34543', '8183 Bailey Bridge Suite 069\nSouth Careyfort, RI 72566', '19179 Caroline Points Suite 480\nWest Jed, WI 04745-1335', 'sequi.test', 'Georgia', 'McKenzieburgh', NULL, '40587', 'Magnam in quibusdam odio nesciunt.', 1, NULL, NULL, '2018-10-17 15:18:16', '2018-10-17 15:18:16'),
(37, 'Lubowitz-Johns', 'eveniet', '423.803.6402 x3979', '417 Coby Fork\nNew Robertabury, AL 14731-9159', '97810 Boyle Drives\nEast Yadira, KS 93274-1738', 'aut.test', 'Romania', 'South Manuelamouth', NULL, '44412', 'Qui deleniti dolorem quibusdam.', 2, NULL, NULL, '2018-10-17 15:18:16', '2018-10-17 15:18:16'),
(38, 'Williamson, Murphy and Larson', 'rerum', '590.482.1121', '458 Hoeger Keys Apt. 497\nSouth Oriehaven, NY 32538-5278', '2335 Kris Motorway Apt. 386\nNew Tavaresmouth, CT 20025', 'est.test', 'Cocos (Keeling) Islands', 'Port Jailyn', NULL, '13548-9896', 'Quia suscipit expedita et.', 3, NULL, NULL, '2018-10-17 15:18:16', '2018-10-17 15:18:16'),
(39, 'Johnston-Orn', 'tempore', '+1-965-998-2673', '5999 Hansen Valleys\nGreenholtmouth, TX 88108-7286', '3206 Olin Vista Apt. 454\nMedhurstside, MO 38964', 'nesciunt.test', 'Lesotho', 'Kaleberg', NULL, '69968', 'Quibusdam nemo et dignissimos labore qui consectetur.', 1, NULL, NULL, '2018-10-17 15:18:16', '2018-10-17 15:18:16'),
(40, 'O\'Reilly Group', 'omnis', '(247) 892-0919', '9961 King Way Apt. 744\nNorth Alda, MN 52028', '1005 Kasey Views Apt. 528\nNorth Jacquelyn, PA 62690', 'et.test', 'Mali', 'Lake Anibalborough', NULL, '85793-0014', 'Magni tenetur voluptas sint ut.', 3, NULL, NULL, '2018-10-17 15:18:16', '2018-10-17 15:18:16'),
(41, 'Schulist Ltd', 'voluptate', '498.510.2355 x5196', '31895 Metz Orchard Suite 817\nEast Moiseshaven, MT 16558', '99909 Krajcik Cape\nNew Angel, UT 47872-3744', 'nam.test', 'Nigeria', 'West Uniquebury', NULL, '75062-4522', 'Voluptas incidunt ut quasi voluptatem rem.', 2, NULL, NULL, '2018-10-17 15:18:16', '2018-10-17 15:18:16'),
(42, 'Bauch, Stokes and Hartmann', 'dignissimos', '(258) 367-1630', '68681 Josephine Keys\nPort Domingomouth, MN 80085-8033', '8958 Faye Circles\nReillyland, NJ 28183', 'voluptas.test', 'Papua New Guinea', 'Ondrickaburgh', NULL, '22210-4066', 'Quidem et est ipsum ut.', 1, NULL, NULL, '2018-10-17 15:18:16', '2018-10-17 15:18:16'),
(43, 'Fahey-Howe', 'nihil', '871-537-8299 x79553', '36426 Keanu Throughway\nPfannerstilltown, NE 87957', '67168 Clemmie Orchard Suite 388\nClaudestad, ID 28662', 'neque.test', 'Afghanistan', 'Zboncakland', NULL, '19603-4532', 'Autem beatae odio voluptas debitis numquam.', 3, NULL, NULL, '2018-10-17 15:18:16', '2018-10-17 15:18:16'),
(44, 'Barton LLC', 'distinctio', '993-403-1106 x70456', '7192 Okuneva Oval\nWest Danniestad, MA 22700-7662', '9684 Borer Key Apt. 489\nMylesfurt, DE 16213-8934', 'provident.test', 'Oman', 'New Ella', NULL, '46735-9188', 'Sit labore velit distinctio.', 1, NULL, NULL, '2018-10-17 15:18:16', '2018-10-17 15:18:16'),
(45, 'Bergnaum, Sanford and Reilly', 'commodi', '+1.439.346.7100', '81983 Alec Ports\nEast Kellen, FL 04924-3069', '382 Micheal Mall Apt. 527\nPacochatown, ME 23255-8374', 'itaque.test', 'Palestinian Territories', 'Leannonland', NULL, '80546', 'Vel placeat beatae repudiandae cupiditate distinctio.', 1, NULL, NULL, '2018-10-17 15:18:16', '2018-10-17 15:18:16'),
(46, 'Terry-Roberts', 'saepe', '324-745-3575 x062', '8372 Assunta Trail\nIsabellburgh, OH 91766-2829', '8884 Mraz Knolls\nEast Arianna, MT 34676', 'recusandae.test', 'Aruba', 'South Willardborough', NULL, '82217-6095', 'Eos enim ut at omnis dolores.', 3, NULL, NULL, '2018-10-17 15:18:16', '2018-10-17 15:18:16'),
(47, 'Ruecker-Kuvalis', 'consequuntur', '(995) 906-7597 x820', '84327 Gusikowski Corners Suite 739\nEast Zechariah, UT 39801-6542', '8227 Sanford Junctions Apt. 940\nNew Ferneborough, AR 72138-1733', 'quisquam.test', 'Liechtenstein', 'Rainatown', NULL, '96223-0886', 'Voluptas est a quod quod possimus.', 2, NULL, NULL, '2018-10-17 15:18:16', '2018-10-17 15:18:16'),
(48, 'Abernathy Group', 'sed', '437.793.9791 x137', '309 Barrett Estates Suite 271\nPort Orlandoview, VT 26335-8646', '881 Hartmann Fork Suite 754\nOrenport, AL 66820-1387', 'quia.test', 'Jamaica', 'New Ervin', NULL, '33165', 'Reprehenderit reprehenderit sit numquam.', 3, NULL, NULL, '2018-10-17 15:18:16', '2018-10-17 15:18:16'),
(49, 'O\'Kon Group', 'ipsam', '(835) 901-3817', '8944 Aurelie Mill\nNorth Royceview, MN 20635', '3554 Summer Valley\nWest Mohammedside, ND 10604', 'enim.test', 'Brazil', 'Evieburgh', NULL, '23458', 'Sint cupiditate corrupti non quia ut.', 2, NULL, NULL, '2018-10-17 15:18:16', '2018-10-17 15:18:16'),
(50, 'Little, Friesen and Brown', 'qui', '(817) 797-5859', '3660 Runolfsson Club Suite 791\nEast Lindsey, IA 25191-6801', '502 Hagenes Lodge\nHadleystad, CO 46793-1255', 'consequatur.test', 'Togo', 'Donnellmouth', NULL, '65724-9488', 'Ad accusamus vel est doloribus est rerum.', 2, NULL, NULL, '2018-10-17 15:18:16', '2018-10-17 15:18:16');

-- --------------------------------------------------------

--
-- Table structure for table `company_user`
--

CREATE TABLE `company_user` (
  `id` int(10) UNSIGNED NOT NULL,
  `user_id` bigint(20) UNSIGNED NOT NULL,
  `company_id` bigint(20) UNSIGNED NOT NULL,
  `created_at` timestamp NULL DEFAULT NULL,
  `updated_at` timestamp NULL DEFAULT NULL
) ENGINE=InnoDB DEFAULT CHARSET=utf8mb4 COLLATE=utf8mb4_unicode_ci;

--
-- Dumping data for table `company_user`
--

INSERT INTO `company_user` (`id`, `user_id`, `company_id`, `created_at`, `updated_at`) VALUES
(1, 1, 1, '2018-10-17 15:18:26', '2018-10-17 15:18:26');

-- --------------------------------------------------------

--
-- Table structure for table `invoices`
--

CREATE TABLE `invoices` (
  `id` int(10) UNSIGNED NOT NULL,
  `amount` decimal(9,2) NOT NULL,
  `paid_amount` decimal(9,2) NOT NULL,
  `remaining_amount` decimal(9,2) NOT NULL,
  `company_id` bigint(20) UNSIGNED NOT NULL,
  `order_id` bigint(20) UNSIGNED NOT NULL,
  `created_by_user_id` bigint(20) UNSIGNED DEFAULT NULL,
  `updated_by_user_id` bigint(20) UNSIGNED DEFAULT NULL,
  `created_at` timestamp NULL DEFAULT NULL,
  `updated_at` timestamp NULL DEFAULT NULL
) ENGINE=InnoDB DEFAULT CHARSET=utf8mb4 COLLATE=utf8mb4_unicode_ci;

--
-- Dumping data for table `invoices`
--

INSERT INTO `invoices` (`id`, `amount`, `paid_amount`, `remaining_amount`, `company_id`, `order_id`, `created_by_user_id`, `updated_by_user_id`, `created_at`, `updated_at`) VALUES
(1, '824.67', '0.00', '824.67', 12, 34, NULL, NULL, '2018-10-17 15:18:30', '2018-10-17 15:18:30'),
(2, '1078.94', '0.00', '1078.94', 21, 28, NULL, NULL, '2018-10-17 15:18:30', '2018-10-17 15:18:30'),
(3, '528.75', '0.00', '528.75', 10, 43, NULL, NULL, '2018-10-17 15:18:30', '2018-10-17 15:18:30'),
(4, '222.53', '0.00', '222.53', 2, 41, NULL, NULL, '2018-10-17 15:18:30', '2018-10-17 15:18:30'),
(5, '1024.59', '0.00', '1024.59', 10, 48, NULL, NULL, '2018-10-17 15:18:30', '2018-10-17 15:18:30'),
(6, '504.78', '0.00', '504.78', 14, 18, NULL, NULL, '2018-10-17 15:18:30', '2018-10-17 15:18:30'),
(7, '448.38', '0.00', '448.38', 21, 9, NULL, NULL, '2018-10-17 15:18:30', '2018-10-17 15:18:30'),
(8, '1024.59', '0.00', '1024.59', 10, 48, NULL, NULL, '2018-10-17 15:18:30', '2018-10-17 15:18:30'),
(9, '321.25', '0.00', '321.25', 34, 24, NULL, NULL, '2018-10-17 15:18:30', '2018-10-17 15:18:30'),
(10, '826.56', '0.00', '826.56', 11, 17, NULL, NULL, '2018-10-17 15:18:30', '2018-10-17 15:18:30'),
(11, '197.38', '0.00', '197.38', 17, 16, NULL, NULL, '2018-10-17 15:18:30', '2018-10-17 15:18:30'),
(12, '241.23', '0.00', '241.23', 24, 50, NULL, NULL, '2018-10-17 15:18:30', '2018-10-17 15:18:30'),
(13, '824.67', '0.00', '824.67', 12, 34, NULL, NULL, '2018-10-17 15:18:30', '2018-10-17 15:18:30'),
(14, '24.48', '0.00', '24.48', 50, 44, NULL, NULL, '2018-10-17 15:18:30', '2018-10-17 15:18:30'),
(15, '826.56', '0.00', '826.56', 11, 17, NULL, NULL, '2018-10-17 15:18:30', '2018-10-17 15:18:30'),
(16, '245.00', '0.00', '245.00', 21, 25, NULL, NULL, '2018-10-17 15:18:30', '2018-10-17 15:18:30'),
(17, '197.38', '0.00', '197.38', 17, 16, NULL, NULL, '2018-10-17 15:18:30', '2018-10-17 15:18:30'),
(18, '1339.60', '0.00', '1339.60', 30, 19, NULL, NULL, '2018-10-17 15:18:30', '2018-10-17 15:18:30'),
(19, '61.65', '0.00', '61.65', 39, 38, NULL, NULL, '2018-10-17 15:18:30', '2018-10-17 15:18:30'),
(20, '1308.96', '0.00', '1308.96', 7, 15, NULL, NULL, '2018-10-17 15:18:30', '2018-10-17 15:18:30'),
(21, '204.48', '0.00', '204.48', 50, 6, NULL, NULL, '2018-10-17 15:18:30', '2018-10-17 15:18:30'),
(22, '544.60', '0.00', '544.60', 50, 31, NULL, NULL, '2018-10-17 15:18:30', '2018-10-17 15:18:30'),
(23, '81.84', '0.00', '81.84', 44, 26, NULL, NULL, '2018-10-17 15:18:30', '2018-10-17 15:18:30'),
(24, '321.25', '0.00', '321.25', 34, 24, NULL, NULL, '2018-10-17 15:18:30', '2018-10-17 15:18:30'),
(25, '84.48', '0.00', '84.48', 50, 29, NULL, NULL, '2018-10-17 15:18:30', '2018-10-17 15:18:30'),
(26, '1024.59', '0.00', '1024.59', 10, 48, NULL, NULL, '2018-10-17 15:18:30', '2018-10-17 15:18:30'),
(27, '550.42', '0.00', '550.42', 50, 40, NULL, NULL, '2018-10-17 15:18:30', '2018-10-17 15:18:30'),
(28, '550.42', '0.00', '550.42', 50, 40, NULL, NULL, '2018-10-17 15:18:30', '2018-10-17 15:18:30'),
(29, '826.56', '0.00', '826.56', 11, 17, NULL, NULL, '2018-10-17 15:18:30', '2018-10-17 15:18:30'),
(30, '222.53', '0.00', '222.53', 2, 41, NULL, NULL, '2018-10-17 15:18:30', '2018-10-17 15:18:30'),
(31, '197.38', '0.00', '197.38', 17, 16, NULL, NULL, '2018-10-17 15:18:30', '2018-10-17 15:18:30'),
(32, '1339.60', '0.00', '1339.60', 30, 19, NULL, NULL, '2018-10-17 15:18:30', '2018-10-17 15:18:30'),
(33, '24.48', '0.00', '24.48', 50, 44, NULL, NULL, '2018-10-17 15:18:30', '2018-10-17 15:18:30'),
(34, '528.75', '0.00', '528.75', 10, 43, NULL, NULL, '2018-10-17 15:18:30', '2018-10-17 15:18:30'),
(35, '1182.37', '0.00', '1182.37', 46, 46, NULL, NULL, '2018-10-17 15:18:30', '2018-10-17 15:18:30'),
(36, '544.60', '0.00', '544.60', 50, 31, NULL, NULL, '2018-10-17 15:18:30', '2018-10-17 15:18:30'),
(37, '61.65', '0.00', '61.65', 39, 38, NULL, NULL, '2018-10-17 15:18:30', '2018-10-17 15:18:30'),
(38, '413.22', '0.00', '413.22', 44, 11, NULL, NULL, '2018-10-17 15:18:30', '2018-10-17 15:18:30'),
(39, '1024.59', '0.00', '1024.59', 10, 48, NULL, NULL, '2018-10-17 15:18:30', '2018-10-17 15:18:30'),
(40, '665.52', '0.00', '665.52', 21, 42, NULL, NULL, '2018-10-17 15:18:30', '2018-10-17 15:18:30'),
(41, '61.65', '0.00', '61.65', 39, 38, NULL, NULL, '2018-10-17 15:18:30', '2018-10-17 15:18:30'),
(42, '885.30', '0.00', '885.30', 29, 36, NULL, NULL, '2018-10-17 15:18:31', '2018-10-17 15:18:31'),
(43, '824.67', '0.00', '824.67', 12, 34, NULL, NULL, '2018-10-17 15:18:31', '2018-10-17 15:18:31'),
(44, '716.80', '0.00', '716.80', 50, 8, NULL, NULL, '2018-10-17 15:18:31', '2018-10-17 15:18:31'),
(45, '81.84', '0.00', '81.84', 44, 26, NULL, NULL, '2018-10-17 15:18:31', '2018-10-17 15:18:31'),
(46, '555.50', '0.00', '555.50', 19, 47, NULL, NULL, '2018-10-17 15:18:31', '2018-10-17 15:18:31'),
(47, '84.48', '0.00', '84.48', 50, 29, NULL, NULL, '2018-10-17 15:18:31', '2018-10-17 15:18:31'),
(48, '226.50', '0.00', '226.50', 22, 45, NULL, NULL, '2018-10-17 15:18:31', '2018-10-17 15:18:31'),
(49, '848.64', '0.00', '848.64', 2, 12, NULL, NULL, '2018-10-17 15:18:31', '2018-10-17 15:18:31'),
(50, '550.42', '0.00', '550.42', 50, 40, NULL, NULL, '2018-10-17 15:18:31', '2018-10-17 15:18:31');

-- --------------------------------------------------------

--
-- Table structure for table `migrations`
--

CREATE TABLE `migrations` (
  `id` int(10) UNSIGNED NOT NULL,
  `migration` varchar(255) COLLATE utf8mb4_unicode_ci NOT NULL,
  `batch` int(11) NOT NULL
) ENGINE=InnoDB DEFAULT CHARSET=utf8mb4 COLLATE=utf8mb4_unicode_ci;

--
-- Dumping data for table `migrations`
--

INSERT INTO `migrations` (`id`, `migration`, `batch`) VALUES
(1, '2014_10_12_000000_create_users_table', 1),
(2, '2014_10_12_100000_create_password_resets_table', 1),
(3, '2016_06_01_000001_create_oauth_auth_codes_table', 1),
(4, '2016_06_01_000002_create_oauth_access_tokens_table', 1),
(5, '2016_06_01_000003_create_oauth_refresh_tokens_table', 1),
(6, '2016_06_01_000004_create_oauth_clients_table', 1),
(7, '2016_06_01_000005_create_oauth_personal_access_clients_table', 1),
(8, '2018_09_10_001803_create_permission_tables', 1),
(9, '2018_09_11_113752_create_brands_table', 1),
(10, '2018_09_11_113829_create_carts_table', 1),
(11, '2018_09_11_113926_create_categories_table', 1),
(12, '2018_09_11_113936_create_companies_table', 1),
(13, '2018_09_11_114003_create_orders_table', 1),
(14, '2018_09_11_114016_create_outlets_table', 1),
(15, '2018_09_11_114036_create_products_table', 1),
(16, '2018_09_11_153105_create_company_user_table', 1),
(17, '2018_09_11_233126_create_plans_table', 1),
(18, '2018_09_11_233437_create_settings_table', 1),
(19, '2018_09_12_003105_create_suppliers_table', 1),
(20, '2018_09_12_004038_create_brand_suppliers_table', 1),
(21, '2018_09_12_010345_create_ads_table', 1),
(22, '2018_09_15_002415_create_cart_products_table', 1),
(23, '2018_09_15_011031_create_order_products_table', 1),
(24, '2018_09_17_170317_create_standing_orders_table', 1),
(25, '2018_09_21_155426_create_supplier_payments_table', 1),
(26, '2018_09_22_002855_create_invoices_table', 1),
(27, '2018_09_29_235745_create_activity_log_table', 1),
(28, '2018_10_09_222640_create_supplier_directories_table', 1),
(29, '2018_10_11_225729_create_product_directories_table', 1);

-- --------------------------------------------------------

--
-- Table structure for table `model_has_permissions`
--

CREATE TABLE `model_has_permissions` (
  `permission_id` int(10) UNSIGNED NOT NULL,
  `model_type` varchar(255) COLLATE utf8mb4_unicode_ci NOT NULL,
  `model_id` bigint(20) UNSIGNED NOT NULL
) ENGINE=InnoDB DEFAULT CHARSET=utf8mb4 COLLATE=utf8mb4_unicode_ci;

-- --------------------------------------------------------

--
-- Table structure for table `model_has_roles`
--

CREATE TABLE `model_has_roles` (
  `role_id` int(10) UNSIGNED NOT NULL,
  `model_type` varchar(255) COLLATE utf8mb4_unicode_ci NOT NULL,
  `model_id` bigint(20) UNSIGNED NOT NULL
) ENGINE=InnoDB DEFAULT CHARSET=utf8mb4 COLLATE=utf8mb4_unicode_ci;

--
-- Dumping data for table `model_has_roles`
--

INSERT INTO `model_has_roles` (`role_id`, `model_type`, `model_id`) VALUES
(1, 'App\\Models\\User', 1);

-- --------------------------------------------------------

--
-- Table structure for table `oauth_access_tokens`
--

CREATE TABLE `oauth_access_tokens` (
  `id` varchar(100) COLLATE utf8mb4_unicode_ci NOT NULL,
  `user_id` int(11) DEFAULT NULL,
  `client_id` int(11) NOT NULL,
  `name` varchar(255) COLLATE utf8mb4_unicode_ci DEFAULT NULL,
  `scopes` text COLLATE utf8mb4_unicode_ci,
  `revoked` tinyint(1) NOT NULL,
  `created_at` timestamp NULL DEFAULT NULL,
  `updated_at` timestamp NULL DEFAULT NULL,
  `expires_at` datetime DEFAULT NULL
) ENGINE=InnoDB DEFAULT CHARSET=utf8mb4 COLLATE=utf8mb4_unicode_ci;

-- --------------------------------------------------------

--
-- Table structure for table `oauth_auth_codes`
--

CREATE TABLE `oauth_auth_codes` (
  `id` varchar(100) COLLATE utf8mb4_unicode_ci NOT NULL,
  `user_id` int(11) NOT NULL,
  `client_id` int(11) NOT NULL,
  `scopes` text COLLATE utf8mb4_unicode_ci,
  `revoked` tinyint(1) NOT NULL,
  `expires_at` datetime DEFAULT NULL
) ENGINE=InnoDB DEFAULT CHARSET=utf8mb4 COLLATE=utf8mb4_unicode_ci;

-- --------------------------------------------------------

--
-- Table structure for table `oauth_clients`
--

CREATE TABLE `oauth_clients` (
  `id` int(10) UNSIGNED NOT NULL,
  `user_id` int(11) DEFAULT NULL,
  `name` varchar(255) COLLATE utf8mb4_unicode_ci NOT NULL,
  `secret` varchar(100) COLLATE utf8mb4_unicode_ci NOT NULL,
  `redirect` text COLLATE utf8mb4_unicode_ci NOT NULL,
  `personal_access_client` tinyint(1) NOT NULL,
  `password_client` tinyint(1) NOT NULL,
  `revoked` tinyint(1) NOT NULL,
  `created_at` timestamp NULL DEFAULT NULL,
  `updated_at` timestamp NULL DEFAULT NULL
) ENGINE=InnoDB DEFAULT CHARSET=utf8mb4 COLLATE=utf8mb4_unicode_ci;

--
-- Dumping data for table `oauth_clients`
--

INSERT INTO `oauth_clients` (`id`, `user_id`, `name`, `secret`, `redirect`, `personal_access_client`, `password_client`, `revoked`, `created_at`, `updated_at`) VALUES
(1, NULL, 'Supplium Personal Access Client', 'Vo62QRo45YwHwm5MmW88lORpuxCaTsaThiW6o3qy', 'http://localhost', 1, 0, 0, '2018-10-17 15:18:32', '2018-10-17 15:18:32'),
(2, NULL, 'Supplium Password Grant Client', '3j6IEMPWp2R4qZrhDkyjfoVsWr34FtKRir0xe5Am', 'http://localhost', 0, 1, 0, '2018-10-17 15:18:32', '2018-10-17 15:18:32');

-- --------------------------------------------------------

--
-- Table structure for table `oauth_personal_access_clients`
--

CREATE TABLE `oauth_personal_access_clients` (
  `id` int(10) UNSIGNED NOT NULL,
  `client_id` int(11) NOT NULL,
  `created_at` timestamp NULL DEFAULT NULL,
  `updated_at` timestamp NULL DEFAULT NULL
) ENGINE=InnoDB DEFAULT CHARSET=utf8mb4 COLLATE=utf8mb4_unicode_ci;

--
-- Dumping data for table `oauth_personal_access_clients`
--

INSERT INTO `oauth_personal_access_clients` (`id`, `client_id`, `created_at`, `updated_at`) VALUES
(1, 1, '2018-10-17 15:18:32', '2018-10-17 15:18:32');

-- --------------------------------------------------------

--
-- Table structure for table `oauth_refresh_tokens`
--

CREATE TABLE `oauth_refresh_tokens` (
  `id` varchar(100) COLLATE utf8mb4_unicode_ci NOT NULL,
  `access_token_id` varchar(100) COLLATE utf8mb4_unicode_ci NOT NULL,
  `revoked` tinyint(1) NOT NULL,
  `expires_at` datetime DEFAULT NULL
) ENGINE=InnoDB DEFAULT CHARSET=utf8mb4 COLLATE=utf8mb4_unicode_ci;

-- --------------------------------------------------------

--
-- Table structure for table `orders`
--

CREATE TABLE `orders` (
  `id` int(10) UNSIGNED NOT NULL,
  `number` varchar(255) COLLATE utf8mb4_unicode_ci NOT NULL,
  `products` text COLLATE utf8mb4_unicode_ci NOT NULL,
  `scheduled_on` text COLLATE utf8mb4_unicode_ci,
  `status` enum('pending','confirmed') COLLATE utf8mb4_unicode_ci NOT NULL,
  `delivery_status` enum('fully_delivered','fully_delivered_with_bonus','partially_delivered','not_delivered') COLLATE utf8mb4_unicode_ci NOT NULL,
  `tax` decimal(4,2) NOT NULL,
  `total_qty` int(11) NOT NULL,
  `total_price_before_tax` decimal(9,2) NOT NULL,
  `tax_val` decimal(8,2) NOT NULL,
  `total_price_after_tax` decimal(9,2) NOT NULL,
  `notes` text COLLATE utf8mb4_unicode_ci,
  `supplier_id` bigint(20) UNSIGNED NOT NULL,
  `outlet_id` bigint(20) UNSIGNED NOT NULL,
  `standing_order_id` bigint(20) UNSIGNED DEFAULT NULL,
  `created_by_user_id` bigint(20) UNSIGNED DEFAULT NULL,
  `updated_by_user_id` bigint(20) UNSIGNED DEFAULT NULL,
  `created_at` timestamp NULL DEFAULT NULL,
  `updated_at` timestamp NULL DEFAULT NULL
) ENGINE=InnoDB DEFAULT CHARSET=utf8mb4 COLLATE=utf8mb4_unicode_ci;

--
-- Dumping data for table `orders`
--

INSERT INTO `orders` (`id`, `number`, `products`, `scheduled_on`, `status`, `delivery_status`, `tax`, `total_qty`, `total_price_before_tax`, `tax_val`, `total_price_after_tax`, `notes`, `supplier_id`, `outlet_id`, `standing_order_id`, `created_by_user_id`, `updated_by_user_id`, `created_at`, `updated_at`) VALUES
(1, '2018-10-171', '\"{\\\"1\\\":8,\\\"2\\\":28,\\\"3\\\":15,\\\"4\\\":25}\"', NULL, 'pending', 'not_delivered', '41.00', 25, '655.00', '268.55', '923.55', 'Aut maiores ut ab assumenda est sit.', 40, 49, 50, NULL, NULL, '2018-10-17 15:18:24', '2018-10-17 15:18:24'),
(2, '2018-10-172', '\"{\\\"1\\\":45,\\\"2\\\":48,\\\"3\\\":12,\\\"4\\\":50}\"', NULL, 'confirmed', 'not_delivered', '10.00', 17, '999.00', '99.90', '1098.90', 'Non iure quia non.', 23, 35, 13, NULL, NULL, '2018-10-17 15:18:24', '2018-10-17 15:18:24'),
(3, '2018-10-173', '\"{\\\"1\\\":12,\\\"2\\\":45,\\\"3\\\":46,\\\"4\\\":50}\"', NULL, 'confirmed', 'not_delivered', '44.00', 19, '869.00', '382.36', '1251.36', 'Amet reiciendis excepturi maxime.', 21, 27, 39, NULL, NULL, '2018-10-17 15:18:24', '2018-10-17 15:18:24'),
(4, '2018-10-174', '\"{\\\"1\\\":37,\\\"2\\\":48,\\\"3\\\":16,\\\"4\\\":43}\"', NULL, 'confirmed', 'not_delivered', '21.00', 15, '773.00', '162.33', '935.33', 'Ex et natus vitae perspiciatis aut quam.', 8, 16, 36, NULL, NULL, '2018-10-17 15:18:24', '2018-10-17 15:18:24'),
(5, '2018-10-175', '\"{\\\"1\\\":26,\\\"2\\\":35,\\\"3\\\":2,\\\"4\\\":30}\"', NULL, 'confirmed', 'not_delivered', '15.00', 17, '521.00', '78.15', '599.15', 'Blanditiis cupiditate natus ducimus voluptatem vitae excepturi.', 25, 28, 4, NULL, NULL, '2018-10-17 15:18:24', '2018-10-17 15:18:24'),
(6, '2018-10-176', '\"{\\\"1\\\":33,\\\"2\\\":49,\\\"3\\\":27,\\\"4\\\":49}\"', NULL, 'pending', 'not_delivered', '44.00', 13, '142.00', '62.48', '204.48', 'Possimus sint quo inventore officiis suscipit maiores.', 15, 33, 13, NULL, NULL, '2018-10-17 15:18:24', '2018-10-17 15:18:24'),
(7, '2018-10-177', '\"{\\\"1\\\":20,\\\"2\\\":16,\\\"3\\\":46,\\\"4\\\":45}\"', NULL, 'confirmed', 'not_delivered', '27.00', 14, '318.00', '85.86', '403.86', 'Iste ea dolor qui animi est nulla.', 23, 36, 26, NULL, NULL, '2018-10-17 15:18:24', '2018-10-17 15:18:24'),
(8, '2018-10-178', '\"{\\\"1\\\":47,\\\"2\\\":21,\\\"3\\\":47,\\\"4\\\":15}\"', NULL, 'confirmed', 'not_delivered', '28.00', 42, '560.00', '156.80', '716.80', 'Ipsam alias non quasi ut sed.', 35, 33, 38, NULL, NULL, '2018-10-17 15:18:24', '2018-10-17 15:18:24'),
(9, '2018-10-179', '\"{\\\"1\\\":26,\\\"2\\\":36,\\\"3\\\":23,\\\"4\\\":13}\"', NULL, 'confirmed', 'not_delivered', '41.00', 6, '318.00', '130.38', '448.38', 'Error dicta magni ut id.', 38, 30, 37, NULL, NULL, '2018-10-17 15:18:24', '2018-10-17 15:18:24'),
(10, '2018-10-1710', '\"{\\\"1\\\":47,\\\"2\\\":35,\\\"3\\\":31,\\\"4\\\":29}\"', NULL, 'confirmed', 'not_delivered', '43.00', 45, '662.00', '284.66', '946.66', 'Molestiae non neque porro eligendi iusto.', 2, 16, 41, NULL, NULL, '2018-10-17 15:18:24', '2018-10-17 15:18:24'),
(11, '2018-10-1711', '\"{\\\"1\\\":33,\\\"2\\\":43,\\\"3\\\":12,\\\"4\\\":48}\"', NULL, 'pending', 'not_delivered', '42.00', 23, '291.00', '122.22', '413.22', 'Sunt iste nihil consequuntur rem nostrum.', 12, 40, 1, NULL, NULL, '2018-10-17 15:18:24', '2018-10-17 15:18:24'),
(12, '2018-10-1712', '\"{\\\"1\\\":10,\\\"2\\\":28,\\\"3\\\":2,\\\"4\\\":47}\"', NULL, 'pending', 'not_delivered', '36.00', 12, '624.00', '224.64', '848.64', 'Iusto dolorem sed optio et id.', 44, 39, 20, NULL, NULL, '2018-10-17 15:18:24', '2018-10-17 15:18:24'),
(13, '2018-10-1713', '\"{\\\"1\\\":50,\\\"2\\\":50,\\\"3\\\":49,\\\"4\\\":21}\"', NULL, 'confirmed', 'not_delivered', '28.00', 13, '14.00', '3.92', '17.92', 'Similique temporibus consequuntur repellat.', 42, 2, 34, NULL, NULL, '2018-10-17 15:18:24', '2018-10-17 15:18:24'),
(14, '2018-10-1714', '\"{\\\"1\\\":5,\\\"2\\\":22,\\\"3\\\":45,\\\"4\\\":6}\"', NULL, 'confirmed', 'not_delivered', '30.00', 11, '51.00', '15.30', '66.30', 'Ea qui et possimus.', 19, 48, 39, NULL, NULL, '2018-10-17 15:18:24', '2018-10-17 15:18:24'),
(15, '2018-10-1715', '\"{\\\"1\\\":37,\\\"2\\\":8,\\\"3\\\":35,\\\"4\\\":7}\"', NULL, 'pending', 'not_delivered', '44.00', 49, '909.00', '399.96', '1308.96', 'Eos inventore est exercitationem et.', 40, 2, 36, NULL, NULL, '2018-10-17 15:18:24', '2018-10-17 15:18:24'),
(16, '2018-10-1716', '\"{\\\"1\\\":45,\\\"2\\\":43,\\\"3\\\":3,\\\"4\\\":22}\"', NULL, 'confirmed', 'not_delivered', '39.00', 28, '142.00', '55.38', '197.38', 'Officiis non nam at.', 19, 3, 40, NULL, NULL, '2018-10-17 15:18:24', '2018-10-17 15:18:24'),
(17, '2018-10-1717', '\"{\\\"1\\\":13,\\\"2\\\":34,\\\"3\\\":19,\\\"4\\\":49}\"', NULL, 'confirmed', 'not_delivered', '44.00', 23, '574.00', '252.56', '826.56', 'Consequatur sunt id saepe natus velit.', 8, 25, 24, NULL, NULL, '2018-10-17 15:18:24', '2018-10-17 15:18:24'),
(18, '2018-10-1718', '\"{\\\"1\\\":12,\\\"2\\\":21,\\\"3\\\":45,\\\"4\\\":2}\"', NULL, 'pending', 'not_delivered', '41.00', 30, '358.00', '146.78', '504.78', 'Omnis eveniet molestiae sit pariatur.', 47, 7, 50, NULL, NULL, '2018-10-17 15:18:24', '2018-10-17 15:18:24'),
(19, '2018-10-1719', '\"{\\\"1\\\":10,\\\"2\\\":18,\\\"3\\\":35,\\\"4\\\":45}\"', NULL, 'confirmed', 'not_delivered', '36.00', 20, '985.00', '354.60', '1339.60', 'Quas esse consequatur fugit ipsa dolores.', 3, 19, 45, NULL, NULL, '2018-10-17 15:18:24', '2018-10-17 15:18:24'),
(20, '2018-10-1720', '\"{\\\"1\\\":16,\\\"2\\\":22,\\\"3\\\":7,\\\"4\\\":33}\"', NULL, 'pending', 'not_delivered', '13.00', 18, '112.00', '14.56', '126.56', 'Est expedita unde est.', 28, 20, 1, NULL, NULL, '2018-10-17 15:18:24', '2018-10-17 15:18:24'),
(21, '2018-10-1721', '\"{\\\"1\\\":31,\\\"2\\\":11,\\\"3\\\":17,\\\"4\\\":37}\"', NULL, 'confirmed', 'not_delivered', '21.00', 46, '779.00', '163.59', '942.59', 'Est voluptatem ducimus qui sapiente dicta.', 50, 44, 44, NULL, NULL, '2018-10-17 15:18:24', '2018-10-17 15:18:24'),
(22, '2018-10-1722', '\"{\\\"1\\\":34,\\\"2\\\":46,\\\"3\\\":12,\\\"4\\\":27}\"', NULL, 'confirmed', 'not_delivered', '27.00', 10, '435.00', '117.45', '552.45', 'Laborum molestias repellendus maiores.', 13, 50, 26, NULL, NULL, '2018-10-17 15:18:24', '2018-10-17 15:18:24'),
(23, '2018-10-1723', '\"{\\\"1\\\":2,\\\"2\\\":10,\\\"3\\\":6,\\\"4\\\":19}\"', NULL, 'confirmed', 'not_delivered', '15.00', 2, '757.00', '113.55', '870.55', 'Aut praesentium totam culpa ut.', 32, 2, 29, NULL, NULL, '2018-10-17 15:18:24', '2018-10-17 15:18:24'),
(24, '2018-10-1724', '\"{\\\"1\\\":17,\\\"2\\\":6,\\\"3\\\":20,\\\"4\\\":38}\"', NULL, 'confirmed', 'not_delivered', '25.00', 30, '257.00', '64.25', '321.25', 'Doloremque voluptates nobis dolorum sed aut ut.', 6, 5, 20, NULL, NULL, '2018-10-17 15:18:24', '2018-10-17 15:18:24'),
(25, '2018-10-1725', '\"{\\\"1\\\":7,\\\"2\\\":35,\\\"3\\\":46,\\\"4\\\":31}\"', NULL, 'confirmed', 'not_delivered', '25.00', 16, '196.00', '49.00', '245.00', 'Eum est est non eveniet.', 35, 24, 29, NULL, NULL, '2018-10-17 15:18:24', '2018-10-17 15:18:24'),
(26, '2018-10-1726', '\"{\\\"1\\\":40,\\\"2\\\":28,\\\"3\\\":39,\\\"4\\\":31}\"', NULL, 'confirmed', 'not_delivered', '32.00', 18, '62.00', '19.84', '81.84', 'Accusamus voluptatem quaerat voluptatibus tenetur esse.', 32, 37, 27, NULL, NULL, '2018-10-17 15:18:25', '2018-10-17 15:18:25'),
(27, '2018-10-1727', '\"{\\\"1\\\":10,\\\"2\\\":32,\\\"3\\\":4,\\\"4\\\":35}\"', NULL, 'confirmed', 'not_delivered', '49.00', 15, '89.00', '43.61', '132.61', 'Nostrum sit distinctio ut illo magni.', 14, 11, 36, NULL, NULL, '2018-10-17 15:18:25', '2018-10-17 15:18:25'),
(28, '2018-10-1728', '\"{\\\"1\\\":47,\\\"2\\\":40,\\\"3\\\":26,\\\"4\\\":32}\"', NULL, 'pending', 'not_delivered', '46.00', 26, '739.00', '339.94', '1078.94', 'Tenetur quia itaque amet architecto esse perspiciatis veniam.', 32, 46, 23, NULL, NULL, '2018-10-17 15:18:25', '2018-10-17 15:18:25'),
(29, '2018-10-1729', '\"{\\\"1\\\":41,\\\"2\\\":20,\\\"3\\\":36,\\\"4\\\":26}\"', NULL, 'confirmed', 'not_delivered', '32.00', 47, '64.00', '20.48', '84.48', 'Similique vitae aliquid officia id autem illo.', 46, 1, 48, NULL, NULL, '2018-10-17 15:18:25', '2018-10-17 15:18:25'),
(30, '2018-10-1730', '\"{\\\"1\\\":11,\\\"2\\\":40,\\\"3\\\":8,\\\"4\\\":27}\"', NULL, 'pending', 'not_delivered', '45.00', 42, '66.00', '29.70', '95.70', 'Est recusandae et doloremque sequi.', 20, 25, 12, NULL, NULL, '2018-10-17 15:18:25', '2018-10-17 15:18:25'),
(31, '2018-10-1731', '\"{\\\"1\\\":24,\\\"2\\\":6,\\\"3\\\":39,\\\"4\\\":42}\"', NULL, 'pending', 'not_delivered', '40.00', 35, '389.00', '155.60', '544.60', 'Doloremque ipsum vel dolorum voluptas accusantium.', 21, 1, 14, NULL, NULL, '2018-10-17 15:18:25', '2018-10-17 15:18:25'),
(32, '2018-10-1732', '\"{\\\"1\\\":25,\\\"2\\\":6,\\\"3\\\":22,\\\"4\\\":28}\"', NULL, 'confirmed', 'not_delivered', '46.00', 9, '533.00', '245.18', '778.18', 'Et eos officiis earum ad fuga.', 37, 41, 24, NULL, NULL, '2018-10-17 15:18:25', '2018-10-17 15:18:25'),
(33, '2018-10-1733', '\"{\\\"1\\\":48,\\\"2\\\":17,\\\"3\\\":31,\\\"4\\\":15}\"', NULL, 'confirmed', 'not_delivered', '22.00', 22, '975.00', '214.50', '1189.50', 'Qui aperiam amet veniam.', 48, 31, 45, NULL, NULL, '2018-10-17 15:18:25', '2018-10-17 15:18:25'),
(34, '2018-10-1734', '\"{\\\"1\\\":33,\\\"2\\\":19,\\\"3\\\":43,\\\"4\\\":11}\"', NULL, 'confirmed', 'not_delivered', '19.00', 14, '693.00', '131.67', '824.67', 'Sed maxime eos reprehenderit vitae.', 11, 31, 9, NULL, NULL, '2018-10-17 15:18:25', '2018-10-17 15:18:25'),
(35, '2018-10-1735', '\"{\\\"1\\\":1,\\\"2\\\":6,\\\"3\\\":5,\\\"4\\\":40}\"', NULL, 'confirmed', 'not_delivered', '44.00', 29, '16.00', '7.04', '23.04', 'Commodi illo cumque eveniet.', 23, 28, 33, NULL, NULL, '2018-10-17 15:18:25', '2018-10-17 15:18:25'),
(36, '2018-10-1736', '\"{\\\"1\\\":28,\\\"2\\\":16,\\\"3\\\":39,\\\"4\\\":27}\"', NULL, 'pending', 'not_delivered', '30.00', 10, '681.00', '204.30', '885.30', 'Sint est magnam animi occaecati illo.', 3, 36, 18, NULL, NULL, '2018-10-17 15:18:25', '2018-10-17 15:18:25'),
(37, '2018-10-1737', '\"{\\\"1\\\":39,\\\"2\\\":3,\\\"3\\\":1,\\\"4\\\":45}\"', NULL, 'confirmed', 'not_delivered', '16.00', 29, '268.00', '42.88', '310.88', 'Harum repudiandae neque qui labore.', 45, 30, 36, NULL, NULL, '2018-10-17 15:18:25', '2018-10-17 15:18:25'),
(38, '2018-10-1738', '\"{\\\"1\\\":40,\\\"2\\\":10,\\\"3\\\":21,\\\"4\\\":21}\"', NULL, 'confirmed', 'not_delivered', '37.00', 4, '45.00', '16.65', '61.65', 'Perspiciatis voluptatem autem alias excepturi.', 30, 10, 40, NULL, NULL, '2018-10-17 15:18:25', '2018-10-17 15:18:25'),
(39, '2018-10-1739', '\"{\\\"1\\\":7,\\\"2\\\":15,\\\"3\\\":29,\\\"4\\\":35}\"', NULL, 'confirmed', 'not_delivered', '18.00', 45, '583.00', '104.94', '687.94', 'Ipsa hic est ea vel voluptatem.', 26, 50, 33, NULL, NULL, '2018-10-17 15:18:25', '2018-10-17 15:18:25'),
(40, '2018-10-1740', '\"{\\\"1\\\":23,\\\"2\\\":49,\\\"3\\\":14,\\\"4\\\":49}\"', NULL, 'confirmed', 'not_delivered', '46.00', 4, '377.00', '173.42', '550.42', 'Ipsum quos sed libero maiores ut.', 1, 9, 25, NULL, NULL, '2018-10-17 15:18:25', '2018-10-17 15:18:25'),
(41, '2018-10-1741', '\"{\\\"1\\\":22,\\\"2\\\":23,\\\"3\\\":23,\\\"4\\\":22}\"', NULL, 'pending', 'not_delivered', '19.00', 3, '187.00', '35.53', '222.53', 'Aut dolore corrupti rerum reprehenderit a.', 13, 39, 37, NULL, NULL, '2018-10-17 15:18:25', '2018-10-17 15:18:25'),
(42, '2018-10-1742', '\"{\\\"1\\\":21,\\\"2\\\":35,\\\"3\\\":42,\\\"4\\\":45}\"', NULL, 'pending', 'not_delivered', '18.00', 12, '564.00', '101.52', '665.52', 'Cum autem aliquid enim.', 18, 24, 32, NULL, NULL, '2018-10-17 15:18:25', '2018-10-17 15:18:25'),
(43, '2018-10-1743', '\"{\\\"1\\\":12,\\\"2\\\":5,\\\"3\\\":24,\\\"4\\\":26}\"', NULL, 'confirmed', 'not_delivered', '41.00', 30, '375.00', '153.75', '528.75', 'Omnis repudiandae vel voluptatem unde nesciunt non.', 3, 4, 50, NULL, NULL, '2018-10-17 15:18:25', '2018-10-17 15:18:25'),
(44, '2018-10-1744', '\"{\\\"1\\\":40,\\\"2\\\":27,\\\"3\\\":48,\\\"4\\\":39}\"', NULL, 'confirmed', 'not_delivered', '36.00', 35, '18.00', '6.48', '24.48', 'Temporibus dolorem non est.', 19, 9, 3, NULL, NULL, '2018-10-17 15:18:25', '2018-10-17 15:18:25'),
(45, '2018-10-1745', '\"{\\\"1\\\":34,\\\"2\\\":43,\\\"3\\\":48,\\\"4\\\":35}\"', NULL, 'pending', 'not_delivered', '50.00', 21, '151.00', '75.50', '226.50', 'Omnis tempora qui ut at.', 33, 42, 35, NULL, NULL, '2018-10-17 15:18:25', '2018-10-17 15:18:25'),
(46, '2018-10-1746', '\"{\\\"1\\\":1,\\\"2\\\":1,\\\"3\\\":35,\\\"4\\\":31}\"', NULL, 'confirmed', 'not_delivered', '33.00', 48, '889.00', '293.37', '1182.37', 'Ea sunt qui qui.', 17, 23, 46, NULL, NULL, '2018-10-17 15:18:25', '2018-10-17 15:18:25'),
(47, '2018-10-1747', '\"{\\\"1\\\":8,\\\"2\\\":35,\\\"3\\\":40,\\\"4\\\":8}\"', NULL, 'confirmed', 'not_delivered', '10.00', 41, '505.00', '50.50', '555.50', 'Voluptatem magnam qui dolore id quibusdam architecto.', 17, 45, 39, NULL, NULL, '2018-10-17 15:18:25', '2018-10-17 15:18:25'),
(48, '2018-10-1748', '\"{\\\"1\\\":32,\\\"2\\\":5,\\\"3\\\":28,\\\"4\\\":21}\"', NULL, 'pending', 'not_delivered', '47.00', 42, '697.00', '327.59', '1024.59', 'Nihil nam commodi non sit repudiandae ratione.', 45, 49, 19, NULL, NULL, '2018-10-17 15:18:25', '2018-10-17 15:18:25'),
(49, '2018-10-1749', '\"{\\\"1\\\":41,\\\"2\\\":23,\\\"3\\\":18,\\\"4\\\":38}\"', NULL, 'confirmed', 'not_delivered', '48.00', 17, '578.00', '277.44', '855.44', 'Dolor iusto sequi maiores est quis voluptas.', 39, 12, 24, NULL, NULL, '2018-10-17 15:18:25', '2018-10-17 15:18:25'),
(50, '2018-10-1750', '\"{\\\"1\\\":43,\\\"2\\\":44,\\\"3\\\":5,\\\"4\\\":28}\"', NULL, 'pending', 'not_delivered', '29.00', 41, '187.00', '54.23', '241.23', 'Voluptatem perferendis autem aliquid laudantium.', 8, 13, 19, NULL, NULL, '2018-10-17 15:18:25', '2018-10-17 15:18:25');

-- --------------------------------------------------------

--
-- Table structure for table `order_product`
--

CREATE TABLE `order_product` (
  `id` int(10) UNSIGNED NOT NULL,
  `order_id` bigint(20) UNSIGNED NOT NULL,
  `product_id` bigint(20) UNSIGNED NOT NULL,
  `created_at` timestamp NULL DEFAULT NULL,
  `updated_at` timestamp NULL DEFAULT NULL
) ENGINE=InnoDB DEFAULT CHARSET=utf8mb4 COLLATE=utf8mb4_unicode_ci;

--
-- Dumping data for table `order_product`
--

INSERT INTO `order_product` (`id`, `order_id`, `product_id`, `created_at`, `updated_at`) VALUES
(1, 34, 36, '2018-10-17 15:18:25', '2018-10-17 15:18:25'),
(2, 19, 18, '2018-10-17 15:18:25', '2018-10-17 15:18:25'),
(3, 29, 34, '2018-10-17 15:18:25', '2018-10-17 15:18:25'),
(4, 38, 41, '2018-10-17 15:18:25', '2018-10-17 15:18:25'),
(5, 4, 13, '2018-10-17 15:18:25', '2018-10-17 15:18:25'),
(6, 1, 14, '2018-10-17 15:18:25', '2018-10-17 15:18:25'),
(7, 37, 34, '2018-10-17 15:18:25', '2018-10-17 15:18:25'),
(8, 15, 23, '2018-10-17 15:18:25', '2018-10-17 15:18:25'),
(9, 10, 29, '2018-10-17 15:18:25', '2018-10-17 15:18:25'),
(10, 28, 29, '2018-10-17 15:18:25', '2018-10-17 15:18:25'),
(11, 27, 25, '2018-10-17 15:18:25', '2018-10-17 15:18:25'),
(12, 23, 37, '2018-10-17 15:18:25', '2018-10-17 15:18:25'),
(13, 7, 45, '2018-10-17 15:18:25', '2018-10-17 15:18:25'),
(14, 40, 23, '2018-10-17 15:18:25', '2018-10-17 15:18:25'),
(15, 24, 30, '2018-10-17 15:18:25', '2018-10-17 15:18:25'),
(16, 50, 22, '2018-10-17 15:18:25', '2018-10-17 15:18:25'),
(17, 31, 30, '2018-10-17 15:18:25', '2018-10-17 15:18:25'),
(18, 45, 32, '2018-10-17 15:18:25', '2018-10-17 15:18:25'),
(19, 24, 18, '2018-10-17 15:18:25', '2018-10-17 15:18:25'),
(20, 18, 25, '2018-10-17 15:18:25', '2018-10-17 15:18:25'),
(21, 39, 2, '2018-10-17 15:18:25', '2018-10-17 15:18:25'),
(22, 13, 46, '2018-10-17 15:18:25', '2018-10-17 15:18:25'),
(23, 16, 11, '2018-10-17 15:18:25', '2018-10-17 15:18:25'),
(24, 34, 35, '2018-10-17 15:18:25', '2018-10-17 15:18:25'),
(25, 29, 41, '2018-10-17 15:18:25', '2018-10-17 15:18:25'),
(26, 12, 1, '2018-10-17 15:18:25', '2018-10-17 15:18:25'),
(27, 31, 24, '2018-10-17 15:18:25', '2018-10-17 15:18:25'),
(28, 6, 23, '2018-10-17 15:18:25', '2018-10-17 15:18:25'),
(29, 11, 12, '2018-10-17 15:18:25', '2018-10-17 15:18:25'),
(30, 37, 46, '2018-10-17 15:18:25', '2018-10-17 15:18:25'),
(31, 8, 6, '2018-10-17 15:18:25', '2018-10-17 15:18:25'),
(32, 39, 19, '2018-10-17 15:18:25', '2018-10-17 15:18:25'),
(33, 15, 8, '2018-10-17 15:18:25', '2018-10-17 15:18:25'),
(34, 11, 30, '2018-10-17 15:18:25', '2018-10-17 15:18:25'),
(35, 6, 28, '2018-10-17 15:18:25', '2018-10-17 15:18:25'),
(36, 28, 10, '2018-10-17 15:18:26', '2018-10-17 15:18:26'),
(37, 22, 40, '2018-10-17 15:18:26', '2018-10-17 15:18:26'),
(38, 22, 6, '2018-10-17 15:18:26', '2018-10-17 15:18:26'),
(39, 49, 26, '2018-10-17 15:18:26', '2018-10-17 15:18:26'),
(40, 28, 32, '2018-10-17 15:18:26', '2018-10-17 15:18:26'),
(41, 34, 23, '2018-10-17 15:18:26', '2018-10-17 15:18:26'),
(42, 13, 10, '2018-10-17 15:18:26', '2018-10-17 15:18:26'),
(43, 8, 31, '2018-10-17 15:18:26', '2018-10-17 15:18:26'),
(44, 26, 47, '2018-10-17 15:18:26', '2018-10-17 15:18:26'),
(45, 13, 28, '2018-10-17 15:18:26', '2018-10-17 15:18:26'),
(46, 4, 41, '2018-10-17 15:18:26', '2018-10-17 15:18:26'),
(47, 15, 11, '2018-10-17 15:18:26', '2018-10-17 15:18:26'),
(48, 16, 13, '2018-10-17 15:18:26', '2018-10-17 15:18:26'),
(49, 9, 14, '2018-10-17 15:18:26', '2018-10-17 15:18:26'),
(50, 50, 25, '2018-10-17 15:18:26', '2018-10-17 15:18:26');

-- --------------------------------------------------------

--
-- Table structure for table `outlets`
--

CREATE TABLE `outlets` (
  `id` int(10) UNSIGNED NOT NULL,
  `name` varchar(255) COLLATE utf8mb4_unicode_ci NOT NULL,
  `phone` varchar(255) COLLATE utf8mb4_unicode_ci NOT NULL,
  `address` varchar(255) COLLATE utf8mb4_unicode_ci NOT NULL,
  `longitude` varchar(255) COLLATE utf8mb4_unicode_ci NOT NULL,
  `latitude` varchar(255) COLLATE utf8mb4_unicode_ci NOT NULL,
  `city` varchar(255) COLLATE utf8mb4_unicode_ci NOT NULL,
  `shipping_address` varchar(255) COLLATE utf8mb4_unicode_ci NOT NULL,
  `brand_id` bigint(20) UNSIGNED NOT NULL,
  `created_by_user_id` bigint(20) UNSIGNED DEFAULT NULL,
  `updated_by_user_id` bigint(20) UNSIGNED DEFAULT NULL,
  `created_at` timestamp NULL DEFAULT NULL,
  `updated_at` timestamp NULL DEFAULT NULL
) ENGINE=InnoDB DEFAULT CHARSET=utf8mb4 COLLATE=utf8mb4_unicode_ci;

--
-- Dumping data for table `outlets`
--

INSERT INTO `outlets` (`id`, `name`, `phone`, `address`, `longitude`, `latitude`, `city`, `shipping_address`, `brand_id`, `created_by_user_id`, `updated_by_user_id`, `created_at`, `updated_at`) VALUES
(1, 'Tamia Ferry V', '805.235.7269', '27039 Icie Land\nStantonmouth, OK 89083-2855', '-72.591316', '28.925829', 'Gaylordton', '240 Schaefer Ports\nLarsonburgh, VA 46077', 1, NULL, NULL, '2018-10-17 15:18:17', '2018-10-17 15:18:17'),
(2, 'Rusty Ryan', '648-574-2271 x630', '4738 Ethyl Common\nWest Erik, MT 72506', '32.650923', '-32.045832', 'New Diamond', '384 Christiansen Streets\nNew Jamie, WV 27840', 2, NULL, NULL, '2018-10-17 15:18:17', '2018-10-17 15:18:17'),
(3, 'Avis Upton', '530-856-0333', '75707 Watsica Pine\nOlenborough, MT 60204-3826', '-34.918824', '27.418348', 'Wiegandfurt', '6969 Margarete Loaf\nBerttown, PA 40813-5564', 3, NULL, NULL, '2018-10-17 15:18:17', '2018-10-17 15:18:17'),
(4, 'Dorthy Wunsch III', '+1 (429) 642-4906', '5029 Huel Park\nSouth Kira, IN 10347-2942', '-165.182571', '-62.605584', 'Port Luellastad', '8706 Abbott Villages\nNorth Cydneybury, FL 82370-9320', 4, NULL, NULL, '2018-10-17 15:18:17', '2018-10-17 15:18:17'),
(5, 'Ms. Verdie Klein', '365-931-4509', '963 Lacy Valley Apt. 106\nLake Giabury, VA 14950-8027', '170.270573', '29.386353', 'Juniorborough', '5666 Laverna Pine\nBorisport, OH 33430', 5, NULL, NULL, '2018-10-17 15:18:17', '2018-10-17 15:18:17'),
(6, 'Prof. Judah Keebler MD', '549-407-0094 x85581', '41192 Schulist Roads\nNorth Arthur, MI 82820', '-131.541233', '-12.831143', 'Reannachester', '85992 Catherine Lock\nNew Demond, HI 50474-8784', 6, NULL, NULL, '2018-10-17 15:18:17', '2018-10-17 15:18:17'),
(7, 'Gaetano Conroy', '1-592-743-3848 x22530', '7822 Batz Brooks\nMelodyburgh, WI 39775-6558', '177.099169', '33.952792', 'Bauchberg', '194 Cassin Rest\nEast Willowtown, IA 09732', 7, NULL, NULL, '2018-10-17 15:18:17', '2018-10-17 15:18:17'),
(8, 'Yasmin Hintz', '+1-674-595-7862', '688 Jolie Street\nSouth Rosalyn, MI 79101', '112.521506', '-80.722153', 'Prohaskastad', '259 Crystel Forges Apt. 761\nCorafurt, OK 60478-5110', 8, NULL, NULL, '2018-10-17 15:18:17', '2018-10-17 15:18:17'),
(9, 'Alvina Botsford Jr.', '834.288.7719 x13926', '1072 Anderson Mountain Apt. 999\nKrajcikport, CT 97176', '-43.415489', '-53.764917', 'Waldofort', '546 O\'Conner Mills Apt. 750\nJoyceborough, DC 51132', 9, NULL, NULL, '2018-10-17 15:18:17', '2018-10-17 15:18:17'),
(10, 'Mrs. Tressa Yundt IV', '249.766.3962 x6163', '6910 Bode Crescent\nGleichnerview, NM 47924', '125.818663', '60.760019', 'Gradyport', '9092 Windler Glens\nEast Lance, MA 22448', 10, NULL, NULL, '2018-10-17 15:18:17', '2018-10-17 15:18:17'),
(11, 'Judah Beatty', '806-531-3775 x212', '5573 Taurean Passage Suite 627\nEast Garry, MI 79272-3708', '116.566349', '17.366544', 'Port Elnoraborough', '156 Waelchi Causeway\nDaishamouth, IA 24819-3877', 11, NULL, NULL, '2018-10-17 15:18:17', '2018-10-17 15:18:17'),
(12, 'Leora Moen', '1-795-417-9732 x87979', '7595 Blanda Lakes Apt. 085\nSouth Waynemouth, CT 68365', '-59.998917', '48.426832', 'Danniechester', '2995 Thad Plains\nNew Abner, RI 66066-1832', 12, NULL, NULL, '2018-10-17 15:18:17', '2018-10-17 15:18:17'),
(13, 'Stevie Denesik', '(398) 788-0796 x52177', '444 Schamberger Loaf\nShieldsmouth, ND 38496', '21.207668', '13.614326', 'East Orvalstad', '26370 Emery Drives\nEast Nicholasbury, AZ 80381-6166', 13, NULL, NULL, '2018-10-17 15:18:17', '2018-10-17 15:18:17'),
(14, 'Libbie Schmitt', '737-997-0875 x0628', '365 Matilda Green Suite 691\nTobytown, SD 76349-1248', '83.750428', '-18.94498', 'Kuphalside', '227 Alvah Expressway\nDevonteton, TN 23802-1278', 14, NULL, NULL, '2018-10-17 15:18:17', '2018-10-17 15:18:17'),
(15, 'Roxane Jerde', '+1-959-346-0495', '9881 Ara Views\nLeschtown, MO 43114-8957', '161.69752', '-12.339486', 'West Graciela', '3390 Eino Fort Apt. 388\nDereckland, MO 64387-9567', 15, NULL, NULL, '2018-10-17 15:18:17', '2018-10-17 15:18:17'),
(16, 'Madonna Okuneva', '+1-650-817-1440', '86834 Gay Walk Apt. 271\nNorth Sallie, AL 69536-2106', '-89.838304', '46.650848', 'Langworthton', '8716 Jakubowski Stream Apt. 348\nPort America, AK 19289-2805', 16, NULL, NULL, '2018-10-17 15:18:17', '2018-10-17 15:18:17'),
(17, 'Angelita Gottlieb', '214.505.5152', '32729 Cayla Village Suite 172\nEphraimtown, DC 52834-7109', '135.274874', '60.56573', 'Kuphalside', '1718 Patience Cape Apt. 037\nSethborough, TX 11070', 17, NULL, NULL, '2018-10-17 15:18:17', '2018-10-17 15:18:17'),
(18, 'Shirley Botsford', '243.595.0052 x8188', '4876 Marjorie Ridges\nEast Kobe, MA 76315-2866', '149.876879', '-69.763884', 'Port Jonathon', '31389 Murphy Dale Suite 445\nWest Yoshikomouth, CO 49218', 18, NULL, NULL, '2018-10-17 15:18:17', '2018-10-17 15:18:17'),
(19, 'Prof. Jeramy Kertzmann', '(532) 794-6232 x803', '39975 Noble Burgs\nPort Miltonshire, NY 78614', '-54.793413', '-3.005088', 'Unamouth', '878 Labadie Locks\nWest Alexysland, MI 65275-4651', 19, NULL, NULL, '2018-10-17 15:18:17', '2018-10-17 15:18:17'),
(20, 'Virginie Gulgowski', '510-292-9637 x4828', '916 Bartell Common Apt. 167\nLake Jadon, WY 96023', '-156.731637', '-62.524297', 'New Stewart', '7341 Elsie Stream\nEast Sandyton, NM 47009', 20, NULL, NULL, '2018-10-17 15:18:18', '2018-10-17 15:18:18'),
(21, 'Jean Kozey', '(420) 720-2437', '3944 Volkman Cove Suite 024\nEast Alannachester, CA 49294', '43.967766', '-5.565487', 'Port Bradymouth', '9483 Joannie Prairie\nNew Lacey, NV 93977', 21, NULL, NULL, '2018-10-17 15:18:18', '2018-10-17 15:18:18'),
(22, 'Dr. Adam Kutch', '715.559.1136 x58806', '9381 Klocko Heights Suite 630\nBreitenberghaven, WV 80421', '-168.641457', '-1.590391', 'East Rosanna', '8976 Bergstrom Mill\nOttiliestad, CO 12843-2286', 22, NULL, NULL, '2018-10-17 15:18:18', '2018-10-17 15:18:18'),
(23, 'Prof. Della Gorczany', '+1-237-231-4353', '85444 Horace Pass Apt. 438\nSouth Frederiquefort, KS 60032', '-147.637803', '-13.80551', 'Kassulkeburgh', '223 Armstrong Curve Apt. 128\nBradtkeport, NC 17852-8388', 23, NULL, NULL, '2018-10-17 15:18:18', '2018-10-17 15:18:18'),
(24, 'Evan Emard', '1-726-824-5361', '286 Tristian Summit\nReganfort, SC 87621', '25.120177', '-40.659859', 'Madisenberg', '34963 Mann Mission\nTimmothyland, IA 03859', 24, NULL, NULL, '2018-10-17 15:18:18', '2018-10-17 15:18:18'),
(25, 'Jamir Jerde MD', '1-640-236-4429 x7869', '25593 Grover Courts Suite 563\nJaniceport, LA 79604', '-149.352052', '-82.031231', 'South Kamronside', '55917 Torp Loaf\nSengertown, MO 53423', 25, NULL, NULL, '2018-10-17 15:18:18', '2018-10-17 15:18:18'),
(26, 'Prof. Sage Goldner', '280.789.9948', '722 Moen Centers\nNew Friedachester, AZ 38682', '-104.989076', '-72.103039', 'East Mohammed', '92969 Johnston Crescent Suite 050\nLake Branson, IL 59000', 26, NULL, NULL, '2018-10-17 15:18:18', '2018-10-17 15:18:18'),
(27, 'Sadye Raynor', '498-369-2771', '200 Hansen Keys\nWest Janiyatown, OH 47181-4068', '153.001389', '-71.988296', 'Micheltown', '282 Watsica Inlet\nBeckerport, UT 80417', 27, NULL, NULL, '2018-10-17 15:18:18', '2018-10-17 15:18:18'),
(28, 'Luz Halvorson', '(372) 463-4617', '5846 Kemmer Corner Apt. 957\nPort Giovannyville, KS 00162-3863', '24.346079', '58.558462', 'New Brandynbury', '90859 Garnett Grove\nNikoview, LA 34459', 28, NULL, NULL, '2018-10-17 15:18:18', '2018-10-17 15:18:18'),
(29, 'Brannon Roob DVM', '438.485.9374 x88447', '44215 Franecki Locks\nNorth Modesto, ND 17240', '-28.434271', '54.26257', 'Waltertown', '5136 Bailey Crescent Apt. 568\nPetraland, MT 20413', 29, NULL, NULL, '2018-10-17 15:18:18', '2018-10-17 15:18:18'),
(30, 'Sharon Bernier', '+1-425-697-6877', '769 Teresa Square\nToyside, MN 29777', '-81.081759', '-24.349339', 'Madonnashire', '86153 Clinton Village Apt. 459\nEulahview, OR 31403-5099', 1, NULL, NULL, '2018-10-17 15:18:18', '2018-10-17 15:18:18'),
(31, 'Carli Robel', '1-491-747-0840', '84795 Otha Mills Apt. 596\nSchusterview, CT 16734', '151.929045', '-68.129351', 'Bradtkeberg', '47580 Senger Terrace Suite 883\nWindlerstad, VT 38319', 2, NULL, NULL, '2018-10-17 15:18:18', '2018-10-17 15:18:18'),
(32, 'Miss Krista Wolff', '708.490.4073 x30061', '9191 Nyasia Divide\nNew Raymundohaven, CT 62913', '-37.595608', '12.707439', 'North Marco', '268 Vella Tunnel\nMarlinmouth, MI 90543', 3, NULL, NULL, '2018-10-17 15:18:18', '2018-10-17 15:18:18'),
(33, 'Mr. Robbie Larson', '624.460.3278', '8489 Jayme Summit Apt. 746\nLake Rusty, NY 32204-2467', '90.642652', '-2.70516', 'North Cathrine', '356 Nora Trail Suite 838\nEast Rebecca, IN 37856', 4, NULL, NULL, '2018-10-17 15:18:18', '2018-10-17 15:18:18'),
(34, 'Euna Rippin', '+1.948.619.0999', '282 Rosenbaum Ville\nNorth Garnett, TN 51159', '14.733916', '58.82178', 'Kohlershire', '5612 Ruthe Dale Suite 741\nElenorchester, DE 78991', 5, NULL, NULL, '2018-10-17 15:18:18', '2018-10-17 15:18:18'),
(35, 'Brando Sanford', '629.981.5486', '637 Buford Vista\nLake Dorcasmouth, TN 73340', '150.139311', '-89.798061', 'Lake Mason', '382 Nikita Canyon\nLake Jadyn, NV 88993-8693', 6, NULL, NULL, '2018-10-17 15:18:18', '2018-10-17 15:18:18'),
(36, 'Dr. Caitlyn Klocko V', '+1-802-436-4955', '9074 Reichel Mountain\nDominicfort, NH 72312-7573', '-153.659642', '-40.755498', 'South Jany', '38138 Alvina Square\nMacside, HI 64877-3599', 7, NULL, NULL, '2018-10-17 15:18:18', '2018-10-17 15:18:18'),
(37, 'Estevan Hirthe I', '(827) 532-7859 x88938', '25674 Earnestine Turnpike\nRowefurt, WV 84159', '-89.50209', '-45.886776', 'Abnerburgh', '9672 Lilly Islands\nPort Santa, ID 29513-8042', 8, NULL, NULL, '2018-10-17 15:18:18', '2018-10-17 15:18:18'),
(38, 'Cortney Williamson', '1-690-747-8655', '61468 Cassin Prairie Apt. 047\nOrphamouth, NM 21972', '161.439609', '-73.589524', 'West Aydenmouth', '34699 Cora Crescent Apt. 506\nCandidofort, MD 29084', 9, NULL, NULL, '2018-10-17 15:18:18', '2018-10-17 15:18:18'),
(39, 'Prof. Taya Lehner', '1-838-961-2286', '36182 Vanessa Crossing Suite 013\nDariostad, VT 29933', '-27.742691', '84.50098', 'Port Hassan', '42400 Crona Burg Apt. 984\nEast Trevaburgh, UT 77069-4016', 10, NULL, NULL, '2018-10-17 15:18:18', '2018-10-17 15:18:18'),
(40, 'Connor Jaskolski', '1-273-203-3452 x636', '13723 McKenzie Plain Apt. 527\nStokeschester, OR 51861', '174.78268', '-40.270814', 'New Nasirburgh', '1255 Mueller Curve\nFaustofort, ID 10124-0064', 11, NULL, NULL, '2018-10-17 15:18:18', '2018-10-17 15:18:18'),
(41, 'Aliya Cassin', '963-252-1574 x133', '77191 Tristian Canyon Suite 890\nKundechester, ME 99164-7736', '55.940905', '-63.267112', 'North Aprilton', '60595 Auer Park Apt. 726\nLennaville, NM 29661', 12, NULL, NULL, '2018-10-17 15:18:18', '2018-10-17 15:18:18'),
(42, 'Chelsie Simonis', '(408) 716-0565 x0775', '69373 Roxanne Key Apt. 892\nJudahberg, LA 44892-5165', '-101.592577', '-9.603013', 'North John', '4486 Buckridge Gardens\nNew Kiara, SD 19880-6174', 13, NULL, NULL, '2018-10-17 15:18:18', '2018-10-17 15:18:18'),
(43, 'Kaylie Metz', '492-526-8649', '2937 Eugenia Throughway\nSouth Heber, AR 41317-6326', '-92.891663', '-61.12883', 'Lake Sophie', '630 Tyshawn Park Suite 394\nLake Dudley, MS 99743-2035', 14, NULL, NULL, '2018-10-17 15:18:18', '2018-10-17 15:18:18'),
(44, 'Dr. Loyal Mueller', '565-795-3135 x3760', '98150 Beer Square Apt. 765\nTownefurt, MA 34539-3550', '176.943087', '-41.02547', 'New Leanneside', '6797 Sawayn Green Suite 477\nBergeside, DE 27848', 15, NULL, NULL, '2018-10-17 15:18:18', '2018-10-17 15:18:18'),
(45, 'Valentina Keeling', '892.591.1571 x71663', '15488 Hegmann Dale Suite 469\nTremblaytown, PA 56058', '-176.585007', '-50.550816', 'Brekkeview', '19459 Stamm Gardens\nNorth Ceciliaburgh, PA 27187-9746', 16, NULL, NULL, '2018-10-17 15:18:18', '2018-10-17 15:18:18'),
(46, 'Cleve McDermott', '+18465131510', '3368 Conn Path Suite 120\nPort Destanyport, MD 24154', '-55.883086', '-86.194192', 'West Marlene', '4771 Klocko Cliff Suite 536\nNorth Meaghan, SC 41802-8506', 17, NULL, NULL, '2018-10-17 15:18:18', '2018-10-17 15:18:18'),
(47, 'Fabiola Kerluke', '456.585.4378', '3032 Ritchie Oval\nLake Michael, LA 09317-6587', '-62.962331', '2.789694', 'Rustyview', '8136 Sporer Fort Apt. 256\nNorth Edytheport, NC 67641-8527', 18, NULL, NULL, '2018-10-17 15:18:18', '2018-10-17 15:18:18'),
(48, 'Mr. Maximilian Reichert', '+18544508522', '7130 Towne Neck Apt. 099\nHelenechester, MT 35364-1324', '169.319243', '-17.258586', 'Lake Abbeyberg', '7232 Sigrid Cove\nSouth Garret, MT 21736-8361', 19, NULL, NULL, '2018-10-17 15:18:18', '2018-10-17 15:18:18'),
(49, 'Noel Hill', '+1.968.856.9656', '60355 Karli Views\nSouth Sheridan, HI 30373-3149', '130.545483', '-6.96025', 'East Aminastad', '48269 Willms Mission Suite 459\nBruenmouth, WV 39204-0500', 20, NULL, NULL, '2018-10-17 15:18:18', '2018-10-17 15:18:18'),
(50, 'Armani Jacobs', '796-357-6884 x50291', '750 Ryan Vista Suite 731\nRauside, KS 87066-6490', '108.991943', '58.654846', 'North Cheyenne', '27919 Krajcik Turnpike Apt. 007\nRolfsonmouth, NC 95948-5297', 21, NULL, NULL, '2018-10-17 15:18:18', '2018-10-17 15:18:18');

-- --------------------------------------------------------

--
-- Table structure for table `password_resets`
--

CREATE TABLE `password_resets` (
  `email` varchar(255) COLLATE utf8mb4_unicode_ci NOT NULL,
  `token` varchar(255) COLLATE utf8mb4_unicode_ci NOT NULL,
  `created_at` timestamp NULL DEFAULT NULL
) ENGINE=InnoDB DEFAULT CHARSET=utf8mb4 COLLATE=utf8mb4_unicode_ci;

-- --------------------------------------------------------

--
-- Table structure for table `permissions`
--

CREATE TABLE `permissions` (
  `id` int(10) UNSIGNED NOT NULL,
  `name` varchar(255) COLLATE utf8mb4_unicode_ci NOT NULL,
  `guard_name` varchar(255) COLLATE utf8mb4_unicode_ci NOT NULL,
  `created_at` timestamp NULL DEFAULT NULL,
  `updated_at` timestamp NULL DEFAULT NULL
) ENGINE=InnoDB DEFAULT CHARSET=utf8mb4 COLLATE=utf8mb4_unicode_ci;

--
-- Dumping data for table `permissions`
--

INSERT INTO `permissions` (`id`, `name`, `guard_name`, `created_at`, `updated_at`) VALUES
(1, 'all', 'api', '2018-10-17 15:18:15', '2018-10-17 15:18:15'),
(2, 'show', 'api', '2018-10-17 15:18:15', '2018-10-17 15:18:15'),
(3, 'create', 'api', '2018-10-17 15:18:15', '2018-10-17 15:18:15'),
(4, 'edit', 'api', '2018-10-17 15:18:15', '2018-10-17 15:18:15'),
(5, 'delete', 'api', '2018-10-17 15:18:15', '2018-10-17 15:18:15');

-- --------------------------------------------------------

--
-- Table structure for table `plans`
--

CREATE TABLE `plans` (
  `id` int(10) UNSIGNED NOT NULL,
  `name` varchar(255) COLLATE utf8mb4_unicode_ci NOT NULL,
  `brand_free` varchar(255) COLLATE utf8mb4_unicode_ci NOT NULL,
  `brand_max` varchar(255) COLLATE utf8mb4_unicode_ci NOT NULL,
  `outlet_free` varchar(255) COLLATE utf8mb4_unicode_ci NOT NULL,
  `outlet_max` varchar(255) COLLATE utf8mb4_unicode_ci NOT NULL,
  `created_by_user_id` bigint(20) UNSIGNED DEFAULT NULL,
  `updated_by_user_id` bigint(20) UNSIGNED DEFAULT NULL,
  `created_at` timestamp NULL DEFAULT NULL,
  `updated_at` timestamp NULL DEFAULT NULL
) ENGINE=InnoDB DEFAULT CHARSET=utf8mb4 COLLATE=utf8mb4_unicode_ci;

--
-- Dumping data for table `plans`
--

INSERT INTO `plans` (`id`, `name`, `brand_free`, `brand_max`, `outlet_free`, `outlet_max`, `created_by_user_id`, `updated_by_user_id`, `created_at`, `updated_at`) VALUES
(1, 'Basic', '0', '1', '0', '1', NULL, NULL, '2018-10-17 15:18:18', '2018-10-17 15:18:18'),
(2, 'Professional', '0', '3', '3', '10', NULL, NULL, '2018-10-17 15:18:18', '2018-10-17 15:18:18'),
(3, 'Enterprise', '0', 'unlimited', '0', 'unlimited', NULL, NULL, '2018-10-17 15:18:18', '2018-10-17 15:18:18');

-- --------------------------------------------------------

--
-- Table structure for table `products`
--

CREATE TABLE `products` (
  `id` int(10) UNSIGNED NOT NULL,
  `sku` varchar(255) COLLATE utf8mb4_unicode_ci NOT NULL,
  `name` varchar(255) COLLATE utf8mb4_unicode_ci NOT NULL,
  `unit` enum('kg','liter','packet','bucket','case','piece','box','gallon') COLLATE utf8mb4_unicode_ci NOT NULL,
  `price` decimal(8,2) NOT NULL,
  `supplier_id` bigint(20) UNSIGNED NOT NULL,
  `category_id` bigint(20) UNSIGNED NOT NULL,
  `cart_id` bigint(20) UNSIGNED DEFAULT NULL,
  `created_by_user_id` bigint(20) UNSIGNED DEFAULT NULL,
  `updated_by_user_id` bigint(20) UNSIGNED DEFAULT NULL,
  `created_at` timestamp NULL DEFAULT NULL,
  `updated_at` timestamp NULL DEFAULT NULL
) ENGINE=InnoDB DEFAULT CHARSET=utf8mb4 COLLATE=utf8mb4_unicode_ci;

--
-- Dumping data for table `products`
--

INSERT INTO `products` (`id`, `sku`, `name`, `unit`, `price`, `supplier_id`, `category_id`, `cart_id`, `created_by_user_id`, `updated_by_user_id`, `created_at`, `updated_at`) VALUES
(1, '23193277', 'Kenna Lind', 'bucket', '227.00', 1, 49, 5, NULL, NULL, '2018-10-17 15:18:20', '2018-10-17 15:18:20'),
(2, '20106843', 'Izabella Dickinson', 'packet', '159.00', 1, 10, 25, NULL, NULL, '2018-10-17 15:18:20', '2018-10-17 15:18:20'),
(3, '33400716', 'Nathanial Lowe', 'bucket', '858.00', 22, 8, 21, NULL, NULL, '2018-10-17 15:18:20', '2018-10-17 15:18:20'),
(4, '36520244', 'Adah Dietrich', 'piece', '750.00', 31, 43, 23, NULL, NULL, '2018-10-17 15:18:20', '2018-10-17 15:18:20'),
(5, '47054110', 'Antonina Stanton', 'case', '642.00', 29, 11, 1, NULL, NULL, '2018-10-17 15:18:20', '2018-10-17 15:18:20'),
(6, '34352571', 'Aubrey Sipes', 'gallon', '583.00', 1, 9, 41, NULL, NULL, '2018-10-17 15:18:20', '2018-10-17 15:18:20'),
(7, '15171276', 'Carlo Heller DVM', 'piece', '542.00', 33, 17, 25, NULL, NULL, '2018-10-17 15:18:20', '2018-10-17 15:18:20'),
(8, '64117614', 'Ms. Bernadette Ritchie V', 'bucket', '416.00', 13, 37, 22, NULL, NULL, '2018-10-17 15:18:20', '2018-10-17 15:18:20'),
(9, '33276526', 'Emerald Gerhold', 'piece', '390.00', 42, 4, 1, NULL, NULL, '2018-10-17 15:18:20', '2018-10-17 15:18:20'),
(10, '07985935', 'Sibyl Wolff I', 'bucket', '544.00', 28, 47, 31, NULL, NULL, '2018-10-17 15:18:20', '2018-10-17 15:18:20'),
(11, '18668735', 'Josiane Pfannerstill', 'liter', '297.00', 13, 30, 47, NULL, NULL, '2018-10-17 15:18:20', '2018-10-17 15:18:20'),
(12, '77168771', 'Winston Gislason', 'gallon', '140.00', 36, 23, 33, NULL, NULL, '2018-10-17 15:18:20', '2018-10-17 15:18:20'),
(13, '91388674', 'Earlene Koch', 'packet', '430.00', 2, 44, 2, NULL, NULL, '2018-10-17 15:18:20', '2018-10-17 15:18:20'),
(14, '87054156', 'Prof. Orval Tillman V', 'liter', '275.00', 23, 3, 12, NULL, NULL, '2018-10-17 15:18:20', '2018-10-17 15:18:20'),
(15, '93799799', 'Trisha Schowalter', 'kg', '788.00', 1, 26, 22, NULL, NULL, '2018-10-17 15:18:20', '2018-10-17 15:18:20'),
(16, '98118762', 'Tara Schuppe', 'box', '912.00', 32, 21, 5, NULL, NULL, '2018-10-17 15:18:20', '2018-10-17 15:18:20'),
(17, '27384350', 'Bailee Vandervort', 'kg', '327.00', 11, 36, 17, NULL, NULL, '2018-10-17 15:18:20', '2018-10-17 15:18:20'),
(18, '84566140', 'Alva Reichel DVM', 'box', '500.00', 5, 20, 5, NULL, NULL, '2018-10-17 15:18:20', '2018-10-17 15:18:20'),
(19, '69741036', 'Jamarcus Lubowitz V', 'liter', '668.00', 30, 42, 31, NULL, NULL, '2018-10-17 15:18:20', '2018-10-17 15:18:20'),
(20, '03518847', 'Jairo Wiegand', 'bucket', '425.00', 18, 9, 27, NULL, NULL, '2018-10-17 15:18:20', '2018-10-17 15:18:20'),
(21, '74376292', 'Timmy Ryan', 'piece', '923.00', 44, 33, 42, NULL, NULL, '2018-10-17 15:18:20', '2018-10-17 15:18:20'),
(22, '50191055', 'Prof. Lilian Swaniawski', 'box', '745.00', 38, 48, 2, NULL, NULL, '2018-10-17 15:18:20', '2018-10-17 15:18:20'),
(23, '76235221', 'Aubrey Thompson', 'packet', '245.00', 26, 24, 4, NULL, NULL, '2018-10-17 15:18:20', '2018-10-17 15:18:20'),
(24, '01594270', 'Adriel Johnston', 'liter', '760.00', 11, 28, 1, NULL, NULL, '2018-10-17 15:18:20', '2018-10-17 15:18:20'),
(25, '45681868', 'Enoch Flatley IV', 'piece', '152.00', 34, 22, 2, NULL, NULL, '2018-10-17 15:18:20', '2018-10-17 15:18:20'),
(26, '55067850', 'Burley Gottlieb', 'kg', '913.00', 23, 19, 16, NULL, NULL, '2018-10-17 15:18:20', '2018-10-17 15:18:20'),
(27, '08851840', 'Ms. Deanna Cremin Sr.', 'kg', '39.00', 2, 10, 1, NULL, NULL, '2018-10-17 15:18:20', '2018-10-17 15:18:20'),
(28, '67243921', 'Jean Donnelly', 'case', '641.00', 28, 38, 23, NULL, NULL, '2018-10-17 15:18:20', '2018-10-17 15:18:20'),
(29, '42018568', 'Louisa Bergstrom', 'piece', '878.00', 21, 30, 22, NULL, NULL, '2018-10-17 15:18:20', '2018-10-17 15:18:20'),
(30, '72841839', 'Owen Greenholt', 'liter', '940.00', 26, 35, 8, NULL, NULL, '2018-10-17 15:18:20', '2018-10-17 15:18:20'),
(31, '27600672', 'Cedrick Strosin', 'kg', '630.00', 41, 27, 7, NULL, NULL, '2018-10-17 15:18:20', '2018-10-17 15:18:20'),
(32, '03910368', 'Destany Gutkowski', 'gallon', '551.00', 13, 20, 7, NULL, NULL, '2018-10-17 15:18:20', '2018-10-17 15:18:20'),
(33, '16443716', 'Lenna Baumbach', 'bucket', '477.00', 8, 37, 38, NULL, NULL, '2018-10-17 15:18:20', '2018-10-17 15:18:20'),
(34, '20068905', 'Gerard Moen', 'case', '971.00', 43, 5, 17, NULL, NULL, '2018-10-17 15:18:20', '2018-10-17 15:18:20'),
(35, '38504327', 'Dr. Norberto Grant', 'packet', '402.00', 4, 17, 36, NULL, NULL, '2018-10-17 15:18:20', '2018-10-17 15:18:20'),
(36, '07180019', 'Ruby Schultz', 'case', '309.00', 12, 46, 16, NULL, NULL, '2018-10-17 15:18:20', '2018-10-17 15:18:20'),
(37, '82327118', 'Virginie Wunsch', 'piece', '81.00', 49, 45, 35, NULL, NULL, '2018-10-17 15:18:20', '2018-10-17 15:18:20'),
(38, '90624353', 'Dr. Pierce Herman', 'bucket', '19.00', 25, 17, 32, NULL, NULL, '2018-10-17 15:18:20', '2018-10-17 15:18:20'),
(39, '79477314', 'Dr. Cathrine Macejkovic DDS', 'box', '417.00', 9, 6, 44, NULL, NULL, '2018-10-17 15:18:20', '2018-10-17 15:18:20'),
(40, '03552414', 'Raphaelle Huels', 'bucket', '995.00', 14, 44, 34, NULL, NULL, '2018-10-17 15:18:20', '2018-10-17 15:18:20'),
(41, '21590979', 'Larissa Spencer', 'piece', '299.00', 21, 49, 29, NULL, NULL, '2018-10-17 15:18:20', '2018-10-17 15:18:20'),
(42, '93490795', 'Narciso Carter', 'packet', '76.00', 23, 36, 35, NULL, NULL, '2018-10-17 15:18:21', '2018-10-17 15:18:21'),
(43, '63685336', 'Prof. Charlotte Hyatt', 'box', '259.00', 26, 15, 3, NULL, NULL, '2018-10-17 15:18:21', '2018-10-17 15:18:21'),
(44, '40007403', 'Waylon Jenkins', 'packet', '662.00', 36, 22, 9, NULL, NULL, '2018-10-17 15:18:21', '2018-10-17 15:18:21'),
(45, '86887762', 'Ms. Michelle Miller', 'box', '871.00', 44, 39, 28, NULL, NULL, '2018-10-17 15:18:21', '2018-10-17 15:18:21'),
(46, '67170548', 'Miss Oleta Ryan I', 'case', '165.00', 13, 42, 14, NULL, NULL, '2018-10-17 15:18:21', '2018-10-17 15:18:21'),
(47, '09013179', 'Prof. Stevie Klein IV', 'box', '942.00', 5, 45, 28, NULL, NULL, '2018-10-17 15:18:21', '2018-10-17 15:18:21'),
(48, '68814182', 'Dr. Shyanne Lubowitz', 'gallon', '354.00', 7, 26, 20, NULL, NULL, '2018-10-17 15:18:21', '2018-10-17 15:18:21'),
(49, '22135780', 'Mr. Mekhi Gaylord', 'kg', '432.00', 9, 35, 34, NULL, NULL, '2018-10-17 15:18:21', '2018-10-17 15:18:21'),
(50, '97268789', 'Prof. Brain Stark', 'packet', '203.00', 19, 2, 49, NULL, NULL, '2018-10-17 15:18:21', '2018-10-17 15:18:21');

-- --------------------------------------------------------

--
-- Table structure for table `product_directories`
--

CREATE TABLE `product_directories` (
  `id` int(10) UNSIGNED NOT NULL,
  `segment` varchar(255) COLLATE utf8mb4_unicode_ci NOT NULL,
  `category` varchar(255) COLLATE utf8mb4_unicode_ci NOT NULL,
  `sub_category` varchar(255) COLLATE utf8mb4_unicode_ci NOT NULL,
  `supplier` varchar(255) COLLATE utf8mb4_unicode_ci NOT NULL,
  `brand` varchar(255) COLLATE utf8mb4_unicode_ci NOT NULL,
  `sku` varchar(255) COLLATE utf8mb4_unicode_ci NOT NULL,
  `describtion` text COLLATE utf8mb4_unicode_ci NOT NULL,
  `type` varchar(255) COLLATE utf8mb4_unicode_ci NOT NULL,
  `quantity` int(11) NOT NULL,
  `unit_price` decimal(8,2) NOT NULL,
  `weight` decimal(8,2) NOT NULL,
  `unit` enum('GM','KG') COLLATE utf8mb4_unicode_ci NOT NULL,
  `case_price` decimal(8,2) NOT NULL,
  `origin` varchar(255) COLLATE utf8mb4_unicode_ci NOT NULL,
  `unit_of_sale` enum('GM','CRT') COLLATE utf8mb4_unicode_ci NOT NULL,
  `created_by_user_id` bigint(20) UNSIGNED DEFAULT NULL,
  `updated_by_user_id` bigint(20) UNSIGNED DEFAULT NULL,
  `created_at` timestamp NULL DEFAULT NULL,
  `updated_at` timestamp NULL DEFAULT NULL
) ENGINE=InnoDB DEFAULT CHARSET=utf8mb4 COLLATE=utf8mb4_unicode_ci;

--
-- Dumping data for table `product_directories`
--

INSERT INTO `product_directories` (`id`, `segment`, `category`, `sub_category`, `supplier`, `brand`, `sku`, `describtion`, `type`, `quantity`, `unit_price`, `weight`, `unit`, `case_price`, `origin`, `unit_of_sale`, `created_by_user_id`, `updated_by_user_id`, `created_at`, `updated_at`) VALUES
(1, 'Miss Bert Orn', 'Molly Kuhic', 'Mr. Cyrus Schmitt PhD', 'Mrs. Joannie Hackett IV', 'Arely Effertz', '68049942', 'Veritatis et doloremque totam optio voluptas et. Quia saepe incidunt velit incidunt enim magnam. Est eos nisi et qui quod. Expedita velit molestiae ducimus blanditiis consectetur est nam.', 'Edmond Paucek Jr.', 16, '3886.00', '4048.00', 'KG', '1249.00', 'Iceland', 'GM', NULL, NULL, '2018-10-17 15:18:31', '2018-10-17 15:18:31'),
(2, 'Ms. Jazmyne Spencer', 'Jaiden Kunze', 'Prof. Leola Reinger', 'Jamel Smitham', 'Ali Rolfson', '65209936', 'Numquam quos sit voluptas amet earum in enim. Voluptatem cum incidunt sed laboriosam perferendis molestiae omnis ut. Maxime officiis voluptates consectetur eaque quia libero.', 'Miss Cierra Murazik', 82, '7602.00', '3552.00', 'GM', '9945.00', 'Sudan', 'CRT', NULL, NULL, '2018-10-17 15:18:31', '2018-10-17 15:18:31'),
(3, 'Amari Hand', 'Lola Gaylord', 'Loma Kirlin', 'Keyshawn Lubowitz', 'Laurine O\'Connell', '19621128', 'Vero illum fugit mollitia fugit illum assumenda pariatur. In perspiciatis nemo perspiciatis unde aut ut. Ea distinctio ipsam cumque harum minus.', 'Julie Wolf', 2, '4729.00', '4804.00', 'GM', '5335.00', 'Guam', 'GM', NULL, NULL, '2018-10-17 15:18:31', '2018-10-17 15:18:31'),
(4, 'Dr. Sydnee Heaney DDS', 'Barney Hills I', 'Viola Moore', 'Janie Mann', 'Keeley Kris', '82687052', 'Minima quisquam fugiat ratione dolor id quo necessitatibus. Dolore autem rerum rem. Dolor molestiae magnam veniam sit fuga. Eum esse quis officiis vel iste expedita voluptatum.', 'Dwight Collins DVM', 28, '6123.00', '4752.00', 'GM', '4663.00', 'Fiji', 'CRT', NULL, NULL, '2018-10-17 15:18:31', '2018-10-17 15:18:31'),
(5, 'Claude Nolan V', 'Mr. Horace Schmidt MD', 'Ken Feeney PhD', 'Cora Yundt', 'Jensen Renner', '26439402', 'Sit molestias ut harum quae. Consequatur sed quia sunt eos tempore et rem id. Inventore rerum tempora ipsa hic perferendis necessitatibus sed.', 'Lonie Rodriguez MD', 8, '9160.00', '4907.00', 'GM', '6084.00', 'Palestinian Territories', 'CRT', NULL, NULL, '2018-10-17 15:18:31', '2018-10-17 15:18:31'),
(6, 'Cleveland Lubowitz', 'Dr. Belle Bradtke', 'Julia Huel', 'Mr. Doyle Schulist III', 'Edythe Macejkovic', '97007227', 'Distinctio cumque minima ut. Deleniti soluta ex officiis eum quia voluptatem omnis.', 'Mohammed Brakus', 26, '5733.00', '2348.00', 'KG', '391.00', 'Saint Martin', 'CRT', NULL, NULL, '2018-10-17 15:18:31', '2018-10-17 15:18:31'),
(7, 'Dr. Jane Davis', 'Miss Bella Casper', 'Garret McGlynn IV', 'Mrs. Itzel Gerlach', 'Mrs. Neva Quitzon', '55707220', 'Saepe velit ea eveniet autem aliquid. Et et magnam et enim. Est tenetur a occaecati.', 'Prof. Imelda Kozey', 18, '5560.00', '2185.00', 'GM', '4248.00', 'Guyana', 'CRT', NULL, NULL, '2018-10-17 15:18:31', '2018-10-17 15:18:31'),
(8, 'Mrs. Annabell Legros Jr.', 'Mohammad Schiller', 'Kathleen Krajcik', 'Antoinette Davis PhD', 'Dorothea Stoltenberg', '94189926', 'Amet eos non et hic. Ut quis sed rerum perferendis debitis aut aliquam. Officiis et corporis omnis quod. Voluptatem dolorem reprehenderit et ut et ut.', 'Dr. Kianna Feil', 45, '7607.00', '3438.00', 'KG', '4683.00', 'British Indian Ocean Territory (Chagos Archipelago)', 'CRT', NULL, NULL, '2018-10-17 15:18:31', '2018-10-17 15:18:31'),
(9, 'Ms. Ofelia Crona DDS', 'Assunta Bruen', 'Sammy Zboncak', 'Dr. Owen Hyatt', 'Florida Greenfelder', '78291850', 'Quidem consequatur exercitationem aut sequi vero repellendus cupiditate est. Et consequuntur et porro voluptas impedit fugit. Molestiae quae aut saepe iure.', 'Angelo Moore', 31, '232.00', '3929.00', 'GM', '8832.00', 'Gibraltar', 'CRT', NULL, NULL, '2018-10-17 15:18:31', '2018-10-17 15:18:31'),
(10, 'Otha Spinka', 'Eugene Bradtke', 'Pat Rosenbaum', 'Ozella Thiel', 'Prof. Eladio McCullough', '65302385', 'Dolor voluptatum impedit at quia et repellendus. Expedita unde est blanditiis. Sed facilis velit laboriosam dolore.', 'Mr. Michale Dietrich', 59, '3770.00', '1253.00', 'KG', '5116.00', 'Portugal', 'GM', NULL, NULL, '2018-10-17 15:18:31', '2018-10-17 15:18:31'),
(11, 'Savanah Jacobi', 'Simeon Lehner', 'Lizeth Ferry', 'Alberto Kunde', 'Alvina Glover', '21804670', 'Asperiores sed blanditiis sed nobis vel. Dolores incidunt optio non occaecati. Quisquam sint hic iste veritatis doloremque incidunt in. Delectus maiores saepe nemo sit quia optio corporis.', 'Charles Witting', 2, '4699.00', '2144.00', 'GM', '8323.00', 'India', 'CRT', NULL, NULL, '2018-10-17 15:18:31', '2018-10-17 15:18:31'),
(12, 'Dr. Armando Baumbach II', 'Josefa Boyle', 'Donny Kutch', 'Dereck Goldner', 'Lillie Stiedemann II', '20849870', 'Ab quod nihil iste repudiandae ut aut. Repellat ipsa quidem eum sapiente molestias eligendi ex.', 'Titus Purdy IV', 14, '6898.00', '4347.00', 'GM', '6152.00', 'Svalbard & Jan Mayen Islands', 'CRT', NULL, NULL, '2018-10-17 15:18:31', '2018-10-17 15:18:31'),
(13, 'Giovani Berge', 'Mr. Roosevelt Wilkinson', 'Jacquelyn Grant', 'Asia Corwin', 'Annette Wisoky', '10356531', 'Laborum voluptatem voluptate sunt aut. Harum nobis est vel quibusdam nostrum quisquam aut. Nam sunt est fugit consectetur nihil vel voluptatibus.', 'Josefina Kunde', 23, '4303.00', '2520.00', 'KG', '1042.00', 'Antigua and Barbuda', 'GM', NULL, NULL, '2018-10-17 15:18:31', '2018-10-17 15:18:31'),
(14, 'Prof. Maximus Huel', 'Makayla Roberts Jr.', 'Karli Reichert', 'Mr. Toby Hirthe MD', 'Thaddeus Goyette', '87019988', 'Reprehenderit animi quia explicabo molestiae. Corporis adipisci ut aut nulla sit. Impedit eum iusto in aut nobis.', 'Maxie Dare', 98, '4714.00', '2804.00', 'KG', '9686.00', 'Tonga', 'CRT', NULL, NULL, '2018-10-17 15:18:31', '2018-10-17 15:18:31'),
(15, 'Dr. Kirsten Kub', 'Alexys Kertzmann', 'David Rutherford Sr.', 'Andy Braun V', 'Adella Walker', '70020618', 'In pariatur reprehenderit enim dolores. Natus recusandae commodi dolorem eligendi id alias.', 'Dylan Skiles DDS', 12, '7613.00', '4321.00', 'GM', '3811.00', 'Hong Kong', 'CRT', NULL, NULL, '2018-10-17 15:18:31', '2018-10-17 15:18:31'),
(16, 'Loma Green', 'Kaela Gusikowski', 'Victoria Rogahn', 'Alda Buckridge', 'Syble Kirlin', '84644008', 'Omnis voluptatem eum numquam non debitis. Et minus suscipit consequuntur autem. Eaque tempora sunt id alias odio fugiat velit. Ea velit ipsum qui reprehenderit velit.', 'Mrs. Arlie Dooley IV', 51, '4471.00', '4158.00', 'KG', '5809.00', 'Sao Tome and Principe', 'CRT', NULL, NULL, '2018-10-17 15:18:31', '2018-10-17 15:18:31'),
(17, 'Estrella Farrell', 'Dr. Christian Lakin', 'Trey Feest', 'Prof. Vance Wuckert', 'Wilhelm Hammes', '01252736', 'Praesentium eveniet vero numquam error eligendi. Qui dignissimos deleniti quos incidunt quidem dolorem aut. Qui quod at non. Qui qui mollitia tempore dolorem dolores culpa.', 'Sidney Hyatt', 94, '3866.00', '1620.00', 'GM', '4210.00', 'Comoros', 'CRT', NULL, NULL, '2018-10-17 15:18:31', '2018-10-17 15:18:31'),
(18, 'Cornelius Bogan', 'Mr. Clement Welch Jr.', 'Ms. Sabina Strosin V', 'Prof. Dianna Lindgren', 'Tiara Hansen DDS', '28882961', 'Quia voluptatem ad labore adipisci. Beatae autem sunt dolores nisi. Qui explicabo aperiam culpa corporis commodi vel eveniet esse. Officiis ratione fuga vitae accusamus commodi placeat nam.', 'Anissa Will', 25, '6287.00', '2688.00', 'GM', '3326.00', 'Turkmenistan', 'GM', NULL, NULL, '2018-10-17 15:18:31', '2018-10-17 15:18:31'),
(19, 'Floy Rempel', 'Lexus Gottlieb', 'Joan Adams PhD', 'Francesca Buckridge', 'Shania Bernhard', '45746192', 'Et molestias aliquid ipsam cum voluptatem. Voluptates consequatur officia nam et. Soluta deserunt dolore ipsa minus. Tenetur numquam sequi soluta totam. Dolorem quia voluptas dicta qui.', 'Orval Brakus', 79, '9996.00', '148.00', 'KG', '6176.00', 'Falkland Islands (Malvinas)', 'CRT', NULL, NULL, '2018-10-17 15:18:31', '2018-10-17 15:18:31'),
(20, 'Prof. Dee Nikolaus II', 'Otho Lind', 'Prof. Manley White Sr.', 'Samara Schoen', 'Dr. Schuyler Kling', '49356328', 'Eaque quia aut sunt et voluptatum rerum. Laboriosam incidunt tempore omnis. Incidunt et ex nesciunt dicta ullam mollitia enim.', 'Ressie Kohler', 4, '2199.00', '2679.00', 'GM', '5482.00', 'Bhutan', 'CRT', NULL, NULL, '2018-10-17 15:18:31', '2018-10-17 15:18:31'),
(21, 'Jadyn Rempel', 'Veronica Lindgren DDS', 'Deborah Auer', 'Josiane Bogisich', 'Audrey Christiansen', '80399247', 'Vero tempora libero voluptates vero quo. Dolores aut voluptas reiciendis earum voluptas. Est asperiores sapiente dolores incidunt animi sed. Et et a qui non.', 'Dr. Reina Rippin III', 25, '2350.00', '4958.00', 'GM', '6846.00', 'Kyrgyz Republic', 'CRT', NULL, NULL, '2018-10-17 15:18:31', '2018-10-17 15:18:31'),
(22, 'Golda Bartoletti', 'Lucio Tromp', 'Dwight Monahan III', 'June Howe II', 'Ms. Maritza Harris', '08088864', 'Voluptatem voluptatum eos libero fugiat sint iusto. Quis eos modi ullam repellat et doloremque qui voluptas. Odit quam qui eos. Ad voluptas ipsum unde quisquam unde.', 'Santiago Frami', 93, '3972.00', '609.00', 'KG', '6769.00', 'Puerto Rico', 'CRT', NULL, NULL, '2018-10-17 15:18:31', '2018-10-17 15:18:31'),
(23, 'Prof. Ernestina Simonis DVM', 'Larissa Thompson', 'Dr. Willis Rogahn V', 'Kaya Rowe', 'Maryam Schoen', '71657721', 'Autem cumque placeat est unde quo. Alias maxime cum exercitationem atque voluptas. Consectetur placeat vel et velit officia et. Repellat repellat aut fugit sint quo repellendus magnam.', 'Alejandra McCullough', 30, '7376.00', '2769.00', 'GM', '2234.00', 'Netherlands Antilles', 'CRT', NULL, NULL, '2018-10-17 15:18:31', '2018-10-17 15:18:31'),
(24, 'Syble Koch', 'Gideon Torphy V', 'Asa Boyer', 'Chauncey Veum IV', 'Ettie Dickens', '41760635', 'Alias consequuntur ipsa nihil et. Eius qui minima libero praesentium consequatur placeat. Et quia laudantium nihil quos.', 'Luella Simonis', 26, '4747.00', '4079.00', 'KG', '6817.00', 'Kyrgyz Republic', 'GM', NULL, NULL, '2018-10-17 15:18:31', '2018-10-17 15:18:31'),
(25, 'Payton Williamson II', 'Alexie Ebert', 'Myrl Hamill', 'Adalberto Nader', 'Prof. Dayne Tremblay DDS', '94587876', 'Nemo qui sint ut dolore fugiat eum ipsum. Sed rem omnis provident ipsum repellat error. Veniam necessitatibus ducimus ut qui ipsam recusandae non. Vel qui aut est tenetur.', 'Aglae Rowe', 53, '2320.00', '1466.00', 'GM', '9706.00', 'Azerbaijan', 'CRT', NULL, NULL, '2018-10-17 15:18:31', '2018-10-17 15:18:31'),
(26, 'Mrs. Marisa Bailey', 'Dr. Yolanda Thiel IV', 'Porter Rice', 'Georgette Ferry', 'Price Beatty', '52459498', 'Ex et beatae a quos optio eius et. Repellendus eum quis qui sapiente. Doloribus facere quis quod. Rerum veniam eos occaecati velit tenetur libero.', 'Prof. Bernhard Nienow DVM', 93, '2361.00', '2205.00', 'KG', '8189.00', 'Suriname', 'CRT', NULL, NULL, '2018-10-17 15:18:31', '2018-10-17 15:18:31'),
(27, 'Miss Matilde Swift', 'Maribel Dibbert', 'Ms. Cierra Ankunding MD', 'Amani Kirlin', 'Reginald Klocko V', '89096550', 'Odit est sed necessitatibus. Ut impedit delectus nobis earum. Facilis iste quidem aut quia. Quod atque sed quae aut debitis numquam.', 'Elisha Bins', 44, '4857.00', '1551.00', 'KG', '8187.00', 'Indonesia', 'CRT', NULL, NULL, '2018-10-17 15:18:31', '2018-10-17 15:18:31'),
(28, 'Declan Quigley', 'Katharina Emmerich', 'Cordell Bins', 'Nicholas Prohaska', 'Felicity Weber', '96238608', 'Ab laudantium in quo voluptates atque laudantium reprehenderit. Quaerat ut corporis omnis aut voluptate est aut. Ipsum itaque eaque itaque nihil optio consectetur voluptatem.', 'Adam Blanda', 72, '3436.00', '270.00', 'KG', '231.00', 'Mexico', 'CRT', NULL, NULL, '2018-10-17 15:18:31', '2018-10-17 15:18:31'),
(29, 'Glen Larson', 'Mr. Waylon Cremin', 'Edgardo Legros IV', 'Arvid Conn', 'Ahmad Mertz', '81246540', 'Sed non laudantium numquam exercitationem dolor qui. Deserunt laboriosam facere voluptas molestiae est iste. Repellat maiores quam in consectetur. Ut et nihil unde qui.', 'Diana Wunsch MD', 76, '5812.00', '4066.00', 'GM', '8731.00', 'French Southern Territories', 'GM', NULL, NULL, '2018-10-17 15:18:31', '2018-10-17 15:18:31'),
(30, 'Dr. Buford Collins V', 'Reggie Champlin', 'Justina Mann IV', 'Katelynn Kassulke', 'Everette Hirthe', '89350461', 'Quis sed est aut incidunt. Tempora vel nam commodi eaque. Harum ex molestiae reprehenderit sint aut officiis. Dolores in sed unde eos vel cupiditate.', 'Anabel Koss', 53, '658.00', '3965.00', 'GM', '9421.00', 'Heard Island and McDonald Islands', 'GM', NULL, NULL, '2018-10-17 15:18:31', '2018-10-17 15:18:31'),
(31, 'Ms. Brandy White PhD', 'Maritza Ebert', 'Gracie Steuber Sr.', 'Julien Pollich', 'Jacques Lowe', '28737360', 'Dolor dignissimos alias aspernatur. Rem tempora quae praesentium minima consequatur sapiente dolorem. Repellendus eum tenetur veritatis velit. Et tenetur laborum id eum et ad.', 'Lenora Kertzmann', 21, '5887.00', '2282.00', 'GM', '7743.00', 'Falkland Islands (Malvinas)', 'GM', NULL, NULL, '2018-10-17 15:18:31', '2018-10-17 15:18:31'),
(32, 'Delores Kuvalis', 'Conner Franecki', 'Edison Hettinger', 'Roslyn Welch', 'Prof. Dasia Howell III', '35599418', 'Est doloribus repellendus sed cumque omnis reprehenderit voluptatem. Veritatis deserunt rerum ut laborum. Enim necessitatibus consequatur numquam ut vel aut sit.', 'Jason Heathcote', 18, '5980.00', '316.00', 'GM', '2386.00', 'Isle of Man', 'GM', NULL, NULL, '2018-10-17 15:18:31', '2018-10-17 15:18:31'),
(33, 'Shaina Larson MD', 'Litzy Streich', 'Gail Crooks', 'Prof. Lera Smitham', 'Aidan Bernhard I', '48150835', 'Sapiente occaecati quis vel. Dolores laboriosam necessitatibus qui inventore quaerat. Est mollitia in omnis eligendi totam. Eveniet sint dolorum reiciendis possimus maiores.', 'Mr. Stewart Kertzmann', 89, '8385.00', '3895.00', 'GM', '9879.00', 'Bosnia and Herzegovina', 'CRT', NULL, NULL, '2018-10-17 15:18:31', '2018-10-17 15:18:31'),
(34, 'Stella Altenwerth', 'Bradford Reynolds', 'Coby Fritsch DVM', 'Dr. Arvel Leannon', 'Kaylin Ruecker', '62629980', 'Quisquam voluptatem quos nihil corporis. Officiis quo perspiciatis doloremque necessitatibus. Enim accusamus fugiat autem quia est voluptatem.', 'Casimir Oberbrunner', 66, '7222.00', '592.00', 'KG', '9545.00', 'Gibraltar', 'GM', NULL, NULL, '2018-10-17 15:18:31', '2018-10-17 15:18:31'),
(35, 'Dustin Terry', 'Miss Lucile Eichmann', 'Gunnar Balistreri', 'Prof. Ali Harber', 'Miss Maribel Botsford PhD', '02135267', 'Rerum soluta non commodi modi tempora eaque iusto. Dolor quod omnis aut sint. Beatae aliquid doloremque quidem sint.', 'Judd Halvorson', 4, '9060.00', '2827.00', 'KG', '1381.00', 'Trinidad and Tobago', 'GM', NULL, NULL, '2018-10-17 15:18:31', '2018-10-17 15:18:31'),
(36, 'Mackenzie Reilly', 'Lucio Dare', 'Lilla Stark IV', 'Luciano Torphy', 'Joany Beier III', '50852062', 'Unde iure est error corporis ut dolorem est aut. Id temporibus id deserunt molestias. Facere est eligendi ad enim et.', 'Ladarius Ryan', 41, '7326.00', '1957.00', 'GM', '2249.00', 'Djibouti', 'CRT', NULL, NULL, '2018-10-17 15:18:31', '2018-10-17 15:18:31'),
(37, 'Sylvan Corkery', 'Miss Leatha Jacobi III', 'Mrs. Coralie O\'Hara Sr.', 'Madelynn Lemke Sr.', 'Mrs. Estrella Wyman', '85880214', 'Dignissimos nihil sed quia. Beatae nihil necessitatibus incidunt quibusdam. Eos cumque rem officiis repellat.', 'Leslie Romaguera', 60, '1829.00', '1334.00', 'GM', '3079.00', 'Macao', 'GM', NULL, NULL, '2018-10-17 15:18:31', '2018-10-17 15:18:31'),
(38, 'Miss Lois Marvin', 'Dr. Lucius Dietrich', 'Dr. Kevin Altenwerth', 'Prof. Hilbert Waters', 'Peter Reichel Jr.', '17970952', 'Veniam facilis voluptas consequatur. Rerum laudantium consequuntur occaecati asperiores eaque. Expedita eos nihil culpa quisquam architecto sed laboriosam.', 'Lois Balistreri', 17, '1677.00', '2770.00', 'GM', '6194.00', 'Finland', 'CRT', NULL, NULL, '2018-10-17 15:18:31', '2018-10-17 15:18:31'),
(39, 'Ms. Lyda Dicki', 'Ms. Dixie Boehm', 'Darrin Wisozk', 'Isaiah Wilderman', 'Keegan Cummings III', '71094823', 'Saepe voluptatem illo eos et et quibusdam. Blanditiis quis aperiam ut eos rerum inventore porro. Pariatur et ab magni voluptate a id. Esse quasi est voluptatum qui.', 'Irma Nicolas', 77, '6612.00', '472.00', 'GM', '9503.00', 'Cuba', 'CRT', NULL, NULL, '2018-10-17 15:18:31', '2018-10-17 15:18:31'),
(40, 'Prof. Samara Nicolas DDS', 'Miss Kyla Little', 'Letha Kub Jr.', 'Mrs. Eliza Gutkowski', 'Granville Hoeger Jr.', '26516721', 'Tempora est id ut consequatur esse consequuntur. Sit eum aut facere corporis iusto nemo. Itaque error voluptatem ab ratione delectus facere. Aut voluptatibus laudantium eaque cumque voluptatum.', 'Maryam Wunsch', 21, '2816.00', '4192.00', 'GM', '6148.00', 'Bhutan', 'GM', NULL, NULL, '2018-10-17 15:18:31', '2018-10-17 15:18:31'),
(41, 'Amparo Gusikowski DDS', 'Dessie Dooley', 'Sylvan Murazik', 'Zula Keebler', 'Boris Baumbach', '19436654', 'Doloribus quisquam cupiditate eos est quo voluptatum non. Dolorem maiores sapiente et quis impedit dolorem quia. Sapiente dolores consectetur aperiam minus. Aliquam non facere occaecati atque.', 'Dusty Bailey', 55, '2004.00', '450.00', 'GM', '7704.00', 'Korea', 'CRT', NULL, NULL, '2018-10-17 15:18:31', '2018-10-17 15:18:31'),
(42, 'Vergie McKenzie', 'Weldon Bins DVM', 'Dr. Drake Hahn', 'Prof. Arthur Yost', 'Prof. Nikko Spencer Sr.', '17512930', 'Enim quasi qui ab. Dolore nostrum repellendus sunt suscipit ducimus. Voluptatem iste sequi aut officia dolorem facere id. Velit doloribus molestiae vel numquam ducimus perferendis.', 'Newell Vandervort Jr.', 49, '6578.00', '1885.00', 'GM', '4344.00', 'Finland', 'GM', NULL, NULL, '2018-10-17 15:18:31', '2018-10-17 15:18:31'),
(43, 'Mr. Eleazar Hegmann DDS', 'Miss Albertha Shields', 'Colt Hansen V', 'Javonte Turcotte', 'Stephanie Bauch', '51241360', 'Quos corrupti consequuntur velit aliquam suscipit earum. Dicta vel qui qui qui autem. Omnis soluta consequatur voluptatibus.', 'Zechariah Grant', 39, '8140.00', '4782.00', 'GM', '226.00', 'Dominica', 'GM', NULL, NULL, '2018-10-17 15:18:31', '2018-10-17 15:18:31'),
(44, 'Jazmyn Tremblay', 'Stacy Langworth', 'Virginia Rice', 'Prof. Oda Gerlach', 'Mrs. Johanna Bahringer', '00088923', 'Ducimus aut aut id nemo. Porro reiciendis repellat ut ab illo autem. Modi perferendis nobis necessitatibus ut ea reprehenderit et.', 'Meghan Wisoky Sr.', 55, '839.00', '3597.00', 'KG', '3894.00', 'Eritrea', 'GM', NULL, NULL, '2018-10-17 15:18:31', '2018-10-17 15:18:31'),
(45, 'Roderick Hermiston', 'Watson Roberts', 'Preston Green II', 'Malachi Larkin', 'Mrs. Vella Feest IV', '89861363', 'In tempora dolores alias et. Magnam dolore ut et ullam necessitatibus. Iusto beatae dolorum ad et mollitia. Error magnam veniam modi et magni ut ratione facere.', 'Katheryn Romaguera', 39, '7021.00', '929.00', 'GM', '3141.00', 'Somalia', 'CRT', NULL, NULL, '2018-10-17 15:18:31', '2018-10-17 15:18:31'),
(46, 'Kitty Rolfson', 'Madonna Reynolds', 'Mr. Chester Kuhic Sr.', 'Mrs. Kiarra Bernier', 'Wyatt Stamm', '73854487', 'Ipsum asperiores velit consequuntur itaque illum eos. Ut ipsum sunt qui hic. Dolor repellendus voluptatibus quia aut vel blanditiis explicabo.', 'Joany Harvey', 42, '2594.00', '3387.00', 'GM', '4289.00', 'Israel', 'GM', NULL, NULL, '2018-10-17 15:18:31', '2018-10-17 15:18:31'),
(47, 'Newton Bartoletti', 'Jamil Leannon Sr.', 'Leone Jacobs', 'Dr. Pasquale Kerluke', 'Clair Koelpin Sr.', '15101839', 'Recusandae cupiditate provident ut. Omnis eligendi porro voluptate accusantium. Est qui provident mollitia cum dolor vitae eum.', 'Elisha Mueller', 56, '1275.00', '3732.00', 'KG', '9445.00', 'Netherlands', 'CRT', NULL, NULL, '2018-10-17 15:18:31', '2018-10-17 15:18:31'),
(48, 'Sasha Ward', 'Mariana Lemke', 'Cheyenne Mann', 'Henry Keeling Sr.', 'Trudie Becker', '14305122', 'In quaerat amet aut quis excepturi. Praesentium voluptas similique ut eligendi voluptate unde provident qui. Quaerat illum est iusto blanditiis voluptas consequatur. Iure beatae aspernatur alias ab.', 'Anabel Greenholt Sr.', 7, '5320.00', '2657.00', 'KG', '1496.00', 'Mauritania', 'CRT', NULL, NULL, '2018-10-17 15:18:32', '2018-10-17 15:18:32'),
(49, 'Mrs. Aliza Ernser IV', 'Dr. Fanny Jacobs', 'Valerie Blick', 'Kailyn Sauer I', 'Carmen Waters', '76793912', 'Dolores saepe omnis ut inventore culpa aut deleniti. Itaque aliquam possimus et omnis. Doloribus qui quos reprehenderit illum error.', 'Nicola Boyer', 57, '1859.00', '3316.00', 'KG', '9653.00', 'Vanuatu', 'GM', NULL, NULL, '2018-10-17 15:18:32', '2018-10-17 15:18:32'),
(50, 'Norval Hilpert', 'Calista Olson MD', 'Alejandra Feeney', 'Christelle Grant', 'Elyse Veum V', '07118555', 'Ea nostrum architecto est vitae commodi tenetur. Sint aut eum occaecati eos magni sunt aut error. Veniam esse iure accusamus. Itaque fugit quia dicta quo reiciendis.', 'Della Kertzmann', 12, '3586.00', '1434.00', 'GM', '5278.00', 'Belize', 'GM', NULL, NULL, '2018-10-17 15:18:32', '2018-10-17 15:18:32');

-- --------------------------------------------------------

--
-- Table structure for table `roles`
--

CREATE TABLE `roles` (
  `id` int(10) UNSIGNED NOT NULL,
  `name` varchar(255) COLLATE utf8mb4_unicode_ci NOT NULL,
  `guard_name` varchar(255) COLLATE utf8mb4_unicode_ci NOT NULL,
  `created_at` timestamp NULL DEFAULT NULL,
  `updated_at` timestamp NULL DEFAULT NULL
) ENGINE=InnoDB DEFAULT CHARSET=utf8mb4 COLLATE=utf8mb4_unicode_ci;

--
-- Dumping data for table `roles`
--

INSERT INTO `roles` (`id`, `name`, `guard_name`, `created_at`, `updated_at`) VALUES
(1, 'admin', 'api', '2018-10-17 15:18:15', '2018-10-17 15:18:15'),
(2, 'owner', 'api', '2018-10-17 15:18:15', '2018-10-17 15:18:15'),
(3, 'manager', 'api', '2018-10-17 15:18:15', '2018-10-17 15:18:15'),
(4, 'purchases', 'api', '2018-10-17 15:18:15', '2018-10-17 15:18:15'),
(5, 'accountant', 'api', '2018-10-17 15:18:15', '2018-10-17 15:18:15'),
(6, 'user', 'api', '2018-10-17 15:18:15', '2018-10-17 15:18:15');

-- --------------------------------------------------------

--
-- Table structure for table `role_has_permissions`
--

CREATE TABLE `role_has_permissions` (
  `permission_id` int(10) UNSIGNED NOT NULL,
  `role_id` int(10) UNSIGNED NOT NULL
) ENGINE=InnoDB DEFAULT CHARSET=utf8mb4 COLLATE=utf8mb4_unicode_ci;

-- --------------------------------------------------------

--
-- Table structure for table `settings`
--

CREATE TABLE `settings` (
  `id` int(10) UNSIGNED NOT NULL,
  `notifications` enum('on','off') COLLATE utf8mb4_unicode_ci NOT NULL,
  `user_id` bigint(20) UNSIGNED NOT NULL,
  `created_by_user_id` bigint(20) UNSIGNED DEFAULT NULL,
  `updated_by_user_id` bigint(20) UNSIGNED DEFAULT NULL,
  `created_at` timestamp NULL DEFAULT NULL,
  `updated_at` timestamp NULL DEFAULT NULL
) ENGINE=InnoDB DEFAULT CHARSET=utf8mb4 COLLATE=utf8mb4_unicode_ci;

--
-- Dumping data for table `settings`
--

INSERT INTO `settings` (`id`, `notifications`, `user_id`, `created_by_user_id`, `updated_by_user_id`, `created_at`, `updated_at`) VALUES
(1, 'on', 4, NULL, NULL, '2018-10-17 15:18:22', '2018-10-17 15:18:22'),
(2, 'on', 5, NULL, NULL, '2018-10-17 15:18:22', '2018-10-17 15:18:22'),
(3, 'on', 25, NULL, NULL, '2018-10-17 15:18:22', '2018-10-17 15:18:22'),
(4, 'on', 36, NULL, NULL, '2018-10-17 15:18:22', '2018-10-17 15:18:22'),
(5, 'on', 34, NULL, NULL, '2018-10-17 15:18:22', '2018-10-17 15:18:22'),
(6, 'on', 11, NULL, NULL, '2018-10-17 15:18:22', '2018-10-17 15:18:22'),
(7, 'on', 27, NULL, NULL, '2018-10-17 15:18:22', '2018-10-17 15:18:22'),
(8, 'on', 46, NULL, NULL, '2018-10-17 15:18:22', '2018-10-17 15:18:22'),
(9, 'on', 35, NULL, NULL, '2018-10-17 15:18:22', '2018-10-17 15:18:22'),
(10, 'on', 9, NULL, NULL, '2018-10-17 15:18:22', '2018-10-17 15:18:22'),
(11, 'on', 39, NULL, NULL, '2018-10-17 15:18:22', '2018-10-17 15:18:22'),
(12, 'on', 11, NULL, NULL, '2018-10-17 15:18:22', '2018-10-17 15:18:22'),
(13, 'on', 33, NULL, NULL, '2018-10-17 15:18:22', '2018-10-17 15:18:22'),
(14, 'on', 46, NULL, NULL, '2018-10-17 15:18:22', '2018-10-17 15:18:22'),
(15, 'on', 12, NULL, NULL, '2018-10-17 15:18:22', '2018-10-17 15:18:22'),
(16, 'on', 9, NULL, NULL, '2018-10-17 15:18:22', '2018-10-17 15:18:22'),
(17, 'on', 42, NULL, NULL, '2018-10-17 15:18:22', '2018-10-17 15:18:22'),
(18, 'on', 35, NULL, NULL, '2018-10-17 15:18:22', '2018-10-17 15:18:22'),
(19, 'on', 28, NULL, NULL, '2018-10-17 15:18:22', '2018-10-17 15:18:22'),
(20, 'on', 1, NULL, NULL, '2018-10-17 15:18:22', '2018-10-17 15:18:22'),
(21, 'on', 9, NULL, NULL, '2018-10-17 15:18:22', '2018-10-17 15:18:22'),
(22, 'on', 14, NULL, NULL, '2018-10-17 15:18:22', '2018-10-17 15:18:22'),
(23, 'on', 21, NULL, NULL, '2018-10-17 15:18:22', '2018-10-17 15:18:22'),
(24, 'on', 28, NULL, NULL, '2018-10-17 15:18:22', '2018-10-17 15:18:22'),
(25, 'on', 10, NULL, NULL, '2018-10-17 15:18:22', '2018-10-17 15:18:22'),
(26, 'on', 19, NULL, NULL, '2018-10-17 15:18:22', '2018-10-17 15:18:22'),
(27, 'on', 1, NULL, NULL, '2018-10-17 15:18:22', '2018-10-17 15:18:22'),
(28, 'on', 37, NULL, NULL, '2018-10-17 15:18:22', '2018-10-17 15:18:22'),
(29, 'on', 19, NULL, NULL, '2018-10-17 15:18:22', '2018-10-17 15:18:22'),
(30, 'on', 6, NULL, NULL, '2018-10-17 15:18:22', '2018-10-17 15:18:22'),
(31, 'on', 23, NULL, NULL, '2018-10-17 15:18:22', '2018-10-17 15:18:22'),
(32, 'on', 35, NULL, NULL, '2018-10-17 15:18:22', '2018-10-17 15:18:22'),
(33, 'on', 38, NULL, NULL, '2018-10-17 15:18:22', '2018-10-17 15:18:22'),
(34, 'on', 8, NULL, NULL, '2018-10-17 15:18:22', '2018-10-17 15:18:22'),
(35, 'on', 6, NULL, NULL, '2018-10-17 15:18:22', '2018-10-17 15:18:22'),
(36, 'on', 8, NULL, NULL, '2018-10-17 15:18:22', '2018-10-17 15:18:22'),
(37, 'on', 17, NULL, NULL, '2018-10-17 15:18:22', '2018-10-17 15:18:22'),
(38, 'on', 3, NULL, NULL, '2018-10-17 15:18:22', '2018-10-17 15:18:22'),
(39, 'on', 23, NULL, NULL, '2018-10-17 15:18:22', '2018-10-17 15:18:22'),
(40, 'on', 35, NULL, NULL, '2018-10-17 15:18:22', '2018-10-17 15:18:22'),
(41, 'on', 50, NULL, NULL, '2018-10-17 15:18:22', '2018-10-17 15:18:22'),
(42, 'on', 3, NULL, NULL, '2018-10-17 15:18:22', '2018-10-17 15:18:22'),
(43, 'on', 44, NULL, NULL, '2018-10-17 15:18:22', '2018-10-17 15:18:22'),
(44, 'on', 47, NULL, NULL, '2018-10-17 15:18:22', '2018-10-17 15:18:22'),
(45, 'on', 7, NULL, NULL, '2018-10-17 15:18:22', '2018-10-17 15:18:22'),
(46, 'on', 45, NULL, NULL, '2018-10-17 15:18:22', '2018-10-17 15:18:22'),
(47, 'on', 27, NULL, NULL, '2018-10-17 15:18:22', '2018-10-17 15:18:22'),
(48, 'on', 16, NULL, NULL, '2018-10-17 15:18:22', '2018-10-17 15:18:22'),
(49, 'on', 3, NULL, NULL, '2018-10-17 15:18:22', '2018-10-17 15:18:22'),
(50, 'on', 45, NULL, NULL, '2018-10-17 15:18:22', '2018-10-17 15:18:22');

-- --------------------------------------------------------

--
-- Table structure for table `standing_orders`
--

CREATE TABLE `standing_orders` (
  `id` int(10) UNSIGNED NOT NULL,
  `standing_order_name` varchar(255) COLLATE utf8mb4_unicode_ci NOT NULL,
  `standing_order_status` enum('active','expired') COLLATE utf8mb4_unicode_ci NOT NULL,
  `standing_order_start_date` date NOT NULL,
  `standing_order_end_date` date DEFAULT NULL,
  `standing_order_repeated_days` text COLLATE utf8mb4_unicode_ci NOT NULL,
  `standing_order_repeated_period` enum('1 week','2 week','3 week','4 week') COLLATE utf8mb4_unicode_ci NOT NULL,
  `created_by_user_id` bigint(20) UNSIGNED DEFAULT NULL,
  `updated_by_user_id` bigint(20) UNSIGNED DEFAULT NULL,
  `created_at` timestamp NULL DEFAULT NULL,
  `updated_at` timestamp NULL DEFAULT NULL
) ENGINE=InnoDB DEFAULT CHARSET=utf8mb4 COLLATE=utf8mb4_unicode_ci;

--
-- Dumping data for table `standing_orders`
--

INSERT INTO `standing_orders` (`id`, `standing_order_name`, `standing_order_status`, `standing_order_start_date`, `standing_order_end_date`, `standing_order_repeated_days`, `standing_order_repeated_period`, `created_by_user_id`, `updated_by_user_id`, `created_at`, `updated_at`) VALUES
(1, 'iure', 'expired', '2018-10-18', '2019-01-31', '[\"Sun\",\"Sun\",\"Mon\",\"Thu\"]', '2 week', NULL, NULL, '2018-10-17 15:18:23', '2018-10-17 15:18:23'),
(2, 'aut', 'active', '2018-11-03', '2018-12-20', '[\"Mon\",\"Tue\",\"Sat\",\"Mon\"]', '2 week', NULL, NULL, '2018-10-17 15:18:23', '2018-10-17 15:18:23'),
(3, 'ea', 'expired', '2018-10-31', '2019-01-28', '[\"Fri\",\"Sun\",\"Thu\",\"Tue\"]', '2 week', NULL, NULL, '2018-10-17 15:18:23', '2018-10-17 15:18:23'),
(4, 'suscipit', 'active', '2018-10-27', '2018-12-04', '[\"Fri\",\"Fri\",\"Sat\",\"Fri\"]', '4 week', NULL, NULL, '2018-10-17 15:18:23', '2018-10-17 15:18:23'),
(5, 'iusto', 'expired', '2018-11-09', '2019-04-19', '[\"Tue\",\"Sat\",\"Tue\",\"Sun\"]', '3 week', NULL, NULL, '2018-10-17 15:18:23', '2018-10-17 15:18:23'),
(6, 'harum', 'expired', '2018-10-17', '2018-11-30', '[\"Mon\",\"Thu\",\"Thu\",\"Sat\"]', '3 week', NULL, NULL, '2018-10-17 15:18:23', '2018-10-17 15:18:23'),
(7, 'fugiat', 'active', '2018-11-09', '2018-12-01', '[\"Tue\",\"Mon\",\"Fri\",\"Sun\"]', '2 week', NULL, NULL, '2018-10-17 15:18:23', '2018-10-17 15:18:23'),
(8, 'et', 'expired', '2018-10-22', '2018-12-09', '[\"Fri\",\"Wed\",\"Thu\",\"Tue\"]', '4 week', NULL, NULL, '2018-10-17 15:18:23', '2018-10-17 15:18:23'),
(9, 'sint', 'active', '2018-10-20', '2019-03-14', '[\"Wed\",\"Mon\",\"Sat\",\"Tue\"]', '4 week', NULL, NULL, '2018-10-17 15:18:23', '2018-10-17 15:18:23'),
(10, 'pariatur', 'expired', '2018-10-22', '2018-10-28', '[\"Wed\",\"Sat\",\"Fri\",\"Sat\"]', '1 week', NULL, NULL, '2018-10-17 15:18:23', '2018-10-17 15:18:23'),
(11, 'ipsam', 'active', '2018-11-11', '2019-01-03', '[\"Fri\",\"Wed\",\"Thu\",\"Tue\"]', '4 week', NULL, NULL, '2018-10-17 15:18:23', '2018-10-17 15:18:23'),
(12, 'quia', 'active', '2018-10-23', '2019-01-20', '[\"Wed\",\"Fri\",\"Sat\",\"Mon\"]', '2 week', NULL, NULL, '2018-10-17 15:18:23', '2018-10-17 15:18:23'),
(13, 'maxime', 'expired', '2018-10-28', '2018-12-30', '[\"Mon\",\"Thu\",\"Wed\",\"Tue\"]', '1 week', NULL, NULL, '2018-10-17 15:18:23', '2018-10-17 15:18:23'),
(14, 'recusandae', 'expired', '2018-10-22', '2019-01-08', '[\"Fri\",\"Sun\",\"Wed\",\"Thu\"]', '2 week', NULL, NULL, '2018-10-17 15:18:23', '2018-10-17 15:18:23'),
(15, 'rerum', 'active', '2018-10-24', '2018-11-30', '[\"Sun\",\"Sun\",\"Wed\",\"Sun\"]', '2 week', NULL, NULL, '2018-10-17 15:18:23', '2018-10-17 15:18:23'),
(16, 'excepturi', 'active', '2018-10-19', '2019-01-13', '[\"Mon\",\"Thu\",\"Sat\",\"Sat\"]', '1 week', NULL, NULL, '2018-10-17 15:18:23', '2018-10-17 15:18:23'),
(17, 'accusantium', 'expired', '2018-10-30', '2018-11-13', '[\"Wed\",\"Mon\",\"Fri\",\"Wed\"]', '4 week', NULL, NULL, '2018-10-17 15:18:24', '2018-10-17 15:18:24'),
(18, 'rerum', 'expired', '2018-10-22', '2019-01-01', '[\"Wed\",\"Sat\",\"Thu\",\"Tue\"]', '3 week', NULL, NULL, '2018-10-17 15:18:24', '2018-10-17 15:18:24'),
(19, 'quidem', 'expired', '2018-11-06', '2018-11-22', '[\"Sat\",\"Sat\",\"Thu\",\"Sat\"]', '4 week', NULL, NULL, '2018-10-17 15:18:24', '2018-10-17 15:18:24'),
(20, 'voluptatem', 'active', '2018-10-25', '2018-11-29', '[\"Fri\",\"Thu\",\"Sun\",\"Sat\"]', '4 week', NULL, NULL, '2018-10-17 15:18:24', '2018-10-17 15:18:24'),
(21, 'est', 'active', '2018-11-30', '2019-02-28', '[\"Wed\",\"Fri\",\"Fri\",\"Thu\"]', '1 week', NULL, NULL, '2018-10-17 15:18:24', '2018-10-17 15:18:24'),
(22, 'quas', 'active', '2018-10-18', '2019-01-18', '[\"Fri\",\"Wed\",\"Sun\",\"Tue\"]', '1 week', NULL, NULL, '2018-10-17 15:18:24', '2018-10-17 15:18:24'),
(23, 'alias', 'expired', '2018-10-28', '2018-12-31', '[\"Sat\",\"Sun\",\"Wed\",\"Sun\"]', '1 week', NULL, NULL, '2018-10-17 15:18:24', '2018-10-17 15:18:24'),
(24, 'corrupti', 'active', '2018-10-18', '2018-12-22', '[\"Mon\",\"Tue\",\"Sat\",\"Thu\"]', '3 week', NULL, NULL, '2018-10-17 15:18:24', '2018-10-17 15:18:24'),
(25, 'animi', 'active', '2018-10-17', '2018-11-14', '[\"Sun\",\"Wed\",\"Fri\",\"Fri\"]', '3 week', NULL, NULL, '2018-10-17 15:18:24', '2018-10-17 15:18:24'),
(26, 'ut', 'expired', '2018-10-20', '2018-12-22', '[\"Sat\",\"Mon\",\"Thu\",\"Wed\"]', '3 week', NULL, NULL, '2018-10-17 15:18:24', '2018-10-17 15:18:24'),
(27, 'soluta', 'expired', '2018-10-19', '2018-11-08', '[\"Sun\",\"Sun\",\"Wed\",\"Mon\"]', '4 week', NULL, NULL, '2018-10-17 15:18:24', '2018-10-17 15:18:24'),
(28, 'suscipit', 'active', '2018-10-27', '2018-12-01', '[\"Sat\",\"Thu\",\"Sun\",\"Wed\"]', '1 week', NULL, NULL, '2018-10-17 15:18:24', '2018-10-17 15:18:24'),
(29, 'magnam', 'active', '2018-10-31', '2018-12-15', '[\"Mon\",\"Sat\",\"Fri\",\"Tue\"]', '4 week', NULL, NULL, '2018-10-17 15:18:24', '2018-10-17 15:18:24'),
(30, 'exercitationem', 'expired', '2018-11-09', '2019-03-09', '[\"Tue\",\"Sat\",\"Sun\",\"Sun\"]', '3 week', NULL, NULL, '2018-10-17 15:18:24', '2018-10-17 15:18:24'),
(31, 'eligendi', 'active', '2018-10-17', '2018-11-14', '[\"Sat\",\"Thu\",\"Sat\",\"Sat\"]', '2 week', NULL, NULL, '2018-10-17 15:18:24', '2018-10-17 15:18:24'),
(32, 'numquam', 'active', '2018-10-31', '2018-11-10', '[\"Tue\",\"Sun\",\"Sat\",\"Sun\"]', '2 week', NULL, NULL, '2018-10-17 15:18:24', '2018-10-17 15:18:24'),
(33, 'qui', 'expired', '2018-11-06', '2019-02-11', '[\"Mon\",\"Fri\",\"Sat\",\"Sat\"]', '2 week', NULL, NULL, '2018-10-17 15:18:24', '2018-10-17 15:18:24'),
(34, 'architecto', 'expired', '2018-10-20', '2018-10-18', '[\"Sun\",\"Sun\",\"Sun\",\"Sun\"]', '2 week', NULL, NULL, '2018-10-17 15:18:24', '2018-10-17 15:18:24'),
(35, 'omnis', 'active', '2018-11-11', '2018-10-19', '[\"Sat\",\"Sat\",\"Mon\",\"Sun\"]', '4 week', NULL, NULL, '2018-10-17 15:18:24', '2018-10-17 15:18:24'),
(36, 'et', 'expired', '2018-10-25', '2018-11-19', '[\"Sun\",\"Sun\",\"Mon\",\"Sat\"]', '4 week', NULL, NULL, '2018-10-17 15:18:24', '2018-10-17 15:18:24'),
(37, 'quidem', 'active', '2018-10-19', '2019-01-12', '[\"Wed\",\"Sat\",\"Wed\",\"Sun\"]', '2 week', NULL, NULL, '2018-10-17 15:18:24', '2018-10-17 15:18:24'),
(38, 'sit', 'expired', '2018-10-25', '2019-02-22', '[\"Sat\",\"Fri\",\"Tue\",\"Sat\"]', '2 week', NULL, NULL, '2018-10-17 15:18:24', '2018-10-17 15:18:24'),
(39, 'quae', 'expired', '2018-10-31', '2019-03-01', '[\"Wed\",\"Fri\",\"Fri\",\"Fri\"]', '3 week', NULL, NULL, '2018-10-17 15:18:24', '2018-10-17 15:18:24'),
(40, 'eos', 'expired', '2018-10-21', '2019-01-13', '[\"Wed\",\"Sat\",\"Thu\",\"Mon\"]', '2 week', NULL, NULL, '2018-10-17 15:18:24', '2018-10-17 15:18:24'),
(41, 'voluptas', 'expired', '2018-10-29', '2018-11-16', '[\"Tue\",\"Mon\",\"Fri\",\"Mon\"]', '4 week', NULL, NULL, '2018-10-17 15:18:24', '2018-10-17 15:18:24'),
(42, 'tempore', 'expired', '2018-10-20', '2018-11-24', '[\"Fri\",\"Sat\",\"Thu\",\"Mon\"]', '1 week', NULL, NULL, '2018-10-17 15:18:24', '2018-10-17 15:18:24'),
(43, 'omnis', 'active', '2018-10-23', '2019-02-15', '[\"Wed\",\"Mon\",\"Mon\",\"Mon\"]', '4 week', NULL, NULL, '2018-10-17 15:18:24', '2018-10-17 15:18:24'),
(44, 'omnis', 'active', '2018-10-18', '2019-03-15', '[\"Mon\",\"Sun\",\"Mon\",\"Wed\"]', '4 week', NULL, NULL, '2018-10-17 15:18:24', '2018-10-17 15:18:24'),
(45, 'porro', 'active', '2018-10-29', '2019-02-02', '[\"Wed\",\"Thu\",\"Sat\",\"Thu\"]', '1 week', NULL, NULL, '2018-10-17 15:18:24', '2018-10-17 15:18:24'),
(46, 'adipisci', 'active', '2018-11-10', '2019-01-01', '[\"Sat\",\"Sat\",\"Mon\",\"Wed\"]', '1 week', NULL, NULL, '2018-10-17 15:18:24', '2018-10-17 15:18:24'),
(47, 'magni', 'active', '2018-10-24', '2018-10-20', '[\"Sat\",\"Mon\",\"Tue\",\"Wed\"]', '4 week', NULL, NULL, '2018-10-17 15:18:24', '2018-10-17 15:18:24'),
(48, 'fuga', 'expired', '2018-10-22', '2018-11-25', '[\"Fri\",\"Mon\",\"Sat\",\"Sat\"]', '4 week', NULL, NULL, '2018-10-17 15:18:24', '2018-10-17 15:18:24'),
(49, 'non', 'expired', '2018-10-17', '2018-11-13', '[\"Thu\",\"Fri\",\"Tue\",\"Sat\"]', '2 week', NULL, NULL, '2018-10-17 15:18:24', '2018-10-17 15:18:24'),
(50, 'necessitatibus', 'active', '2018-11-02', '2018-12-14', '[\"Tue\",\"Tue\",\"Tue\",\"Thu\"]', '2 week', NULL, NULL, '2018-10-17 15:18:24', '2018-10-17 15:18:24');

-- --------------------------------------------------------

--
-- Table structure for table `suppliers`
--

CREATE TABLE `suppliers` (
  `id` int(10) UNSIGNED NOT NULL,
  `name` varchar(255) COLLATE utf8mb4_unicode_ci NOT NULL,
  `email` varchar(255) COLLATE utf8mb4_unicode_ci NOT NULL,
  `phone` varchar(255) COLLATE utf8mb4_unicode_ci NOT NULL,
  `address` varchar(255) COLLATE utf8mb4_unicode_ci NOT NULL,
  `category_id` bigint(20) UNSIGNED NOT NULL,
  `company_id` bigint(20) UNSIGNED NOT NULL,
  `created_by_user_id` bigint(20) UNSIGNED DEFAULT NULL,
  `updated_by_user_id` bigint(20) UNSIGNED DEFAULT NULL,
  `created_at` timestamp NULL DEFAULT NULL,
  `updated_at` timestamp NULL DEFAULT NULL
) ENGINE=InnoDB DEFAULT CHARSET=utf8mb4 COLLATE=utf8mb4_unicode_ci;

--
-- Dumping data for table `suppliers`
--

INSERT INTO `suppliers` (`id`, `name`, `email`, `phone`, `address`, `category_id`, `company_id`, `created_by_user_id`, `updated_by_user_id`, `created_at`, `updated_at`) VALUES
(1, 'Fahey, Ward and Rowe', 'jakubowski.jack@hotmail.com', '705.737.2094 x7530', '472 Camryn Ville Apt. 753\nLenoreton, CT 88131-6504', 27, 11, NULL, NULL, '2018-10-17 15:18:19', '2018-10-17 15:18:19'),
(2, 'Gulgowski, Mertz and Walter', 'stracke.taurean@parisian.com', '294.614.3750', '6399 Jared Causeway\nWest Margarettfort, WA 38188', 46, 22, NULL, NULL, '2018-10-17 15:18:19', '2018-10-17 15:18:19'),
(3, 'Jakubowski, Reynolds and Wiza', 'catherine90@koepp.info', '983.912.2087 x6730', '949 Alaina Extension Apt. 462\nNorth Emmy, TX 96140', 46, 11, NULL, NULL, '2018-10-17 15:18:19', '2018-10-17 15:18:19'),
(4, 'Brown PLC', 'mosciski.vinnie@gmail.com', '609.315.0179', '95377 Ethyl Ports Apt. 782\nCummerataport, OK 70100', 48, 27, NULL, NULL, '2018-10-17 15:18:19', '2018-10-17 15:18:19'),
(5, 'Deckow PLC', 'vicente.von@crooks.com', '(245) 404-9201', '8258 Hettie Field Apt. 613\nWest Serenachester, MT 29354', 29, 18, NULL, NULL, '2018-10-17 15:18:19', '2018-10-17 15:18:19'),
(6, 'Renner, Block and Mohr', 'xrolfson@hegmann.com', '1-907-809-1487 x795', '709 Cicero Wall Apt. 219\nEast Orlandofort, IN 10903', 30, 27, NULL, NULL, '2018-10-17 15:18:19', '2018-10-17 15:18:19'),
(7, 'Ondricka, Hill and Stehr', 'zkrajcik@hotmail.com', '1-893-680-8028 x415', '64216 Ernie Loop\nQuigleyfurt, NM 23775', 23, 38, NULL, NULL, '2018-10-17 15:18:19', '2018-10-17 15:18:19'),
(8, 'Mann, Breitenberg and Rau', 'tania.legros@mayer.com', '536-656-0706', '78265 Anjali Pike Apt. 921\nKaleighmouth, SC 16622', 34, 28, NULL, NULL, '2018-10-17 15:18:19', '2018-10-17 15:18:19'),
(9, 'Reinger LLC', 'lemuel.hills@purdy.info', '1-350-838-4259 x29831', '58594 Gussie Island\nPort Jaimemouth, PA 22143-2745', 48, 32, NULL, NULL, '2018-10-17 15:18:19', '2018-10-17 15:18:19'),
(10, 'Pfeffer LLC', 'mjenkins@price.com', '+1 (252) 653-7253', '3508 Schoen Points\nPort Keyshawnshire, NY 84716-5900', 20, 13, NULL, NULL, '2018-10-17 15:18:19', '2018-10-17 15:18:19'),
(11, 'Russel, Ferry and Gerhold', 'marc.jenkins@renner.net', '602-904-8981 x38334', '77523 Orn Keys\nDaphneberg, NM 68743', 24, 45, NULL, NULL, '2018-10-17 15:18:19', '2018-10-17 15:18:19'),
(12, 'Lehner PLC', 'kaleb11@gmail.com', '543.298.6054 x6935', '180 Wayne Mountains\nHeaneyland, GA 10345-1511', 40, 45, NULL, NULL, '2018-10-17 15:18:19', '2018-10-17 15:18:19'),
(13, 'Haley, Dibbert and Haley', 'alvina40@gmail.com', '+15276927399', '5999 Myrtis Villages\nNew Jacquesborough, MT 84328', 2, 38, NULL, NULL, '2018-10-17 15:18:19', '2018-10-17 15:18:19'),
(14, 'Johns Inc', 'schaden.raphael@oberbrunner.info', '914.767.9001', '636 Bernard Stream\nNew Bruce, KS 30311-4954', 19, 30, NULL, NULL, '2018-10-17 15:18:19', '2018-10-17 15:18:19'),
(15, 'Gleichner, Tillman and O\'Connell', 'ystreich@hotmail.com', '+1-418-634-4793', '6104 Paolo Freeway Apt. 757\nKassulkefort, DC 11258-8628', 21, 28, NULL, NULL, '2018-10-17 15:18:19', '2018-10-17 15:18:19'),
(16, 'Heaney-Erdman', 'dayton22@williamson.com', '486.725.9530 x24877', '99290 Kristofer Lakes Suite 103\nBrakuschester, ND 87873', 38, 20, NULL, NULL, '2018-10-17 15:18:19', '2018-10-17 15:18:19'),
(17, 'Hermann-Feest', 'waldo.flatley@kulas.biz', '219.687.8171', '1161 Juliana Bridge Apt. 509\nPort Louisaburgh, VA 12428-3905', 25, 22, NULL, NULL, '2018-10-17 15:18:19', '2018-10-17 15:18:19'),
(18, 'Bins Ltd', 'powlowski.hank@mertz.com', '(329) 856-1039', '14845 Nyah Overpass\nEast Jodie, IN 36894-0414', 50, 4, NULL, NULL, '2018-10-17 15:18:19', '2018-10-17 15:18:19'),
(19, 'Harber, Veum and Hermiston', 'kstehr@bradtke.com', '1-791-666-8520 x106', '276 Josiah Ways\nLake Janaton, CA 68609-1224', 5, 35, NULL, NULL, '2018-10-17 15:18:19', '2018-10-17 15:18:19'),
(20, 'Little, Casper and Hamill', 'neha31@hotmail.com', '+1-383-994-9196', '40667 Janick Shoals Suite 522\nBrownhaven, SD 57025-1245', 50, 46, NULL, NULL, '2018-10-17 15:18:19', '2018-10-17 15:18:19'),
(21, 'Weber-Gleichner', 'berenice59@gmail.com', '1-284-839-9620 x230', '49757 Gay Square Suite 078\nWest Anna, IA 66478-2065', 9, 40, NULL, NULL, '2018-10-17 15:18:19', '2018-10-17 15:18:19'),
(22, 'Baumbach-Wiegand', 'jsawayn@torphy.net', '+1-219-947-0293', '844 Tyreek Terrace Apt. 794\nEast Hazle, MS 21190-1268', 25, 17, NULL, NULL, '2018-10-17 15:18:19', '2018-10-17 15:18:19'),
(23, 'Swaniawski-Weimann', 'lzemlak@gmail.com', '+1-219-353-6207', '807 Hintz Club Apt. 440\nShannonfort, NY 66038', 15, 13, NULL, NULL, '2018-10-17 15:18:19', '2018-10-17 15:18:19'),
(24, 'Hoeger-Buckridge', 'mreinger@yahoo.com', '749-712-8574 x2277', '69109 Wunsch Island Apt. 936\nEstellaland, IN 69099', 47, 29, NULL, NULL, '2018-10-17 15:18:19', '2018-10-17 15:18:19'),
(25, 'Rath Ltd', 'rerdman@yahoo.com', '(785) 401-9757 x30125', '1122 Kerluke Meadows\nLake Lenora, KY 68458-2701', 49, 5, NULL, NULL, '2018-10-17 15:18:19', '2018-10-17 15:18:19'),
(26, 'Marks-Cruickshank', 'annabel97@hotmail.com', '872.395.9930 x0548', '723 Roob Loaf\nMarcellusburgh, RI 43945', 47, 3, NULL, NULL, '2018-10-17 15:18:19', '2018-10-17 15:18:19'),
(27, 'Hoppe, Strosin and Daniel', 'jbecker@wyman.com', '(851) 976-4277', '904 Dedric Courts Apt. 142\nPollichtown, NV 82488', 49, 49, NULL, NULL, '2018-10-17 15:18:19', '2018-10-17 15:18:19'),
(28, 'Oberbrunner-Braun', 'willis26@beer.biz', '(561) 479-0124 x437', '19583 Hayes Grove Apt. 219\nLake Avery, ID 03222-1434', 14, 30, NULL, NULL, '2018-10-17 15:18:19', '2018-10-17 15:18:19'),
(29, 'Bechtelar Ltd', 'auer.saul@hotmail.com', '261.300.4568 x83694', '432 Hudson Trace Suite 694\nJaclynshire, LA 01608-4396', 8, 7, NULL, NULL, '2018-10-17 15:18:19', '2018-10-17 15:18:19'),
(30, 'Fay, Kuvalis and Conn', 'konopelski.emmett@yahoo.com', '(670) 794-0795', '122 Destini Canyon\nConnellychester, ME 17199-9370', 39, 8, NULL, NULL, '2018-10-17 15:18:19', '2018-10-17 15:18:19'),
(31, 'Gleason Ltd', 'twhite@gmail.com', '806.315.9756 x85556', '5323 Dovie Drives\nAdrainside, CO 41787-6213', 34, 2, NULL, NULL, '2018-10-17 15:18:19', '2018-10-17 15:18:19'),
(32, 'Larkin, Schmidt and Kirlin', 'marjorie67@hotmail.com', '749-391-0834', '925 Dickens Estates\nLavadabury, IL 48564-2342', 3, 38, NULL, NULL, '2018-10-17 15:18:19', '2018-10-17 15:18:19'),
(33, 'Jast LLC', 'wbarton@hotmail.com', '418-244-3817 x0241', '3600 Gerhold Greens Suite 534\nJoesphtown, RI 27184', 38, 19, NULL, NULL, '2018-10-17 15:18:19', '2018-10-17 15:18:19'),
(34, 'Sporer, Douglas and Kiehn', 'swift.chaim@hotmail.com', '1-717-246-7976 x8302', '24201 Williamson Light\nNew Ezequielmouth, RI 34715-1564', 42, 49, NULL, NULL, '2018-10-17 15:18:20', '2018-10-17 15:18:20'),
(35, 'Bechtelar-Kessler', 'wwalker@doyle.com', '(308) 852-0187 x64815', '270 Stracke Shoals Apt. 882\nCollierburgh, WY 65264', 22, 42, NULL, NULL, '2018-10-17 15:18:20', '2018-10-17 15:18:20'),
(36, 'Dare Inc', 'theodore32@cremin.com', '+1-513-851-4544', '48115 Swift Tunnel Apt. 028\nWest Hailieberg, AL 86052-1847', 45, 8, NULL, NULL, '2018-10-17 15:18:20', '2018-10-17 15:18:20'),
(37, 'Pagac-Lesch', 'hettinger.juanita@labadie.org', '+19475895819', '73488 Kennedi Wells Suite 871\nDemetriushaven, RI 75217-3493', 1, 38, NULL, NULL, '2018-10-17 15:18:20', '2018-10-17 15:18:20'),
(38, 'Klocko, Zemlak and Wehner', 'uhamill@hotmail.com', '1-567-484-1052', '724 Bednar Trail Apt. 496\nHeidenreichside, IN 00407', 40, 33, NULL, NULL, '2018-10-17 15:18:20', '2018-10-17 15:18:20'),
(39, 'Shields Ltd', 'xmann@roberts.com', '671-970-5145', '6973 Angus Wall\nSouth Laury, CA 90770', 25, 22, NULL, NULL, '2018-10-17 15:18:20', '2018-10-17 15:18:20'),
(40, 'Hintz, Rodriguez and Kerluke', 'brian.volkman@yahoo.com', '1-950-791-3084 x6878', '37031 Macejkovic Ranch Suite 643\nDeckowview, KY 34271-3157', 28, 41, NULL, NULL, '2018-10-17 15:18:20', '2018-10-17 15:18:20'),
(41, 'Boyer-Pollich', 'jacobson.gregoria@borer.org', '+1-579-745-2945', '29917 Casper Trace\nGloverstad, WV 89862', 2, 44, NULL, NULL, '2018-10-17 15:18:20', '2018-10-17 15:18:20'),
(42, 'Fritsch and Sons', 'lilliana.dietrich@dubuque.com', '(439) 606-9271 x418', '63503 D\'Amore Walks Apt. 372\nNorth Marisastad, NY 86662-3363', 31, 4, NULL, NULL, '2018-10-17 15:18:20', '2018-10-17 15:18:20'),
(43, 'Paucek Group', 'schuppe.zelda@oconnell.net', '996-207-6820 x25827', '996 Clinton Extensions Apt. 082\nWest Felipa, KY 14528-8787', 48, 16, NULL, NULL, '2018-10-17 15:18:20', '2018-10-17 15:18:20'),
(44, 'Graham, Kulas and Willms', 'drath@smitham.com', '267.222.3668 x01527', '252 Broderick Path Apt. 583\nBoyleberg, TN 35100-7324', 37, 2, NULL, NULL, '2018-10-17 15:18:20', '2018-10-17 15:18:20'),
(45, 'Moore-Wilderman', 'meghan12@gaylord.com', '(232) 667-2317', '16679 Irving Ridge Apt. 278\nPort Annabellbury, TN 05029-0491', 38, 34, NULL, NULL, '2018-10-17 15:18:20', '2018-10-17 15:18:20'),
(46, 'Mante-Pfeffer', 'finn.rolfson@cruickshank.biz', '(845) 917-2806 x2064', '45582 Adrain Cove Suite 970\nNew Claudia, ME 08394-0510', 19, 23, NULL, NULL, '2018-10-17 15:18:20', '2018-10-17 15:18:20'),
(47, 'Gerhold-Gaylord', 'ychamplin@hotmail.com', '(548) 626-8212 x3261', '161 Melody Pines\nNew Blaisefurt, MI 71423-3050', 30, 43, NULL, NULL, '2018-10-17 15:18:20', '2018-10-17 15:18:20'),
(48, 'Fay-Nikolaus', 'qanderson@welch.com', '+1-596-462-8222', '272 Nikolaus Freeway\nWeberfort, AR 68410-5593', 29, 40, NULL, NULL, '2018-10-17 15:18:20', '2018-10-17 15:18:20'),
(49, 'Stanton-Breitenberg', 'morris66@cassin.com', '1-284-936-5244 x9643', '5255 Schaefer Rapid Apt. 022\nHillsview, IA 14648-5683', 43, 17, NULL, NULL, '2018-10-17 15:18:20', '2018-10-17 15:18:20'),
(50, 'Hill Ltd', 'gayle03@yahoo.com', '1-879-402-0848', '31705 Bruen Village\nEast Tyreekfurt, MO 56659-4434', 33, 35, NULL, NULL, '2018-10-17 15:18:20', '2018-10-17 15:18:20');

-- --------------------------------------------------------

--
-- Table structure for table `supplier_directories`
--

CREATE TABLE `supplier_directories` (
  `id` int(10) UNSIGNED NOT NULL,
  `segment` varchar(255) COLLATE utf8mb4_unicode_ci NOT NULL,
  `name` varchar(255) COLLATE utf8mb4_unicode_ci NOT NULL,
  `logo` varchar(255) COLLATE utf8mb4_unicode_ci NOT NULL,
  `contact_person` varchar(255) COLLATE utf8mb4_unicode_ci NOT NULL,
  `position` varchar(255) COLLATE utf8mb4_unicode_ci NOT NULL,
  `phone_number` varchar(255) COLLATE utf8mb4_unicode_ci NOT NULL,
  `mobile_number` varchar(255) COLLATE utf8mb4_unicode_ci NOT NULL,
  `email` varchar(255) COLLATE utf8mb4_unicode_ci NOT NULL,
  `website` varchar(255) COLLATE utf8mb4_unicode_ci NOT NULL,
  `address` varchar(255) COLLATE utf8mb4_unicode_ci NOT NULL,
  `operation_areas` varchar(255) COLLATE utf8mb4_unicode_ci NOT NULL,
  `created_by_user_id` bigint(20) UNSIGNED DEFAULT NULL,
  `updated_by_user_id` bigint(20) UNSIGNED DEFAULT NULL,
  `created_at` timestamp NULL DEFAULT NULL,
  `updated_at` timestamp NULL DEFAULT NULL
) ENGINE=InnoDB DEFAULT CHARSET=utf8mb4 COLLATE=utf8mb4_unicode_ci;

--
-- Dumping data for table `supplier_directories`
--

INSERT INTO `supplier_directories` (`id`, `segment`, `name`, `logo`, `contact_person`, `position`, `phone_number`, `mobile_number`, `email`, `website`, `address`, `operation_areas`, `created_by_user_id`, `updated_by_user_id`, `created_at`, `updated_at`) VALUES
(1, 'Jason Thiel', 'Stanton Leuschke', 'https://lorempixel.com/640/480/?63679', 'Nico Lesch', 'Lake Ulicesburgh', '(431) 415-9628', '(485) 225-1625', 'clint90@towne.com', 'http://www.lindgren.com/et-adipisci-eum-ab-vero-vitae-magni', '332 DuBuque Circles Apt. 117\nPort Saulbury, OH 02871', 'West Breannaburgh', NULL, NULL, '2018-10-17 15:18:31', '2018-10-17 15:18:31'),
(2, 'Dr. Taya Osinski', 'Mrs. Isabell O\'Connell', 'https://lorempixel.com/640/480/?75999', 'Reggie Renner', 'Jeffreyborough', '(795) 460-3457', '329.418.6730 x4349', 'cfay@will.info', 'http://christiansen.com/', '852 Hollie Grove Apt. 598\nNorth Andre, NE 42627-1871', 'Abshirestad', NULL, NULL, '2018-10-17 15:18:31', '2018-10-17 15:18:31'),
(3, 'June Hagenes', 'Dixie Cole', 'https://lorempixel.com/640/480/?21233', 'Niko Ledner', 'West Barrett', '(605) 604-0252', '650-472-6569', 'adell52@wiza.org', 'http://www.aufderhar.net/eius-facere-molestiae-eos-nam-esse-aut', '216 Myah Ways\nJanton, CO 57176', 'Goyetteshire', NULL, NULL, '2018-10-17 15:18:31', '2018-10-17 15:18:31'),
(4, 'Louie Borer', 'Ole Schamberger', 'https://lorempixel.com/640/480/?46097', 'Orie Goodwin', 'West Sabrynachester', '816-201-2547 x18631', '+1-509-382-6463', 'willard25@medhurst.org', 'http://www.windler.com/', '583 Kling Fort Suite 773\nJeraldside, OK 23234', 'Ryanshire', NULL, NULL, '2018-10-17 15:18:31', '2018-10-17 15:18:31'),
(5, 'Dr. Phyllis Luettgen', 'Dorthy Harvey', 'https://lorempixel.com/640/480/?91732', 'Prof. Alva Bruen', 'Rolandoland', '801-992-1605 x63357', '+1 (863) 934-2718', 'lemuel.waters@kemmer.biz', 'http://www.lesch.com/culpa-eos-eum-commodi-et-quidem', '25035 Koby Meadow Suite 569\nHansenmouth, GA 31109-2442', 'Harrisburgh', NULL, NULL, '2018-10-17 15:18:31', '2018-10-17 15:18:31'),
(6, 'Louvenia Cartwright', 'Diana Larson', 'https://lorempixel.com/640/480/?58984', 'Ara Kunde Sr.', 'New Laverna', '994.760.6326', '(282) 228-6947 x658', 'lward@rolfson.com', 'http://boyer.com/cumque-dolore-ducimus-et-quisquam.html', '65109 Kenyatta Port\nNew Oceanebury, MD 45832', 'Kuhlmanmouth', NULL, NULL, '2018-10-17 15:18:31', '2018-10-17 15:18:31'),
(7, 'Jana Howe II', 'Wilfrid Erdman', 'https://lorempixel.com/640/480/?77874', 'Guido Sporer', 'New Florian', '468.597.9093', '786-226-8790', 'wgibson@crona.net', 'http://hermann.com/consequatur-et-nam-accusamus.html', '296 Kali Corners\nNew Felton, TN 72976-4495', 'Wilmerborough', NULL, NULL, '2018-10-17 15:18:31', '2018-10-17 15:18:31'),
(8, 'Troy Bergstrom', 'Rosemarie Altenwerth IV', 'https://lorempixel.com/640/480/?82532', 'Kavon Fay II', 'Port Herta', '730-957-2754', '1-608-270-2380', 'hayes.elyssa@dickinson.org', 'http://www.pacocha.net/architecto-commodi-soluta-autem-ipsam', '983 Schowalter Ville\nPort Itzelhaven, ME 89857', 'Breitenbergberg', NULL, NULL, '2018-10-17 15:18:31', '2018-10-17 15:18:31'),
(9, 'Mr. Garnet Connelly', 'Deshawn Kris', 'https://lorempixel.com/640/480/?35194', 'Mylene Ziemann', 'Runteshire', '290-983-7279 x09765', '+1.880.945.7922', 'collins.fletcher@konopelski.com', 'http://www.gaylord.com/', '477 Johnston Radial\nNew Marc, WI 64182-5586', 'South Gerardton', NULL, NULL, '2018-10-17 15:18:31', '2018-10-17 15:18:31'),
(10, 'Dr. Aisha Hickle', 'Marcella Robel', 'https://lorempixel.com/640/480/?45924', 'Hans Toy', 'Ladariusbury', '459.361.3156', '602-805-1963 x7090', 'jstark@senger.net', 'http://www.satterfield.net/', '7468 Narciso Loop\nPort Isaias, MA 48378-9366', 'South Gilbert', NULL, NULL, '2018-10-17 15:18:31', '2018-10-17 15:18:31'),
(11, 'Mrs. Bessie Walker I', 'Mrs. Emmalee Okuneva', 'https://lorempixel.com/640/480/?10396', 'Prof. Jett Cruickshank II', 'Candidofurt', '1-308-462-9079 x0909', '(997) 731-5611 x561', 'amira32@spinka.net', 'http://runolfsdottir.com/odit-tempore-possimus-dignissimos-sunt-consequuntur', '85554 Greta Hill Suite 113\nNorth Sebastianbury, TN 32430', 'Edwinashire', NULL, NULL, '2018-10-17 15:18:31', '2018-10-17 15:18:31'),
(12, 'Alverta Feil', 'Dr. Weston Abbott', 'https://lorempixel.com/640/480/?87199', 'Joany Larson', 'Hilmaborough', '+1 (346) 220-4491', '+1-501-748-0558', 'meda90@hamill.info', 'http://www.smitham.info/animi-illum-velit-ut-repudiandae-provident', '8915 Mitchell Keys Suite 705\nPort Freemanport, IN 47588-7912', 'South Ninashire', NULL, NULL, '2018-10-17 15:18:31', '2018-10-17 15:18:31'),
(13, 'Pietro Lehner', 'Dr. Leonard Cremin', 'https://lorempixel.com/640/480/?20355', 'Laisha Sauer', 'Lake Jerry', '(316) 240-0506 x249', '257.245.9614', 'jayne.turner@yundt.biz', 'https://www.batz.com/velit-autem-quae-suscipit', '79248 Funk Well\nGilbertoberg, VA 97790-2244', 'South Kelli', NULL, NULL, '2018-10-17 15:18:31', '2018-10-17 15:18:31'),
(14, 'Dr. Rashad Kessler', 'Nathaniel Cruickshank', 'https://lorempixel.com/640/480/?31344', 'Scot Blick', 'Hayesstad', '1-780-667-4407', '(647) 429-5478', 'katrine87@doyle.com', 'https://www.daugherty.com/molestiae-aut-neque-cum-occaecati-aperiam-eaque', '79257 Annabel Ways Suite 648\nRiverton, MA 24091-8507', 'Koelpinland', NULL, NULL, '2018-10-17 15:18:31', '2018-10-17 15:18:31'),
(15, 'Prof. Gunnar Russel', 'Wilma Jacobi', 'https://lorempixel.com/640/480/?26517', 'Kellen Hand', 'East Bernice', '+1.768.574.5661', '1-323-290-7037', 'adolf.green@bernhard.com', 'http://reynolds.com/', '201 Konopelski Road\nBerniertown, ID 00340-5008', 'Lloydstad', NULL, NULL, '2018-10-17 15:18:31', '2018-10-17 15:18:31'),
(16, 'Dr. Myah Collier MD', 'Nyasia Murphy DDS', 'https://lorempixel.com/640/480/?44166', 'Verda Kautzer', 'Betsyberg', '439.384.5911 x185', '+1.728.786.0720', 'schmidt.joanny@oconnell.biz', 'http://strosin.com/est-aspernatur-non-minus-est-et.html', '71037 D\'Amore Club Apt. 916\nAlecland, NJ 55673', 'Port Maymie', NULL, NULL, '2018-10-17 15:18:31', '2018-10-17 15:18:31'),
(17, 'Hoyt Turner', 'Dr. Demond Bartoletti', 'https://lorempixel.com/640/480/?51698', 'Torrance Legros PhD', 'South Trudie', '+1-414-881-5765', '1-843-419-7465', 'qzboncak@crona.com', 'http://www.crooks.com/culpa-eum-ipsum-nihil-illo-commodi-voluptate', '96674 Volkman Meadow\nLake Tonifort, WY 72228', 'Antoninaburgh', NULL, NULL, '2018-10-17 15:18:31', '2018-10-17 15:18:31'),
(18, 'Dr. Hassie Powlowski DDS', 'Ophelia Boehm Sr.', 'https://lorempixel.com/640/480/?77799', 'Jeremie Rosenbaum', 'Rolfsonborough', '1-676-409-2491 x5440', '1-781-473-9558', 'yasmeen66@beer.net', 'http://macejkovic.com/', '55601 Lafayette Harbor\nEthanbury, MA 55006', 'Annietown', NULL, NULL, '2018-10-17 15:18:31', '2018-10-17 15:18:31'),
(19, 'Kristopher Beier', 'Ardith Donnelly', 'https://lorempixel.com/640/480/?97420', 'Shyanne Tillman', 'West Jalyn', '1-554-815-0989', '(674) 706-5838', 'flatley.ernie@hoppe.com', 'http://www.koepp.org/maiores-velit-molestiae-velit-quibusdam-aperiam.html', '3051 Alanis Camp\nWest Wilma, MT 63296-4983', 'East Beaulah', NULL, NULL, '2018-10-17 15:18:31', '2018-10-17 15:18:31'),
(20, 'Melyssa Koch DVM', 'Gerard Effertz', 'https://lorempixel.com/640/480/?77183', 'Lawson Baumbach', 'Lizethmouth', '837-390-5721', '+1-689-658-1838', 'yesenia04@cole.org', 'https://www.mraz.net/doloremque-quidem-placeat-autem-ipsa-consequatur-deserunt', '943 Eliezer Well\nNorth Ryan, GA 29380-5973', 'Brendonport', NULL, NULL, '2018-10-17 15:18:31', '2018-10-17 15:18:31'),
(21, 'Mrs. Rosemary Gutmann DDS', 'Dr. Brooke Mayer', 'https://lorempixel.com/640/480/?17011', 'Mrs. Kaela Kassulke', 'Port Sigrid', '+1-514-856-3975', '1-763-213-8788', 'edubuque@zulauf.com', 'http://www.rohan.info/recusandae-et-est-at-repudiandae-dolorem-repudiandae', '788 Mills Cape\nEast Eladiomouth, UT 38052-5930', 'Sanfordhaven', NULL, NULL, '2018-10-17 15:18:31', '2018-10-17 15:18:31'),
(22, 'Veronica Nienow', 'Korbin Gerlach Sr.', 'https://lorempixel.com/640/480/?68482', 'Demarcus Gusikowski IV', 'North Dasiaborough', '1-505-915-8603', '(552) 293-6962', 'jeffry44@barrows.com', 'http://damore.com/soluta-ut-aut-dolorem-facere-vel-sed-alias-earum', '792 Lang Union Suite 738\nSouth Audie, NJ 19021-7181', 'South Ara', NULL, NULL, '2018-10-17 15:18:31', '2018-10-17 15:18:31'),
(23, 'Haylee Terry', 'Mr. Laron Schinner', 'https://lorempixel.com/640/480/?36498', 'Corene Breitenberg', 'Hintzfurt', '(446) 413-7433 x76587', '(559) 823-6329', 'jedidiah58@conroy.org', 'http://bode.info/tenetur-et-et-quo-libero-dolorum.html', '85560 Rosa Fords\nEmmatown, PA 42873', 'Reinachester', NULL, NULL, '2018-10-17 15:18:31', '2018-10-17 15:18:31'),
(24, 'Prof. Jayde Trantow', 'Stevie Cartwright', 'https://lorempixel.com/640/480/?42827', 'Bailee Jacobson', 'Bradtkeville', '383.499.0429', '867-250-0982 x9054', 'savanna98@ledner.net', 'http://www.brekke.com/neque-perspiciatis-laboriosam-voluptates.html', '1911 Roslyn Drives\nPort Betsymouth, MD 86068', 'Dahliaton', NULL, NULL, '2018-10-17 15:18:31', '2018-10-17 15:18:31'),
(25, 'Della Cronin', 'Prof. Lawrence Harber Sr.', 'https://lorempixel.com/640/480/?52940', 'Fabiola Ondricka', 'Franeckiburgh', '(775) 667-2423 x5885', '880.622.5004 x7636', 'gibson.annetta@kunde.com', 'http://white.com/', '1830 Brad Turnpike Apt. 565\nWardtown, MT 29323', 'East Tierra', NULL, NULL, '2018-10-17 15:18:31', '2018-10-17 15:18:31'),
(26, 'Tracey Casper PhD', 'Orval Wehner MD', 'https://lorempixel.com/640/480/?62400', 'Meredith Schuppe', 'Metzbury', '864.276.4416', '336.510.5943', 'witting.camden@rempel.org', 'http://barrows.com/blanditiis-quaerat-adipisci-nulla-earum-illo-molestias-adipisci.html', '4786 Runte Overpass\nLake Clementineside, OR 77745', 'North Alexandreberg', NULL, NULL, '2018-10-17 15:18:31', '2018-10-17 15:18:31'),
(27, 'Mrs. Veronica Hermiston', 'Lindsey Schuppe I', 'https://lorempixel.com/640/480/?53967', 'Ivah Yost V', 'Lake Brooksmouth', '(203) 266-6170 x2393', '556.473.3671', 'mwillms@hayes.com', 'https://okon.com/itaque-rerum-facilis-in.html', '52278 Emanuel Curve Suite 241\nNew Danial, NH 31629', 'East Janisborough', NULL, NULL, '2018-10-17 15:18:31', '2018-10-17 15:18:31'),
(28, 'Matt Nader', 'Mr. Unique Labadie', 'https://lorempixel.com/640/480/?60537', 'Isaias Cummerata', 'Champlinburgh', '(585) 375-5193 x6153', '+1 (986) 991-7173', 'khowe@anderson.com', 'http://www.klein.com/praesentium-itaque-saepe-minima-excepturi-eos-autem-et', '7719 Tremblay Square Suite 138\nRowenashire, WV 02974', 'Enosland', NULL, NULL, '2018-10-17 15:18:31', '2018-10-17 15:18:31'),
(29, 'Celestino Graham', 'Brannon Kuhlman', 'https://lorempixel.com/640/480/?61502', 'Connie Schulist Sr.', 'Rippinview', '747-763-4567 x934', '725-782-8543', 'runolfsson.audra@white.com', 'http://www.swaniawski.com/cumque-ut-velit-possimus-distinctio-quam-beatae-quas.html', '448 Conn Springs Suite 503\nNoeton, UT 30813-4166', 'Muellerstad', NULL, NULL, '2018-10-17 15:18:31', '2018-10-17 15:18:31'),
(30, 'Lauren Reinger', 'Dr. Lina Kihn DDS', 'https://lorempixel.com/640/480/?75632', 'Kennedy Stroman', 'Lake Hattiehaven', '1-463-603-2623', '807-854-3085', 'juwan94@miller.org', 'http://mitchell.org/', '58703 Darlene Squares Suite 940\nPort Vickyborough, CT 47339', 'Port Violet', NULL, NULL, '2018-10-17 15:18:31', '2018-10-17 15:18:31'),
(31, 'Herta Fritsch V', 'Prof. Ruthie Homenick I', 'https://lorempixel.com/640/480/?90197', 'Raymundo Feil', 'Port Anselstad', '738.366.3799 x34933', '(789) 986-1424 x0281', 'johnson.favian@damore.biz', 'http://wiegand.org/similique-veniam-adipisci-est-ipsa', '808 Coty Stravenue\nSouth Wilfredoborough, VT 63007', 'East Clevelandtown', NULL, NULL, '2018-10-17 15:18:31', '2018-10-17 15:18:31'),
(32, 'Deja Ryan', 'Monserrate Gutkowski', 'https://lorempixel.com/640/480/?86627', 'Hadley Casper', 'Candidafort', '(882) 725-6762 x7309', '946-949-0850 x0401', 'leilani58@reynolds.com', 'http://www.barton.com/laborum-aut-nihil-vero-omnis-nulla-voluptatem', '97480 Ruecker Harbor Apt. 626\nNew Armand, VT 94379', 'Kovacekmouth', NULL, NULL, '2018-10-17 15:18:31', '2018-10-17 15:18:31'),
(33, 'Dina Fadel DVM', 'Miss Name Jerde', 'https://lorempixel.com/640/480/?75330', 'Prof. Blaise Eichmann', 'Kileyberg', '1-895-696-7362 x3931', '+1-681-513-7174', 'moore.herman@pfannerstill.biz', 'https://langosh.com/ut-cumque-sit-repudiandae-quia-eum-ea.html', '93178 Bruen Center\nZboncakbury, SD 91695-1836', 'Osinskiport', NULL, NULL, '2018-10-17 15:18:31', '2018-10-17 15:18:31'),
(34, 'General Bernier', 'Prof. Houston Williamson Jr.', 'https://lorempixel.com/640/480/?42013', 'William Bashirian', 'Port Ubaldoland', '674.705.9586 x76143', '986.645.2591 x848', 'gcrist@bogisich.com', 'http://www.nitzsche.com/enim-libero-nisi-minus-nihil', '4735 Florencio Lake Suite 123\nHyattport, PA 48719-2838', 'Lake Mossie', NULL, NULL, '2018-10-17 15:18:31', '2018-10-17 15:18:31'),
(35, 'Eloise Little Sr.', 'Miss Patience Bayer', 'https://lorempixel.com/640/480/?95134', 'Ms. Dannie Stracke Sr.', 'East Kali', '(804) 834-8392', '627.613.0605 x714', 'florencio.turcotte@jacobi.com', 'http://www.watsica.com/', '2957 Brown Lane\nNorth Merl, MS 08278', 'South Noeliafort', NULL, NULL, '2018-10-17 15:18:31', '2018-10-17 15:18:31'),
(36, 'Margaretta Waelchi', 'Zoe VonRueden', 'https://lorempixel.com/640/480/?31906', 'Tillman Oberbrunner', 'Clinthaven', '575-627-9689', '+1.341.424.7863', 'christina59@boyle.com', 'http://mclaughlin.com/voluptatum-rerum-quae-iste-veniam-possimus', '8133 Tromp Row Suite 326\nNew Sonya, IA 04152-0035', 'Williamsonborough', NULL, NULL, '2018-10-17 15:18:31', '2018-10-17 15:18:31'),
(37, 'Felipa Weber', 'Jesus Sawayn', 'https://lorempixel.com/640/480/?10132', 'Ms. Wilhelmine Blick', 'Homenickfort', '(945) 433-8422 x94099', '(421) 615-7472', 'vswift@hagenes.com', 'https://murazik.biz/quos-dolor-eos-in-et-nisi-recusandae-ipsum.html', '791 Marilyne Parks\nLake Annetteburgh, WV 74315-2033', 'Lake Alberta', NULL, NULL, '2018-10-17 15:18:31', '2018-10-17 15:18:31'),
(38, 'Dr. Ole Flatley', 'Jayda Huel Jr.', 'https://lorempixel.com/640/480/?85822', 'Carolanne Oberbrunner', 'Josefaburgh', '(889) 255-8692 x6272', '(693) 635-0569', 'lhickle@kuhn.biz', 'http://www.renner.org/', '5421 Erick Court\nHirtheshire, OR 55905', 'East Jada', NULL, NULL, '2018-10-17 15:18:31', '2018-10-17 15:18:31'),
(39, 'Asha Weissnat', 'Ubaldo Batz', 'https://lorempixel.com/640/480/?55688', 'Prof. Martine Murazik I', 'New Rosinamouth', '254.870.9150 x9825', '+1-934-386-4406', 'beatty.maribel@wehner.com', 'http://www.borer.org/consequatur-eum-accusantium-non-eius-aspernatur-omnis-odio.html', '25078 Keeling Mall\nMarvinburgh, LA 60370-7986', 'East Lillian', NULL, NULL, '2018-10-17 15:18:31', '2018-10-17 15:18:31'),
(40, 'Tito Rosenbaum', 'Kyleigh Ullrich', 'https://lorempixel.com/640/480/?17116', 'Tyrell Waters DDS', 'Fritschburgh', '(460) 327-9392', '912-440-2990 x3836', 'ymante@konopelski.info', 'http://www.willms.com/consequatur-distinctio-qui-numquam-distinctio-ut-iste-molestiae', '563 Ryleigh Squares\nEast Avamouth, VT 49011', 'Leoburgh', NULL, NULL, '2018-10-17 15:18:31', '2018-10-17 15:18:31'),
(41, 'Jeanne Connelly', 'Karianne Ferry', 'https://lorempixel.com/640/480/?30963', 'Mrs. Esmeralda Marks', 'Port Tommie', '+1-552-753-9491', '987.237.2946 x623', 'goyette.tia@marvin.info', 'https://www.hayes.com/error-incidunt-sed-aspernatur-quis-saepe-placeat', '167 Lockman Crossroad Suite 899\nLake Onieton, OR 08904-1389', 'O\'Connellchester', NULL, NULL, '2018-10-17 15:18:31', '2018-10-17 15:18:31'),
(42, 'Jacky Hayes', 'Ole Tremblay', 'https://lorempixel.com/640/480/?10215', 'Dannie Mertz', 'Wisokymouth', '301.903.8333 x253', '1-481-423-0240', 'freilly@bashirian.org', 'http://schulist.com/alias-minus-ut-et-rerum', '764 Johnson Falls Suite 085\nLake Ramonaton, ME 81476-7462', 'Hamillbury', NULL, NULL, '2018-10-17 15:18:31', '2018-10-17 15:18:31'),
(43, 'Rolando Nikolaus', 'Bradly Cruickshank', 'https://lorempixel.com/640/480/?60183', 'Jayce Beatty', 'Starkfort', '+1-693-423-3481', '(437) 286-8761', 'shanahan.elouise@kihn.org', 'http://www.shanahan.com/architecto-sunt-commodi-vel-quidem-et-reiciendis-quo', '302 Ransom Shore\nWatsonhaven, VA 18305', 'Klingside', NULL, NULL, '2018-10-17 15:18:31', '2018-10-17 15:18:31'),
(44, 'Grant West', 'Davon Fay', 'https://lorempixel.com/640/480/?64384', 'Favian Williamson', 'Wintheiserside', '(264) 602-8817', '1-740-275-7249', 'alda.kuvalis@nienow.com', 'http://www.gibson.org/et-hic-voluptatem-fuga', '166 Cindy Prairie\nBergstrommouth, NM 70526', 'Derrickburgh', NULL, NULL, '2018-10-17 15:18:31', '2018-10-17 15:18:31'),
(45, 'Kristin Dach', 'Lucious Ullrich DDS', 'https://lorempixel.com/640/480/?14865', 'Tia Cremin III', 'East Keltonburgh', '+1 (387) 493-6968', '(503) 789-8666', 'myrtice.shanahan@mayer.com', 'http://www.hane.net/illo-provident-sequi-quo', '7998 Jaskolski Viaduct Suite 167\nStellabury, DC 54199-1607', 'West Jacqueshaven', NULL, NULL, '2018-10-17 15:18:31', '2018-10-17 15:18:31'),
(46, 'Felton Senger', 'Miss Marilyne Bartoletti Sr.', 'https://lorempixel.com/640/480/?55369', 'Reta Pollich', 'North Luther', '1-663-246-4757', '+1 (434) 281-7272', 'emard.kylie@grimes.com', 'http://greenfelder.biz/eos-incidunt-molestiae-tempore-vel-et-dolor.html', '966 Collier Burg\nPort Quentin, MN 23783-9304', 'Hattieton', NULL, NULL, '2018-10-17 15:18:31', '2018-10-17 15:18:31'),
(47, 'Kennedy Macejkovic I', 'Vern Turcotte', 'https://lorempixel.com/640/480/?48522', 'Eloisa Greenholt III', 'Yoststad', '1-980-425-0839', '784.995.0788', 'dameon.nicolas@okon.com', 'http://www.mcclure.biz/ipsa-quia-hic-asperiores-ea-est-amet', '5749 Aufderhar Ranch Suite 387\nNorth Constance, DC 36652-1450', 'Jayceton', NULL, NULL, '2018-10-17 15:18:31', '2018-10-17 15:18:31'),
(48, 'Miss Katrina Larson MD', 'Prof. Brennan Mann IV', 'https://lorempixel.com/640/480/?40281', 'Emerald Bauch', 'South Leonie', '892.678.0920', '1-714-931-7876 x348', 'fernando31@breitenberg.info', 'https://www.kling.com/vitae-quas-consequuntur-iure-minus-labore-reiciendis-et', '20325 Bins Burg\nBraxtonmouth, AR 31448', 'New Kipchester', NULL, NULL, '2018-10-17 15:18:31', '2018-10-17 15:18:31'),
(49, 'Ramiro Gleichner', 'Bradly Schmitt IV', 'https://lorempixel.com/640/480/?76419', 'Prof. Reinhold Stanton Sr.', 'Buddyport', '1-434-272-2150 x3950', '529.953.4130', 'kulas.javier@wolff.com', 'https://funk.net/magni-esse-ex-voluptatem-nulla-in-sunt.html', '9393 Nasir Via Suite 033\nWilmashire, NY 36519', 'North Mackenzie', NULL, NULL, '2018-10-17 15:18:31', '2018-10-17 15:18:31'),
(50, 'Agnes Bartell', 'Domenick Rutherford', 'https://lorempixel.com/640/480/?24712', 'Prof. Gayle O\'Hara', 'Nadershire', '375-540-5518 x286', '671-867-4900 x058', 'mcdermott.erik@tremblay.com', 'https://www.jones.com/neque-porro-quo-et-incidunt-qui-eos-provident', '47400 Ova Ford Suite 102\nWest Green, VA 35608', 'Runteside', NULL, NULL, '2018-10-17 15:18:31', '2018-10-17 15:18:31');

-- --------------------------------------------------------

--
-- Table structure for table `supplier_payment`
--

CREATE TABLE `supplier_payment` (
  `id` int(10) UNSIGNED NOT NULL,
  `payment_type` enum('cash','credit') COLLATE utf8mb4_unicode_ci NOT NULL,
  `credit_limit` varchar(255) COLLATE utf8mb4_unicode_ci DEFAULT NULL,
  `remaining_limit` varchar(255) COLLATE utf8mb4_unicode_ci DEFAULT NULL,
  `restrict` enum('on','off') COLLATE utf8mb4_unicode_ci NOT NULL,
  `credit_period` varchar(255) COLLATE utf8mb4_unicode_ci DEFAULT NULL,
  `period_renewal` date DEFAULT NULL,
  `payment_due_date` varchar(255) COLLATE utf8mb4_unicode_ci DEFAULT NULL,
  `supplier_id` bigint(20) UNSIGNED NOT NULL,
  `created_by_user_id` bigint(20) UNSIGNED DEFAULT NULL,
  `updated_by_user_id` bigint(20) UNSIGNED DEFAULT NULL,
  `created_at` timestamp NULL DEFAULT NULL,
  `updated_at` timestamp NULL DEFAULT NULL
) ENGINE=InnoDB DEFAULT CHARSET=utf8mb4 COLLATE=utf8mb4_unicode_ci;

--
-- Dumping data for table `supplier_payment`
--

INSERT INTO `supplier_payment` (`id`, `payment_type`, `credit_limit`, `remaining_limit`, `restrict`, `credit_period`, `period_renewal`, `payment_due_date`, `supplier_id`, `created_by_user_id`, `updated_by_user_id`, `created_at`, `updated_at`) VALUES
(1, 'credit', '87772', '93698', 'on', '15', '2018-10-17', '10', 49, NULL, NULL, '2018-10-17 15:18:29', '2018-10-17 15:18:29'),
(2, 'credit', '29942', '63891', 'off', '30', '2018-10-17', '26', 29, NULL, NULL, '2018-10-17 15:18:29', '2018-10-17 15:18:29'),
(3, 'cash', NULL, NULL, 'off', NULL, NULL, NULL, 33, NULL, NULL, '2018-10-17 15:18:29', '2018-10-17 15:18:29'),
(4, 'cash', NULL, NULL, 'on', NULL, NULL, NULL, 38, NULL, NULL, '2018-10-17 15:18:29', '2018-10-17 15:18:29'),
(5, 'cash', NULL, NULL, 'on', NULL, NULL, NULL, 50, NULL, NULL, '2018-10-17 15:18:29', '2018-10-17 15:18:29'),
(6, 'cash', NULL, NULL, 'off', NULL, NULL, NULL, 18, NULL, NULL, '2018-10-17 15:18:29', '2018-10-17 15:18:29'),
(7, 'cash', NULL, NULL, 'on', NULL, NULL, NULL, 20, NULL, NULL, '2018-10-17 15:18:29', '2018-10-17 15:18:29'),
(8, 'credit', '49819', '23018', 'off', '45', '2018-10-17', '15', 23, NULL, NULL, '2018-10-17 15:18:29', '2018-10-17 15:18:29'),
(9, 'credit', '90436', '65387', 'off', '30', '2018-10-17', '21', 19, NULL, NULL, '2018-10-17 15:18:29', '2018-10-17 15:18:29'),
(10, 'credit', '23202', '66930', 'off', '30', '2018-10-17', '28', 19, NULL, NULL, '2018-10-17 15:18:29', '2018-10-17 15:18:29'),
(11, 'credit', '51824', '50619', 'on', '90', '2018-10-17', '27', 49, NULL, NULL, '2018-10-17 15:18:29', '2018-10-17 15:18:29'),
(12, 'credit', '83483', '56610', 'off', '90', '2018-10-17', '20', 17, NULL, NULL, '2018-10-17 15:18:29', '2018-10-17 15:18:29'),
(13, 'cash', NULL, NULL, 'on', NULL, NULL, NULL, 33, NULL, NULL, '2018-10-17 15:18:29', '2018-10-17 15:18:29'),
(14, 'credit', '54826', '78357', 'on', '45', '2018-10-17', '4', 12, NULL, NULL, '2018-10-17 15:18:29', '2018-10-17 15:18:29'),
(15, 'cash', NULL, NULL, 'on', NULL, NULL, NULL, 50, NULL, NULL, '2018-10-17 15:18:29', '2018-10-17 15:18:29'),
(16, 'cash', NULL, NULL, 'on', NULL, NULL, NULL, 21, NULL, NULL, '2018-10-17 15:18:29', '2018-10-17 15:18:29'),
(17, 'credit', '23820', '22688', 'on', '60', '2018-10-17', '14', 44, NULL, NULL, '2018-10-17 15:18:29', '2018-10-17 15:18:29'),
(18, 'cash', NULL, NULL, 'on', NULL, NULL, NULL, 29, NULL, NULL, '2018-10-17 15:18:29', '2018-10-17 15:18:29'),
(19, 'credit', '38126', '84710', 'off', '90', '2018-10-17', '30', 44, NULL, NULL, '2018-10-17 15:18:29', '2018-10-17 15:18:29'),
(20, 'credit', '33780', '73558', 'on', '60', '2018-10-17', '19', 42, NULL, NULL, '2018-10-17 15:18:29', '2018-10-17 15:18:29'),
(21, 'credit', '97690', '36860', 'off', '90', '2018-10-17', '13', 19, NULL, NULL, '2018-10-17 15:18:29', '2018-10-17 15:18:29'),
(22, 'credit', '60439', '15926', 'on', '60', '2018-10-17', '26', 36, NULL, NULL, '2018-10-17 15:18:29', '2018-10-17 15:18:29'),
(23, 'cash', NULL, NULL, 'on', NULL, NULL, NULL, 45, NULL, NULL, '2018-10-17 15:18:29', '2018-10-17 15:18:29'),
(24, 'cash', NULL, NULL, 'off', NULL, NULL, NULL, 3, NULL, NULL, '2018-10-17 15:18:29', '2018-10-17 15:18:29'),
(25, 'cash', NULL, NULL, 'off', NULL, NULL, NULL, 11, NULL, NULL, '2018-10-17 15:18:29', '2018-10-17 15:18:29'),
(26, 'credit', '84103', '48039', 'off', '60', '2018-10-17', '17', 32, NULL, NULL, '2018-10-17 15:18:29', '2018-10-17 15:18:29'),
(27, 'cash', NULL, NULL, 'off', NULL, NULL, NULL, 15, NULL, NULL, '2018-10-17 15:18:29', '2018-10-17 15:18:29'),
(28, 'cash', NULL, NULL, 'on', NULL, NULL, NULL, 47, NULL, NULL, '2018-10-17 15:18:29', '2018-10-17 15:18:29'),
(29, 'cash', NULL, NULL, 'off', NULL, NULL, NULL, 11, NULL, NULL, '2018-10-17 15:18:29', '2018-10-17 15:18:29'),
(30, 'cash', NULL, NULL, 'on', NULL, NULL, NULL, 40, NULL, NULL, '2018-10-17 15:18:29', '2018-10-17 15:18:29'),
(31, 'credit', '38593', '54504', 'off', '60', '2018-10-17', '15', 35, NULL, NULL, '2018-10-17 15:18:29', '2018-10-17 15:18:29'),
(32, 'credit', '99387', '53326', 'on', '45', '2018-10-17', '2', 47, NULL, NULL, '2018-10-17 15:18:29', '2018-10-17 15:18:29'),
(33, 'cash', NULL, NULL, 'off', NULL, NULL, NULL, 43, NULL, NULL, '2018-10-17 15:18:29', '2018-10-17 15:18:29'),
(34, 'credit', '52999', '29338', 'off', '60', '2018-10-17', '7', 42, NULL, NULL, '2018-10-17 15:18:29', '2018-10-17 15:18:29'),
(35, 'cash', NULL, NULL, 'off', NULL, NULL, NULL, 46, NULL, NULL, '2018-10-17 15:18:29', '2018-10-17 15:18:29'),
(36, 'cash', NULL, NULL, 'off', NULL, NULL, NULL, 32, NULL, NULL, '2018-10-17 15:18:30', '2018-10-17 15:18:30'),
(37, 'cash', NULL, NULL, 'off', NULL, NULL, NULL, 17, NULL, NULL, '2018-10-17 15:18:30', '2018-10-17 15:18:30'),
(38, 'credit', '69990', '72655', 'off', '90', '2018-10-17', '24', 2, NULL, NULL, '2018-10-17 15:18:30', '2018-10-17 15:18:30'),
(39, 'credit', '43566', '22023', 'on', '90', '2018-10-17', '10', 50, NULL, NULL, '2018-10-17 15:18:30', '2018-10-17 15:18:30'),
(40, 'credit', '20054', '99098', 'on', '60', '2018-10-17', '6', 17, NULL, NULL, '2018-10-17 15:18:30', '2018-10-17 15:18:30'),
(41, 'cash', NULL, NULL, 'off', NULL, NULL, NULL, 29, NULL, NULL, '2018-10-17 15:18:30', '2018-10-17 15:18:30'),
(42, 'credit', '59118', '83962', 'off', '60', '2018-10-17', '5', 31, NULL, NULL, '2018-10-17 15:18:30', '2018-10-17 15:18:30'),
(43, 'credit', '41492', '29045', 'on', '90', '2018-10-17', '6', 14, NULL, NULL, '2018-10-17 15:18:30', '2018-10-17 15:18:30'),
(44, 'credit', '15968', '62638', 'off', '45', '2018-10-17', '24', 1, NULL, NULL, '2018-10-17 15:18:30', '2018-10-17 15:18:30'),
(45, 'credit', '14214', '51054', 'on', '60', '2018-10-17', '19', 41, NULL, NULL, '2018-10-17 15:18:30', '2018-10-17 15:18:30'),
(46, 'credit', '95945', '31163', 'off', '60', '2018-10-17', '11', 13, NULL, NULL, '2018-10-17 15:18:30', '2018-10-17 15:18:30'),
(47, 'credit', '44315', '69565', 'on', '15', '2018-10-17', '26', 3, NULL, NULL, '2018-10-17 15:18:30', '2018-10-17 15:18:30'),
(48, 'cash', NULL, NULL, 'on', NULL, NULL, NULL, 38, NULL, NULL, '2018-10-17 15:18:30', '2018-10-17 15:18:30'),
(49, 'cash', NULL, NULL, 'off', NULL, NULL, NULL, 15, NULL, NULL, '2018-10-17 15:18:30', '2018-10-17 15:18:30'),
(50, 'credit', '44673', '25269', 'on', '45', '2018-10-17', '6', 27, NULL, NULL, '2018-10-17 15:18:30', '2018-10-17 15:18:30');

-- --------------------------------------------------------

--
-- Table structure for table `users`
--

CREATE TABLE `users` (
  `id` int(10) UNSIGNED NOT NULL,
  `name` varchar(255) COLLATE utf8mb4_unicode_ci NOT NULL,
  `email` varchar(255) COLLATE utf8mb4_unicode_ci NOT NULL,
  `password` varchar(255) COLLATE utf8mb4_unicode_ci NOT NULL,
  `created_by_user_id` bigint(20) UNSIGNED DEFAULT NULL,
  `updated_by_user_id` bigint(20) UNSIGNED DEFAULT NULL,
  `remember_token` varchar(100) COLLATE utf8mb4_unicode_ci DEFAULT NULL,
  `created_at` timestamp NULL DEFAULT NULL,
  `updated_at` timestamp NULL DEFAULT NULL
) ENGINE=InnoDB DEFAULT CHARSET=utf8mb4 COLLATE=utf8mb4_unicode_ci;

--
-- Dumping data for table `users`
--

INSERT INTO `users` (`id`, `name`, `email`, `password`, `created_by_user_id`, `updated_by_user_id`, `remember_token`, `created_at`, `updated_at`) VALUES
(1, 'admin', 'admin@supplium.co', '$2y$10$/QrTBWpjSKtLQN0Gr/OpouKFvTDMkhxdeUJWqK/RbcA5QQBdSe6Je', NULL, NULL, NULL, '2018-10-17 15:18:11', '2018-10-17 15:18:11'),
(2, 'Mrs. Eldora Harvey', 'isai01@yahoo.com', '$2y$10$Kr6/AqYfPPS7J28nDwK56.PJHQUPHadgsU1EIf.sz5w47KKhalFYK', NULL, NULL, NULL, '2018-10-17 15:18:11', '2018-10-17 15:18:11'),
(3, 'Santina Lehner', 'abbie90@white.org', '$2y$10$7xPj6o4sA4jfR1MJFRtPSem5tNhNsd3D1QePVbCiHjoUJvDT.yemC', NULL, NULL, NULL, '2018-10-17 15:18:11', '2018-10-17 15:18:11'),
(4, 'Elliot Hauck V', 'olangworth@johns.com', '$2y$10$bF4pMCultv6ylniKVxZBE.CWwYgBPqzhvufzszi6tcaLn56nVup7y', NULL, NULL, NULL, '2018-10-17 15:18:12', '2018-10-17 15:18:12'),
(5, 'Whitney Langworth Jr.', 'fermin01@gmail.com', '$2y$10$xZEsMd3cziKxNZgGK7VZze98zCjKPdkqQQxs8/B1fcbk7AaV41cNK', NULL, NULL, NULL, '2018-10-17 15:18:12', '2018-10-17 15:18:12'),
(6, 'Dr. Domenic Haley I', 'tremblay.sabina@hotmail.com', '$2y$10$G0pQqiMuq3T1.lH0JFlFa.7ghew.5ohH6QYtSwZgdCC1XGEsmIKAK', NULL, NULL, NULL, '2018-10-17 15:18:12', '2018-10-17 15:18:12'),
(7, 'Dion Hegmann', 'murphy.kaela@wolff.com', '$2y$10$jdNP4yrbyYDYAP6ir2frCO0jqXu.1cWY8.8Nx.3VziQ4o49aBJhFu', NULL, NULL, NULL, '2018-10-17 15:18:12', '2018-10-17 15:18:12'),
(8, 'Preston Kihn', 'yjohnson@mcclure.com', '$2y$10$QlS5TPcCUQGx9L1uDzp4se0IQJVXy6IUnn3kVreO6xWvNG1i/nDiy', NULL, NULL, NULL, '2018-10-17 15:18:12', '2018-10-17 15:18:12'),
(9, 'Tristian Schmeler', 'nina58@hessel.com', '$2y$10$HeZ3ohSSJb4HOQtsvwBIieVOcS67ehSBEi.XtoQ0Qv/junlNnzePq', NULL, NULL, NULL, '2018-10-17 15:18:12', '2018-10-17 15:18:12'),
(10, 'Amir Schmitt', 'fisher.bobby@vonrueden.net', '$2y$10$OCguJpG1Pni7hN4sY4NaBuKQgB/solaBhwocfznL70zqFTeIs2yzO', NULL, NULL, NULL, '2018-10-17 15:18:12', '2018-10-17 15:18:12'),
(11, 'Miss Bridgette Kessler', 'vkunze@hotmail.com', '$2y$10$7quTm3VSpll5Q44dVofPGuof5n3g9TaMqoe7mbtXA8POb6UF.yXv6', NULL, NULL, NULL, '2018-10-17 15:18:12', '2018-10-17 15:18:12'),
(12, 'Melody Wyman', 'jarred47@hotmail.com', '$2y$10$iGbvt6oTgH3a6hkmz7tLIesV/6tluFqFIqkNz4jRXJA.Nzpg9pShS', NULL, NULL, NULL, '2018-10-17 15:18:12', '2018-10-17 15:18:12'),
(13, 'Dr. Mable Daugherty', 'bins.wilford@hotmail.com', '$2y$10$FA3pA1k4JwlsTSYnmi0RbOHUIn/KIN8QbVLm5YfKwddHxIwUHe3JW', NULL, NULL, NULL, '2018-10-17 15:18:12', '2018-10-17 15:18:12'),
(14, 'Prof. Kayla Braun', 'mschuppe@hotmail.com', '$2y$10$grs9sR80HlFTWz3/ci/bBuogYB7PQ/OZJNv1gCdlyNtSYAAxsRC0a', NULL, NULL, NULL, '2018-10-17 15:18:12', '2018-10-17 15:18:12'),
(15, 'Maurice Mitchell', 'bernier.belle@reinger.com', '$2y$10$LlDro8L.M2TsDSMInu2nOet5C0bHU9/usmQoqd9l6MeleAj1u9di.', NULL, NULL, NULL, '2018-10-17 15:18:12', '2018-10-17 15:18:12'),
(16, 'Prof. Jeanie Lowe', 'devon62@bechtelar.com', '$2y$10$OItjjUl47GyTzua4oNJP4.7j1KowuL75JhhBdbhUM/VfBL9JoRI86', NULL, NULL, NULL, '2018-10-17 15:18:12', '2018-10-17 15:18:12'),
(17, 'Mrs. Celestine Eichmann', 'paxton.altenwerth@yahoo.com', '$2y$10$x8Pa8zatK1GPUXE1wC/Xm.TqbXpEKxwIY6r1nqonSbDj2.evGtInq', NULL, NULL, NULL, '2018-10-17 15:18:13', '2018-10-17 15:18:13'),
(18, 'Tyrese D\'Amore', 'rbauch@hansen.com', '$2y$10$U759MNn06fCGF0yaL7f4tej.3kfuV8ZzCuLwB2bu8IFITmtPbbwe.', NULL, NULL, NULL, '2018-10-17 15:18:13', '2018-10-17 15:18:13'),
(19, 'Mrs. Maya Berge', 'keyshawn.legros@klocko.org', '$2y$10$2yaFtNmGoaJI2VtJMJLZn.cFeAKrlap8vRzJs1SH57KjCF96VvL9m', NULL, NULL, NULL, '2018-10-17 15:18:13', '2018-10-17 15:18:13'),
(20, 'Alford Quitzon', 'floy.schmitt@gmail.com', '$2y$10$ZaM8nSf6tc6DAv./T0ugSurBhzt2mNIkpIveCJOJfS/ye2kJG6dTW', NULL, NULL, NULL, '2018-10-17 15:18:13', '2018-10-17 15:18:13'),
(21, 'Francisco McCullough DVM', 'federico.rempel@murphy.biz', '$2y$10$3iIbbm9NdhCD4JyOWcdDN.bR8n3ytGWffVFBFEG6FfquAKyb4ON1u', NULL, NULL, NULL, '2018-10-17 15:18:13', '2018-10-17 15:18:13'),
(22, 'Susana Langosh', 'kkohler@hotmail.com', '$2y$10$0SHRkv7X.WuZ62p/r/aZHeGyk/Q0UxCaimVOVn6nSPZR65FqCalhS', NULL, NULL, NULL, '2018-10-17 15:18:13', '2018-10-17 15:18:13'),
(23, 'Tanner Thiel DDS', 'koss.jordi@hotmail.com', '$2y$10$jGP6YSQcCbafSgKN/6QPZ.huACAZyNKvDqUrKrhwquQ2NXekXZR.2', NULL, NULL, NULL, '2018-10-17 15:18:13', '2018-10-17 15:18:13'),
(24, 'Alan Balistreri Jr.', 'sfarrell@yahoo.com', '$2y$10$nV/lgP.zOSjwwKbZVtgca.Ny6Lvju1rp/KkM/cxueRz3C5cLCLa5G', NULL, NULL, NULL, '2018-10-17 15:18:13', '2018-10-17 15:18:13'),
(25, 'Brady Brekke I', 'ziemann.garland@hotmail.com', '$2y$10$zbZjdZGhWya2dL9yUGn0UuDEzHzXPT.1SWPDBRRUq71RC2Uc368gu', NULL, NULL, NULL, '2018-10-17 15:18:13', '2018-10-17 15:18:13'),
(26, 'Justice McGlynn II', 'ilittel@okon.com', '$2y$10$eJ7F08ARs7yUO7nERdgwhOO8Ih1ikV9OIRGw7H0i84K/UE9v.HuBe', NULL, NULL, NULL, '2018-10-17 15:18:13', '2018-10-17 15:18:13'),
(27, 'Bryce Hermann', 'amanda.greenfelder@gmail.com', '$2y$10$/wEcikPmNfdZY4gt9wx1a.KCPIwp3uRztk9ka1KgsnYeEZYVluhfm', NULL, NULL, NULL, '2018-10-17 15:18:13', '2018-10-17 15:18:13'),
(28, 'Karson Kuhn', 'mona18@hotmail.com', '$2y$10$6s.Enf9ntHN7fNOs2GLg1OLtnTBltWz2UkYrUUaqvrfMCmnLuXo0C', NULL, NULL, NULL, '2018-10-17 15:18:13', '2018-10-17 15:18:13'),
(29, 'Clarissa Feest', 'hilario.murazik@gmail.com', '$2y$10$NHjK.7IwFPQmuRbOYqcEkOmxmo5Y9YcK8Y5fkSoUQll5srSTdyDJ.', NULL, NULL, NULL, '2018-10-17 15:18:14', '2018-10-17 15:18:14'),
(30, 'Emory Roberts II', 'aric95@heidenreich.org', '$2y$10$BYz/Dl7DwXzO/6nGU7cIDO2xnOSqSSh.UzEPzYQ6RWxcKmLQSm3si', NULL, NULL, NULL, '2018-10-17 15:18:14', '2018-10-17 15:18:14'),
(31, 'Mya Boyer', 'reese.schowalter@hotmail.com', '$2y$10$FGBOdKYxgyvSCINZdr665udAwl3AlP/UTNBOoP0YZgOOEoq6zy9nS', NULL, NULL, NULL, '2018-10-17 15:18:14', '2018-10-17 15:18:14'),
(32, 'Travis Rau IV', 'dandre42@fadel.biz', '$2y$10$f0heGkGrjF.nQLX7b5p6COhnYY4TNeK0xNRxhpIis6ZsJmI6OYtpy', NULL, NULL, NULL, '2018-10-17 15:18:14', '2018-10-17 15:18:14'),
(33, 'Jolie Schamberger Sr.', 'tillman20@fadel.net', '$2y$10$kxiQjTCg4Nck8gGrMdMG3ezGqLZufkTfdwu0O1cygPtGgsehWXOuW', NULL, NULL, NULL, '2018-10-17 15:18:14', '2018-10-17 15:18:14'),
(34, 'Susie Von DVM', 'wiegand.frances@gmail.com', '$2y$10$fm5TgKjtN/pS1HPyNZCNdeaVKA477K4ChzGV62O8lm/xlRSzcrgFG', NULL, NULL, NULL, '2018-10-17 15:18:14', '2018-10-17 15:18:14'),
(35, 'Derek Herman', 'charber@cormier.net', '$2y$10$gA9dRQY9UTtE9o5RF7H/5eXctpDPc3m27vs04rYnvmLFJ0qaSpLDS', NULL, NULL, NULL, '2018-10-17 15:18:14', '2018-10-17 15:18:14'),
(36, 'Dolores Robel', 'mitchell83@quitzon.info', '$2y$10$yqdAQyAaOQAr6RrFPX5YbO/FFeSsolF2ecbgU6zqw4/4lNfK2j84a', NULL, NULL, NULL, '2018-10-17 15:18:14', '2018-10-17 15:18:14'),
(37, 'Kamren Marquardt', 'fwilkinson@gmail.com', '$2y$10$50Q5SD98d6eXxG0982A5V.n7INKtkD3M3MhkqpCKihWfER2AnObiy', NULL, NULL, NULL, '2018-10-17 15:18:14', '2018-10-17 15:18:14'),
(38, 'Miss Christa Jerde', 'wolf.amiya@gmail.com', '$2y$10$EONJGrCqpDmke7.b4iQEROpKqGHkj/z2au2QNTlLXznT.ucoZ3i8.', NULL, NULL, NULL, '2018-10-17 15:18:14', '2018-10-17 15:18:14'),
(39, 'Avis Wilkinson', 'oschimmel@russel.net', '$2y$10$d8QnXm31cYEUm38joy4Wse7QnMxPKP0eJHIPNrYJalg6KnKuUEQVK', NULL, NULL, NULL, '2018-10-17 15:18:14', '2018-10-17 15:18:14'),
(40, 'Kip DuBuque', 'akonopelski@hamill.com', '$2y$10$F8.cmMZSoSSsQbZcankjAeB5/hi1ojjq5I8r/L2rGMIURtgfj1n7C', NULL, NULL, NULL, '2018-10-17 15:18:14', '2018-10-17 15:18:14'),
(41, 'Marjorie Cummerata', 'greenfelder.lauryn@marquardt.info', '$2y$10$qrbOxxo2LPJ0z6YW7Gin2.PZQl/AagT1kqTM8eEgTxiSYP92cTb0e', NULL, NULL, NULL, '2018-10-17 15:18:15', '2018-10-17 15:18:15'),
(42, 'Dr. Reynold Cruickshank Sr.', 'robin49@gmail.com', '$2y$10$1p8mAOcrKGp4BPKW2psWUO4WPDrgF6Op7xm1.e17JJ03avOU7CJvy', NULL, NULL, NULL, '2018-10-17 15:18:15', '2018-10-17 15:18:15'),
(43, 'Ms. Lura Walker', 'tyrese40@strosin.com', '$2y$10$hxZU5iFIYgVggQuog0YVw.PofJQn29/TkM8n8eWh3wKREqlA6mSrW', NULL, NULL, NULL, '2018-10-17 15:18:15', '2018-10-17 15:18:15'),
(44, 'Prof. Oral Fadel Sr.', 'cbauch@yahoo.com', '$2y$10$2k6vrmkySuuE0kAKPSCJWukpW9LjEcNMcm7WiIvw4XPJ0P03tTQwS', NULL, NULL, NULL, '2018-10-17 15:18:15', '2018-10-17 15:18:15'),
(45, 'Ibrahim Walker', 'mellie87@abshire.org', '$2y$10$kcbroPHrEDFWcCgGbNP5MeyoiPH9fdlAmtmpetPblLoITFYfnQuqq', NULL, NULL, NULL, '2018-10-17 15:18:15', '2018-10-17 15:18:15'),
(46, 'Dr. Dale Bergstrom', 'turner.cynthia@gmail.com', '$2y$10$xOIBDetWPJmW98.ZJcCm0OKN6Phm6BT/MtrtjQV6p98b2kcTcgJuW', NULL, NULL, NULL, '2018-10-17 15:18:15', '2018-10-17 15:18:15'),
(47, 'Alice Friesen', 'wisoky.jamison@yahoo.com', '$2y$10$dNJ5KNdPbA9TGpuCYdFlleaAahGc4oIrxwW.6ZXkNtG0AKa3lBFm.', NULL, NULL, NULL, '2018-10-17 15:18:15', '2018-10-17 15:18:15'),
(48, 'Lelah Pfeffer', 'acrona@feil.biz', '$2y$10$z0sSZ5j2qEK0YD6agaIABORMCxLq/ghrENZMXqKbWttKZWoBY.G/6', NULL, NULL, NULL, '2018-10-17 15:18:15', '2018-10-17 15:18:15'),
(49, 'Jed Thiel', 'yhayes@hotmail.com', '$2y$10$YichVCe8B8yOJobfXm1vfuoxv7jBUpckWeIQb1LMPMR2c2DgD7PAC', NULL, NULL, NULL, '2018-10-17 15:18:15', '2018-10-17 15:18:15'),
(50, 'Annalise McCullough', 'langworth.lila@bauch.biz', '$2y$10$7zcATqBme3R64j7A35DRCehuQrgdYaPp.k/fZAdqsyOQtuLdy/Vsu', NULL, NULL, NULL, '2018-10-17 15:18:15', '2018-10-17 15:18:15'),
(51, 'Matilda Schulist', 'cemard@douglas.com', '$2y$10$A3DwynmlMJKKJAQWIJFeleG5ISusmybcC3S67EdzKimq9NYRbIEUe', NULL, NULL, NULL, '2018-10-17 15:18:15', '2018-10-17 15:18:15');

--
-- Indexes for dumped tables
--

--
-- Indexes for table `activity_log`
--
ALTER TABLE `activity_log`
  ADD PRIMARY KEY (`id`);

--
-- Indexes for table `ads`
--
ALTER TABLE `ads`
  ADD PRIMARY KEY (`id`);

--
-- Indexes for table `brands`
--
ALTER TABLE `brands`
  ADD PRIMARY KEY (`id`);

--
-- Indexes for table `brand_supplier`
--
ALTER TABLE `brand_supplier`
  ADD PRIMARY KEY (`id`);

--
-- Indexes for table `carts`
--
ALTER TABLE `carts`
  ADD PRIMARY KEY (`id`);

--
-- Indexes for table `cart_product`
--
ALTER TABLE `cart_product`
  ADD PRIMARY KEY (`id`);

--
-- Indexes for table `categories`
--
ALTER TABLE `categories`
  ADD PRIMARY KEY (`id`);

--
-- Indexes for table `companies`
--
ALTER TABLE `companies`
  ADD PRIMARY KEY (`id`);

--
-- Indexes for table `company_user`
--
ALTER TABLE `company_user`
  ADD PRIMARY KEY (`id`);

--
-- Indexes for table `invoices`
--
ALTER TABLE `invoices`
  ADD PRIMARY KEY (`id`);

--
-- Indexes for table `migrations`
--
ALTER TABLE `migrations`
  ADD PRIMARY KEY (`id`);

--
-- Indexes for table `model_has_permissions`
--
ALTER TABLE `model_has_permissions`
  ADD PRIMARY KEY (`permission_id`,`model_id`,`model_type`),
  ADD KEY `model_has_permissions_model_id_model_type_index` (`model_id`,`model_type`);

--
-- Indexes for table `model_has_roles`
--
ALTER TABLE `model_has_roles`
  ADD PRIMARY KEY (`role_id`,`model_id`,`model_type`),
  ADD KEY `model_has_roles_model_id_model_type_index` (`model_id`,`model_type`);

--
-- Indexes for table `oauth_access_tokens`
--
ALTER TABLE `oauth_access_tokens`
  ADD PRIMARY KEY (`id`),
  ADD KEY `oauth_access_tokens_user_id_index` (`user_id`);

--
-- Indexes for table `oauth_auth_codes`
--
ALTER TABLE `oauth_auth_codes`
  ADD PRIMARY KEY (`id`);

--
-- Indexes for table `oauth_clients`
--
ALTER TABLE `oauth_clients`
  ADD PRIMARY KEY (`id`),
  ADD KEY `oauth_clients_user_id_index` (`user_id`);

--
-- Indexes for table `oauth_personal_access_clients`
--
ALTER TABLE `oauth_personal_access_clients`
  ADD PRIMARY KEY (`id`),
  ADD KEY `oauth_personal_access_clients_client_id_index` (`client_id`);

--
-- Indexes for table `oauth_refresh_tokens`
--
ALTER TABLE `oauth_refresh_tokens`
  ADD PRIMARY KEY (`id`),
  ADD KEY `oauth_refresh_tokens_access_token_id_index` (`access_token_id`);

--
-- Indexes for table `orders`
--
ALTER TABLE `orders`
  ADD PRIMARY KEY (`id`);

--
-- Indexes for table `order_product`
--
ALTER TABLE `order_product`
  ADD PRIMARY KEY (`id`);

--
-- Indexes for table `outlets`
--
ALTER TABLE `outlets`
  ADD PRIMARY KEY (`id`);

--
-- Indexes for table `password_resets`
--
ALTER TABLE `password_resets`
  ADD KEY `password_resets_email_index` (`email`);

--
-- Indexes for table `permissions`
--
ALTER TABLE `permissions`
  ADD PRIMARY KEY (`id`);

--
-- Indexes for table `plans`
--
ALTER TABLE `plans`
  ADD PRIMARY KEY (`id`);

--
-- Indexes for table `products`
--
ALTER TABLE `products`
  ADD PRIMARY KEY (`id`);

--
-- Indexes for table `product_directories`
--
ALTER TABLE `product_directories`
  ADD PRIMARY KEY (`id`);

--
-- Indexes for table `roles`
--
ALTER TABLE `roles`
  ADD PRIMARY KEY (`id`);

--
-- Indexes for table `role_has_permissions`
--
ALTER TABLE `role_has_permissions`
  ADD PRIMARY KEY (`permission_id`,`role_id`),
  ADD KEY `role_has_permissions_role_id_foreign` (`role_id`);

--
-- Indexes for table `settings`
--
ALTER TABLE `settings`
  ADD PRIMARY KEY (`id`);

--
-- Indexes for table `standing_orders`
--
ALTER TABLE `standing_orders`
  ADD PRIMARY KEY (`id`);

--
-- Indexes for table `suppliers`
--
ALTER TABLE `suppliers`
  ADD PRIMARY KEY (`id`);

--
-- Indexes for table `supplier_directories`
--
ALTER TABLE `supplier_directories`
  ADD PRIMARY KEY (`id`);

--
-- Indexes for table `supplier_payment`
--
ALTER TABLE `supplier_payment`
  ADD PRIMARY KEY (`id`);

--
-- Indexes for table `users`
--
ALTER TABLE `users`
  ADD PRIMARY KEY (`id`),
  ADD UNIQUE KEY `users_email_unique` (`email`);

--
-- AUTO_INCREMENT for dumped tables
--

--
-- AUTO_INCREMENT for table `activity_log`
--
ALTER TABLE `activity_log`
  MODIFY `id` int(10) UNSIGNED NOT NULL AUTO_INCREMENT, AUTO_INCREMENT=905;

--
-- AUTO_INCREMENT for table `ads`
--
ALTER TABLE `ads`
  MODIFY `id` int(10) UNSIGNED NOT NULL AUTO_INCREMENT, AUTO_INCREMENT=51;

--
-- AUTO_INCREMENT for table `brands`
--
ALTER TABLE `brands`
  MODIFY `id` int(10) UNSIGNED NOT NULL AUTO_INCREMENT, AUTO_INCREMENT=51;

--
-- AUTO_INCREMENT for table `brand_supplier`
--
ALTER TABLE `brand_supplier`
  MODIFY `id` int(10) UNSIGNED NOT NULL AUTO_INCREMENT, AUTO_INCREMENT=51;

--
-- AUTO_INCREMENT for table `carts`
--
ALTER TABLE `carts`
  MODIFY `id` int(10) UNSIGNED NOT NULL AUTO_INCREMENT, AUTO_INCREMENT=51;

--
-- AUTO_INCREMENT for table `cart_product`
--
ALTER TABLE `cart_product`
  MODIFY `id` int(10) UNSIGNED NOT NULL AUTO_INCREMENT, AUTO_INCREMENT=51;

--
-- AUTO_INCREMENT for table `categories`
--
ALTER TABLE `categories`
  MODIFY `id` int(10) UNSIGNED NOT NULL AUTO_INCREMENT, AUTO_INCREMENT=51;

--
-- AUTO_INCREMENT for table `companies`
--
ALTER TABLE `companies`
  MODIFY `id` int(10) UNSIGNED NOT NULL AUTO_INCREMENT, AUTO_INCREMENT=51;

--
-- AUTO_INCREMENT for table `company_user`
--
ALTER TABLE `company_user`
  MODIFY `id` int(10) UNSIGNED NOT NULL AUTO_INCREMENT, AUTO_INCREMENT=51;

--
-- AUTO_INCREMENT for table `invoices`
--
ALTER TABLE `invoices`
  MODIFY `id` int(10) UNSIGNED NOT NULL AUTO_INCREMENT, AUTO_INCREMENT=51;

--
-- AUTO_INCREMENT for table `migrations`
--
ALTER TABLE `migrations`
  MODIFY `id` int(10) UNSIGNED NOT NULL AUTO_INCREMENT, AUTO_INCREMENT=30;

--
-- AUTO_INCREMENT for table `oauth_clients`
--
ALTER TABLE `oauth_clients`
  MODIFY `id` int(10) UNSIGNED NOT NULL AUTO_INCREMENT, AUTO_INCREMENT=3;

--
-- AUTO_INCREMENT for table `oauth_personal_access_clients`
--
ALTER TABLE `oauth_personal_access_clients`
  MODIFY `id` int(10) UNSIGNED NOT NULL AUTO_INCREMENT, AUTO_INCREMENT=2;

--
-- AUTO_INCREMENT for table `orders`
--
ALTER TABLE `orders`
  MODIFY `id` int(10) UNSIGNED NOT NULL AUTO_INCREMENT, AUTO_INCREMENT=51;

--
-- AUTO_INCREMENT for table `order_product`
--
ALTER TABLE `order_product`
  MODIFY `id` int(10) UNSIGNED NOT NULL AUTO_INCREMENT, AUTO_INCREMENT=51;

--
-- AUTO_INCREMENT for table `outlets`
--
ALTER TABLE `outlets`
  MODIFY `id` int(10) UNSIGNED NOT NULL AUTO_INCREMENT, AUTO_INCREMENT=51;

--
-- AUTO_INCREMENT for table `permissions`
--
ALTER TABLE `permissions`
  MODIFY `id` int(10) UNSIGNED NOT NULL AUTO_INCREMENT, AUTO_INCREMENT=6;

--
-- AUTO_INCREMENT for table `plans`
--
ALTER TABLE `plans`
  MODIFY `id` int(10) UNSIGNED NOT NULL AUTO_INCREMENT, AUTO_INCREMENT=4;

--
-- AUTO_INCREMENT for table `products`
--
ALTER TABLE `products`
  MODIFY `id` int(10) UNSIGNED NOT NULL AUTO_INCREMENT, AUTO_INCREMENT=51;

--
-- AUTO_INCREMENT for table `product_directories`
--
ALTER TABLE `product_directories`
  MODIFY `id` int(10) UNSIGNED NOT NULL AUTO_INCREMENT, AUTO_INCREMENT=51;

--
-- AUTO_INCREMENT for table `roles`
--
ALTER TABLE `roles`
  MODIFY `id` int(10) UNSIGNED NOT NULL AUTO_INCREMENT, AUTO_INCREMENT=7;

--
-- AUTO_INCREMENT for table `settings`
--
ALTER TABLE `settings`
  MODIFY `id` int(10) UNSIGNED NOT NULL AUTO_INCREMENT, AUTO_INCREMENT=51;

--
-- AUTO_INCREMENT for table `standing_orders`
--
ALTER TABLE `standing_orders`
  MODIFY `id` int(10) UNSIGNED NOT NULL AUTO_INCREMENT, AUTO_INCREMENT=51;

--
-- AUTO_INCREMENT for table `suppliers`
--
ALTER TABLE `suppliers`
  MODIFY `id` int(10) UNSIGNED NOT NULL AUTO_INCREMENT, AUTO_INCREMENT=51;

--
-- AUTO_INCREMENT for table `supplier_directories`
--
ALTER TABLE `supplier_directories`
  MODIFY `id` int(10) UNSIGNED NOT NULL AUTO_INCREMENT, AUTO_INCREMENT=51;

--
-- AUTO_INCREMENT for table `supplier_payment`
--
ALTER TABLE `supplier_payment`
  MODIFY `id` int(10) UNSIGNED NOT NULL AUTO_INCREMENT, AUTO_INCREMENT=51;

--
-- AUTO_INCREMENT for table `users`
--
ALTER TABLE `users`
  MODIFY `id` int(10) UNSIGNED NOT NULL AUTO_INCREMENT, AUTO_INCREMENT=52;

--
-- Constraints for dumped tables
--

--
-- Constraints for table `model_has_permissions`
--
ALTER TABLE `model_has_permissions`
  ADD CONSTRAINT `model_has_permissions_permission_id_foreign` FOREIGN KEY (`permission_id`) REFERENCES `permissions` (`id`) ON DELETE CASCADE;

--
-- Constraints for table `model_has_roles`
--
ALTER TABLE `model_has_roles`
  ADD CONSTRAINT `model_has_roles_role_id_foreign` FOREIGN KEY (`role_id`) REFERENCES `roles` (`id`) ON DELETE CASCADE;

--
-- Constraints for table `role_has_permissions`
--
ALTER TABLE `role_has_permissions`
  ADD CONSTRAINT `role_has_permissions_permission_id_foreign` FOREIGN KEY (`permission_id`) REFERENCES `permissions` (`id`) ON DELETE CASCADE,
  ADD CONSTRAINT `role_has_permissions_role_id_foreign` FOREIGN KEY (`role_id`) REFERENCES `roles` (`id`) ON DELETE CASCADE;
COMMIT;

/*!40101 SET CHARACTER_SET_CLIENT=@OLD_CHARACTER_SET_CLIENT */;
/*!40101 SET CHARACTER_SET_RESULTS=@OLD_CHARACTER_SET_RESULTS */;
/*!40101 SET COLLATION_CONNECTION=@OLD_COLLATION_CONNECTION */;
